{"type":"cosmos-sdk/StdTx","value":{"msg":[{"type":"cosmos-sdk/MsgCreateValidator","value":{"description":{"moniker":"NodesGuru","identity":"","website":"","security_contact":"","details":""},"commission":{"rate":"0.100000000000000000","max_rate":"0.200000000000000000","max_change_rate":"0.010000000000000000"},"min_self_delegation":"1","delegator_address":"front1gl44mys4xp4lsmwpkcp2m82a4ce3yr844shu7f","validator_address":"frontvaloper1gl44mys4xp4lsmwpkcp2m82a4ce3yr84pl9jhe","pubkey":"frontvalconspub1zcjduepq94lj3q9ej54xf84mcrfuh435rf5820vrneshc50qck72dtc0cepqxe9etp","value":{"denom":"front","amount":"1000000000000"}}}],"fee":{"amount":[],"gas":"200000"},"signatures":[{"pub_key":{"type":"tendermint/PubKeySecp256k1","value":"AhavwW1u9jcFnB/zUC2d9K2GHK5vZ3kvUWCmKXs7rcB7"},"signature":"IQ+U9iLx6QHJmsir2y/bbIKccBrOUfVu29wcghu3oYQJ9B9v6L+r4CSN7J0iT4unyhwrSdpDcfCFzUaSRaoGjA=="}],"memo":"33e7f85ece5a1f890602b119fc65f2efcdc1a92f@104.236.116.164:26656"}}
