{"type":"cosmos-sdk/StdTx","value":{"msg":[{"type":"cosmos-sdk/MsgCreateValidator","value":{"description":{"moniker":"tbxdc","identity":"","website":"","security_contact":"","details":""},"commission":{"rate":"0.100000000000000000","max_rate":"0.200000000000000000","max_change_rate":"0.010000000000000000"},"min_self_delegation":"1","delegator_address":"front1y6mrm725peqc90e2mzww9atjmw5sh7pptfs3zg","validator_address":"frontvaloper1y6mrm725peqc90e2mzww9atjmw5sh7pplxzltc","pubkey":"frontvalconspub1zcjduepqjv23qw33xlz3y9k9qysgrqthunutjyj05gk93xydl5xpacaqvujslmphsc","value":{"denom":"front","amount":"1000000000000"}}}],"fee":{"amount":[],"gas":"200000"},"signatures":[{"pub_key":{"type":"tendermint/PubKeySecp256k1","value":"AyiqZrFvTfIl8JuVxxsJl2nDTCRznsZgzC7Hf1bvHYTv"},"signature":"bAHo0iX9jBjpNALOIVHHOu6mkAPlkrYAbWquY1inpNZt5BZZ11HFifyt9wB/4PyJGQv4KZom0u3d+d2vAtW1fg=="}],"memo":"3dac649d34622a2e1e532b16b119b02d735125e5@10.0.2.15:26656"}}
