{"type":"cosmos-sdk/StdTx","value":{"msg":[{"type":"cosmos-sdk/MsgCreateValidator","value":{"description":{"moniker":"Andr2211","identity":"","website":"","security_contact":"","details":""},"commission":{"rate":"0.100000000000000000","max_rate":"0.200000000000000000","max_change_rate":"0.010000000000000000"},"min_self_delegation":"1","delegator_address":"front1uvkpd5apmt0j8p5xmedeperf5ehr0kgdkqm96r","validator_address":"frontvaloper1uvkpd5apmt0j8p5xmedeperf5ehr0kgdz0ftnn","pubkey":"frontvalconspub1zcjduepq4vy8n0uzjn6fdes2mg6ue69dm78jpdspssk37rrzdj3pnylws77qszavsc","value":{"denom":"front","amount":"1000000000000"}}}],"fee":{"amount":[],"gas":"200000"},"signatures":[{"pub_key":{"type":"tendermint/PubKeySecp256k1","value":"A+d1a+7i/S24CcC5Yc8mY6xgCXq6kpMlIhswBHRHSvCE"},"signature":"wkIbnjWa2w34Q57Abt2oQoeBnmFsFMmPqReOdz81VNIEGI1NyK6A+eWHaUpxai2etin26SibbwApA0k7VyDCgw=="}],"memo":"608fd70239bcee4aff46d3d594bbcc37739a9c35@77.120.115.146:26656"}}
