{"type":"cosmos-sdk/StdTx","value":{"msg":[{"type":"cosmos-sdk/MsgCreateValidator","value":{"description":{"moniker":"AUDI1","identity":"","website":"","security_contact":"","details":""},"commission":{"rate":"0.100000000000000000","max_rate":"0.200000000000000000","max_change_rate":"0.010000000000000000"},"min_self_delegation":"1","delegator_address":"front188dn97eaaasez237vpgw5l40g2h9s3lw6dxvfr","validator_address":"frontvaloper188dn97eaaasez237vpgw5l40g2h9s3lwwz5zqn","pubkey":"frontvalconspub1zcjduepqx77rvhrx5gflrutgx099xf3skvvc4m460r4vvq6zfaujulj3xr7q4rfmgr","value":{"denom":"front","amount":"1000000000000"}}}],"fee":{"amount":[],"gas":"200000"},"signatures":[{"pub_key":{"type":"tendermint/PubKeySecp256k1","value":"AlF7bmiuf5kN9fv9icg2b7ZNgiBQjW/Aoytnjp1EYRpi"},"signature":"biCLG55KyZpCaF+LH8vU68njo8qkvnQU2ZEu7+FiUT1UjLk9/6jzBxJFCDOaMfECFWqHqgsT6HVGQefawfUHJA=="}],"memo":"0e856b9e590bd31fbaf8698d5f75e16de0827bda@142.93.143.63:26656"}}
