{"type":"cosmos-sdk/StdTx","value":{"msg":[{"type":"cosmos-sdk/MsgCreateValidator","value":{"description":{"moniker":"fb1.secnodes.win","identity":"","website":"","security_contact":"","details":""},"commission":{"rate":"0.100000000000000000","max_rate":"0.200000000000000000","max_change_rate":"0.010000000000000000"},"min_self_delegation":"1","delegator_address":"front1q2dks7fuw7z8ap2j3c8yq3v6ekjh6u5jecehfx","validator_address":"frontvaloper1q2dks7fuw7z8ap2j3c8yq3v6ekjh6u5jdhteqk","pubkey":"frontvalconspub1zcjduepqevuy0tgujf5vhx5hrrt9duj7y4thwj235qxwc90ts7426whq90yq230wwt","value":{"denom":"front","amount":"1000000000000"}}}],"fee":{"amount":[],"gas":"200000"},"signatures":[{"pub_key":{"type":"tendermint/PubKeySecp256k1","value":"AwvcIpOdbyGkTpQxGTGoI+qr0OV+ZZKR/bCfhZ2mrr8K"},"signature":"IgLzklmq87wRM1WXNNMMR13LPSVfhJLi6/Ci112qZ7pCf/oLgCHRp3dN+2PAnx8HHHHbS+lbGluEaceP+txoyg=="}],"memo":"ba3b64d83612fdba193e3c038e4196f3e0814a49@45.144.67.136:26656"}}
