{"type":"cosmos-sdk/StdTx","value":{"msg":[{"type":"cosmos-sdk/MsgCreateValidator","value":{"description":{"moniker":"cosmostation","identity":"","website":"","security_contact":"","details":""},"commission":{"rate":"0.100000000000000000","max_rate":"0.200000000000000000","max_change_rate":"0.010000000000000000"},"min_self_delegation":"1","delegator_address":"front1x5wgh6vwye60wv3dtshs9dmqggwfx2ldqln0k9","validator_address":"frontvaloper1x5wgh6vwye60wv3dtshs9dmqggwfx2ld5sppl4","pubkey":"frontvalconspub1zcjduepqyp7p77k4wvnrdmxsaryzvafwtq05m8sgaxkzyhy3favlwg8c84csenjqqq","value":{"denom":"front","amount":"1000000000000"}}}],"fee":{"amount":[],"gas":"200000"},"signatures":[{"pub_key":{"type":"tendermint/PubKeySecp256k1","value":"AnDGSF7VFQs9VKEceS6cWhfajxh/mmv+Mbu9bCM9BDzK"},"signature":"tIwHbZVd3qyOMTX4SGWgv6IIHGpAqZv0giyMm74e4C8RX2P+htrlNZLQyf3MZm3FJcOl81QNTTOd1CETMvU+3Q=="}],"memo":"ebbddd70ba24b278c73f0b664ac04545f4e228f7@192.168.0.91:26656"}}
