{"type":"cosmos-sdk/StdTx","value":{"msg":[{"type":"cosmos-sdk/MsgCreateValidator","value":{"description":{"moniker":"Croesus","identity":"","website":"","security_contact":"","details":""},"commission":{"rate":"0.100000000000000000","max_rate":"0.200000000000000000","max_change_rate":"0.010000000000000000"},"min_self_delegation":"1","delegator_address":"front1evmk0he42quqzwpu6fksakphtd8llfllx5h0dd","validator_address":"frontvaloper1evmk0he42quqzwpu6fksakphtd8llflljm9pya","pubkey":"frontvalconspub1zcjduepq9k6fjw9m0l8d73849lhfxmts60hyy97udf80vpsjx39zssqxn9nq4gxylv","value":{"denom":"front","amount":"1000000000000"}}}],"fee":{"amount":[],"gas":"200000"},"signatures":[{"pub_key":{"type":"tendermint/PubKeySecp256k1","value":"A6QWFPMWOiK98WMeneW1Hba1g55cOoZk7GvictmiirEU"},"signature":"05i+iGH80nWn8e3CqVAeVo+a+kzv4jJ8hpZTiLgYElk8f5geEdsZ7bfDcJiQKfvZ+jlB4l/bp5doT98w3hKmdw=="}],"memo":"d2bd224ba99f44c00f49cfd4e244278bbd41f325@95.179.150.169:26656"}}
