{"type":"cosmos-sdk/StdTx","value":{"msg":[{"type":"cosmos-sdk/MsgCreateValidator","value":{"description":{"moniker":"scorpions","identity":"","website":"","security_contact":"","details":""},"commission":{"rate":"0.100000000000000000","max_rate":"0.200000000000000000","max_change_rate":"0.010000000000000000"},"min_self_delegation":"1","delegator_address":"front19wt5azmyk5w2q5hr6tzdsav49khw50jxq734lm","validator_address":"frontvaloper19wt5azmyk5w2q5hr6tzdsav49khw50jx53rmkt","pubkey":"frontvalconspub1zcjduepqm022xz5xwded7paqx7ezf92f8ae2p84wsewkg3wzdn3vhv8nyk4qvnkg6u","value":{"denom":"front","amount":"1000000000000"}}}],"fee":{"amount":[],"gas":"200000"},"signatures":[{"pub_key":{"type":"tendermint/PubKeySecp256k1","value":"AqRdER9vWjxveTqXz2Y6DuK+QQ0Wke6AvPNArPx0xhOz"},"signature":"NANrjrjOfs6wzmBLfzBPO/vyIk9EJk1QokC8B+FAzqYZPs52/9PmKxwcA9/U7Eh1AEXc3bWI8hmCp6UiiInFjA=="}],"memo":"dcec14ce3851c7832259dc0a8824fee775d6f4ea@198.58.111.14:26656"}}
