{"type":"cosmos-sdk/StdTx","value":{"msg":[{"type":"cosmos-sdk/MsgCreateValidator","value":{"description":{"moniker":"denissinner","identity":"","website":"","security_contact":"","details":""},"commission":{"rate":"0.100000000000000000","max_rate":"0.200000000000000000","max_change_rate":"0.010000000000000000"},"min_self_delegation":"1","delegator_address":"front19xj3l3shffjtuv30us3l7rad22xwagkukvrmmu","validator_address":"frontvaloper19xj3l3shffjtuv30us3l7rad22xwagkuzr34jv","pubkey":"frontvalconspub1zcjduepqlc7lv49q24fxarslc39ypx903lq7z9gz5u3sxwepelayera3l7esjz7l39","value":{"denom":"front","amount":"1000000000000"}}}],"fee":{"amount":[],"gas":"200000"},"signatures":[{"pub_key":{"type":"tendermint/PubKeySecp256k1","value":"ArTHsgPtEPxeUiTePutyZn9D7Is3+ZBVDWPJiOGcVM3z"},"signature":"J6YgkD3fy9rN/h5FJYdRPeKLQY+6cXgHTulXGTRpXQ8v1ZimLzXHzY2In7/hhfQsAiruCbs0+Gc6Z+/yb83iwg=="}],"memo":"2d5e68a6b8be14d3bea960bced4bee5cb7fb1492@157.245.69.248:26656"}}
