{"type":"cosmos-sdk/StdTx","value":{"msg":[{"type":"cosmos-sdk/MsgCreateValidator","value":{"description":{"moniker":"eviloz","identity":"","website":"","security_contact":"","details":""},"commission":{"rate":"0.100000000000000000","max_rate":"0.200000000000000000","max_change_rate":"0.010000000000000000"},"min_self_delegation":"1","delegator_address":"front1knrn6d4zw5yxk54rzvnvp5hkmz4jh6tfg2frf3","validator_address":"frontvaloper1knrn6d4zw5yxk54rzvnvp5hkmz4jh6tfu9mdqp","pubkey":"frontvalconspub1zcjduepq68z5whxqx6yq40w4ecj3nxvehl4a06ry98q7mx0q3cuqf5e4ld0sqfm38h","value":{"denom":"front","amount":"1000000000000"}}}],"fee":{"amount":[],"gas":"200000"},"signatures":[{"pub_key":{"type":"tendermint/PubKeySecp256k1","value":"A3FY8BtEXtTbjZcgbAt4s6lAUh7rU2FyV7BH8NSgjEMn"},"signature":"fN0a4BYIM6gcSuOnIOkub2V0Eg5t9LRlooXugYAt8B97uclo11J3S50VqoBCcmbyakknZ2QZgM1w6eXM7xv7fg=="}],"memo":"5e9a46d5f3069a72edb99da0da1489322a899757@185.250.149.132:26656"}}
