{"type":"cosmos-sdk/StdTx","value":{"msg":[{"type":"cosmos-sdk/MsgCreateValidator","value":{"description":{"moniker":"f-for-freedom","identity":"","website":"","security_contact":"","details":""},"commission":{"rate":"0.100000000000000000","max_rate":"0.200000000000000000","max_change_rate":"0.010000000000000000"},"min_self_delegation":"1","delegator_address":"front17pztpqgwap8eepjg7r4swga6kdl572zggqremq","validator_address":"frontvaloper17pztpqgwap8eepjg7r4swga6kdl572zgu03hjs","pubkey":"frontvalconspub1zcjduepqhs8ashc80yhpc55czxk49gg7m2x4sj2czdzkxk8hgwavyk2n3pksc5u0j0","value":{"denom":"front","amount":"1000000000000"}}}],"fee":{"amount":[],"gas":"200000"},"signatures":[{"pub_key":{"type":"tendermint/PubKeySecp256k1","value":"AoLX9pBO4MIn8+VP/RC93S7gNX9fYp/xxgFbZu+8VTGs"},"signature":"czZFZFzYBbg7CD0SpcWVc9TNKYLknQj1Hayt3jFXb5kCvWkstE+cVoWvb7jRj8HFntM6S9c+hAgxw5Q0G00Yfw=="}],"memo":"78fcdc5ccb260ddb22dea440c8b657e8fb28253c@192.168.0.148:26656"}}
