{"type":"cosmos-sdk/StdTx","value":{"msg":[{"type":"cosmos-sdk/MsgCreateValidator","value":{"description":{"moniker":"front-echo","identity":"","website":"","security_contact":"","details":""},"commission":{"rate":"0.100000000000000000","max_rate":"0.200000000000000000","max_change_rate":"0.010000000000000000"},"min_self_delegation":"1","delegator_address":"front1ajdgh5snp09z9gpfm5jtdzth93mlxht7y02emn","validator_address":"frontvaloper1ajdgh5snp09z9gpfm5jtdzth93mlxht7sqchjr","pubkey":"frontvalconspub1zcjduepqd94rw6rlu7mue849uhs2v9gannreth5szfv0u7n5uqr587lrs9qs37294u","value":{"denom":"front","amount":"1000000000000"}}}],"fee":{"amount":[],"gas":"200000"},"signatures":[{"pub_key":{"type":"tendermint/PubKeySecp256k1","value":"AixMiHLjtYGnUz50ycVo17TiahBbuzUcBU/ThpE/c+rs"},"signature":"/qe/XUNTgXpGaGN0jmgseK38vueUozsEAH4K2psklxZPTK7fSYMPNxPeQ9HJwmAuueqtuCOmpcgwZny9Z0uYTg=="}],"memo":"7308dfcf1a12b31b2b3292b1bdcb113c480ea6c5@134.209.195.194:26656"}}
