{"type":"cosmos-sdk/StdTx","value":{"msg":[{"type":"cosmos-sdk/MsgCreateValidator","value":{"description":{"moniker":"apeminatory","identity":"","website":"","security_contact":"","details":""},"commission":{"rate":"0.100000000000000000","max_rate":"0.200000000000000000","max_change_rate":"0.010000000000000000"},"min_self_delegation":"1","delegator_address":"front1crlem27y0pm73t3h67ty9xnhfuk04k2qz2ck0r","validator_address":"frontvaloper1crlem27y0pm73t3h67ty9xnhfuk04k2qk92cxn","pubkey":"frontvalconspub1zcjduepqz47wg07f64agyryv60ntq2dyqzfe6qdapqfunxwk90uv40y2dmysy9phqv","value":{"denom":"front","amount":"1000000000000"}}}],"fee":{"amount":[],"gas":"200000"},"signatures":[{"pub_key":{"type":"tendermint/PubKeySecp256k1","value":"A9S4RxyqJpiXfUmDd2QvcZTKuD7NxtXCkBmx0y2S0NHz"},"signature":"wxbKPXdLMqKjPDRrGIlIBXErMqewG933KEj7wlcqtbdUmKSBeqFPDeyzQFg0Fo8A0aiP8u3gUEPn6+NbktzUdw=="}],"memo":"5ec21466cc721d54d90979275f66b50494e43bab@188.166.92.128:26656"}}
