{"type":"cosmos-sdk/StdTx","value":{"msg":[{"type":"cosmos-sdk/MsgCreateValidator","value":{"description":{"moniker":"deridar","identity":"","website":"","security_contact":"","details":""},"commission":{"rate":"0.100000000000000000","max_rate":"0.200000000000000000","max_change_rate":"0.010000000000000000"},"min_self_delegation":"1","delegator_address":"front17erxxh6mzd6wkdpugjnytdqg5kseauddysufl9","validator_address":"frontvaloper17erxxh6mzd6wkdpugjnytdqg5kseauddslw8k4","pubkey":"frontvalconspub1zcjduepqz2x3t7r9m9wawdf3pw6prxe58lnrr5gjgfh2035khgeurcuzeqnq8gvzg2","value":{"denom":"front","amount":"1000000000000"}}}],"fee":{"amount":[],"gas":"200000"},"signatures":[{"pub_key":{"type":"tendermint/PubKeySecp256k1","value":"ApQ4ALIJdmDtGlaxg8LH2byaVudQ3fHmNB7jHf19fTaC"},"signature":"KsdWr+sYg+aTiFYsjmSeQIxYJSJibY8W7R2KNOF0jpFbG70D08eVah0cY2v/kkwF+JX0fSZVMHbHmzsbBE+PbA=="}],"memo":"2ad6ca1d850b4acb58d0f037ceea7ee2cf4e4e2b@161.97.89.251:26656"}}
