{"type":"cosmos-sdk/StdTx","value":{"msg":[{"type":"cosmos-sdk/MsgCreateValidator","value":{"description":{"moniker":"my_node","identity":"","website":"","security_contact":"","details":""},"commission":{"rate":"0.100000000000000000","max_rate":"0.200000000000000000","max_change_rate":"0.010000000000000000"},"min_self_delegation":"1","delegator_address":"front1uqymqhq4juhr54nanrgl2t6ujppyhxyshunpfd","validator_address":"frontvaloper1uqymqhq4juhr54nanrgl2t6ujppyhxysrnp0qa","pubkey":"frontvalconspub1zcjduepq8clj39emyjttjau2nq335nh37jk68dtj6x7jusjan9k3xlw8l58qa790hl","value":{"denom":"front","amount":"1000000000000"}}}],"fee":{"amount":[],"gas":"200000"},"signatures":[{"pub_key":{"type":"tendermint/PubKeySecp256k1","value":"AuxmsPHxrWoaKyNlZ/4b4PjdQ7bGpB/lUT4+uCitrQ4e"},"signature":"lg58zguCxG5o3M4tzHqRD0WKtoTAtktOfZ8TFGTosXESsLsgKQmuUN8rIUqJMlA9DYzs3Qf13jMJOIv6lBVs3g=="}],"memo":"15c6a7299bb494e3e52c221ac4f7c94dc85ddb08@149.28.78.110:26656"}}
