{"type":"cosmos-sdk/StdTx","value":{"msg":[{"type":"cosmos-sdk/MsgCreateValidator","value":{"description":{"moniker":"ArtemX","identity":"","website":"","security_contact":"","details":""},"commission":{"rate":"0.100000000000000000","max_rate":"0.200000000000000000","max_change_rate":"0.010000000000000000"},"min_self_delegation":"1","delegator_address":"front10lvmq5dd65w9x63n9mgjwguluscqtsy7992gp5","validator_address":"frontvaloper10lvmq5dd65w9x63n9mgjwguluscqtsy732cxgy","pubkey":"frontvalconspub1zcjduepqf5sqx8v8czefn6afmv274h3a42j9kh5tgjca2qqshv7yt8tks6wqsz8eat","value":{"denom":"front","amount":"1000000000000"}}}],"fee":{"amount":[],"gas":"200000"},"signatures":[{"pub_key":{"type":"tendermint/PubKeySecp256k1","value":"A624AqlnEgujfvqdkSpgZ4JxngKRRKKbN+cOp9RotI85"},"signature":"rHmr/ZEJsIGiQwz0o95kJBCYmL522xvH3UI1u5s++BU5FrgbW9Dt3BdTEDbnPXgDoA6TdH36IFymw4c+NadU8w=="}],"memo":"2194ca9927fc824d4e532aee96a91066df6d38f5@159.203.163.213:26656"}}
