{"type":"cosmos-sdk/StdTx","value":{"msg":[{"type":"cosmos-sdk/MsgCreateValidator","value":{"description":{"moniker":"sergeyozerov","identity":"","website":"","security_contact":"","details":""},"commission":{"rate":"0.100000000000000000","max_rate":"0.200000000000000000","max_change_rate":"0.010000000000000000"},"min_self_delegation":"1","delegator_address":"front1dt3rvr0h7wq5j7uc423ua8dxefpslpzkqagaax","validator_address":"frontvaloper1dt3rvr0h7wq5j7uc423ua8dxefpslpzk5j6n5k","pubkey":"frontvalconspub1zcjduepqaqzk57zpsk0qr42aw24qpgddp70jxyeftjvs6acgs5492v3h8avsxg9c44","value":{"denom":"front","amount":"1000000000000"}}}],"fee":{"amount":[],"gas":"200000"},"signatures":[{"pub_key":{"type":"tendermint/PubKeySecp256k1","value":"AuG2iHg9DfNQizNOFL7Jlrm27vjWI10rgO+SRObFmGEg"},"signature":"T5MTzoQmEp7Z2xj5GuB0QqxPlHM3bhNC9YAizyPNnJNeNAwRGRDAQC66MaAl7vuC52m519KkSXHHp1PNDMejgA=="}],"memo":"1b17d7f5d85bfb40f0b0ca89a074dece9615536a@104.236.205.86:26656"}}
