{"type":"cosmos-sdk/StdTx","value":{"msg":[{"type":"cosmos-sdk/MsgCreateValidator","value":{"description":{"moniker":"3Tekos","identity":"","website":"","security_contact":"","details":""},"commission":{"rate":"0.100000000000000000","max_rate":"0.200000000000000000","max_change_rate":"0.010000000000000000"},"min_self_delegation":"1","delegator_address":"front18yps9pawdpjde2j4qzcy9lkw7znz5wqazdsm57","validator_address":"frontvaloper18yps9pawdpjde2j4qzcy9lkw7znz5wqakzz4aw","pubkey":"frontvalconspub1zcjduepqctc94wf9zfhckwx5qvdet2yta8acgx8fn76ykc9hllamxgjm47psgy3rhq","value":{"denom":"front","amount":"1000000000000"}}}],"fee":{"amount":[],"gas":"200000"},"signatures":[{"pub_key":{"type":"tendermint/PubKeySecp256k1","value":"A/36dZ8HK3OpIvzgzEk8zFINdttMPBTTurhRWRQdC+WI"},"signature":"+7TtJcrJxzNcTFIvuXgwSrSR94bLxkTsd5HGHdeRhJtgZrwZHghHj8zSmmuF1SYukwcowaM1kCIZYyIBpRN6Qw=="}],"memo":"cf10a68a4a8adb2c4427a69ff8b1969678059a12@192.168.1.149:26656"}}
