{"type":"cosmos-sdk/StdTx","value":{"msg":[{"type":"cosmos-sdk/MsgCreateValidator","value":{"description":{"moniker":"my_node","identity":"","website":"","security_contact":"","details":""},"commission":{"rate":"0.100000000000000000","max_rate":"0.200000000000000000","max_change_rate":"0.010000000000000000"},"min_self_delegation":"1","delegator_address":"front13teh955c09ukhrtsp4jh4yltpckj5jgpe86pe0","validator_address":"frontvaloper13teh955c09ukhrtsp4jh4yltpckj5jgpdgg0sl","pubkey":"frontvalconspub1zcjduepqg3e9lrcqs90g9exwcpy8ejjstyepk4402p43978w2y0weyggerdqrvux5d","value":{"denom":"front","amount":"1000000000000"}}}],"fee":{"amount":[],"gas":"200000"},"signatures":[{"pub_key":{"type":"tendermint/PubKeySecp256k1","value":"AqEohd1K6BpvISv+6lT59xHQMb5K1X0NSJrjinj6gj5/"},"signature":"8KrqaMdC5AF0P5tbOZF685PkVz7i2EKUS1iZuYcJ2YVzq4YAzJfCMzElPR3ycKtE68ZBoAp2C4Zb0uldsuc71A=="}],"memo":"373fc72b56c1b5c0675de0693def471f36af6a8c@10.1.0.4:26656"}}
