{"type":"cosmos-sdk/StdTx","value":{"msg":[{"type":"cosmos-sdk/MsgCreateValidator","value":{"description":{"moniker":"NodesGuruVadim2","identity":"","website":"","security_contact":"","details":""},"commission":{"rate":"0.100000000000000000","max_rate":"0.200000000000000000","max_change_rate":"0.010000000000000000"},"min_self_delegation":"1","delegator_address":"front19x568ajgeqha5efc97l99tz7n2dl4wy98skesu","validator_address":"frontvaloper19x568ajgeqha5efc97l99tz7n2dl4wy9nlyhev","pubkey":"frontvalconspub1zcjduepqkrt2ymjq7xl2z4qd8qa4dwlfgrtpvsqnce9c8mae8ns07xakxh6qf4qvef","value":{"denom":"front","amount":"1000000000000"}}}],"fee":{"amount":[],"gas":"200000"},"signatures":[{"pub_key":{"type":"tendermint/PubKeySecp256k1","value":"Az+XIWRbigNolDvZg9S6fZ73zlq6P8R9JyE8oArJqRBr"},"signature":"GZA0ZpeRIIB1emYpJ7ZRTy9klDxtY34qk13uD/3S7vB0vQHkqbUbtDDQ6Qt3uoboT9FGo5sk9BXw/D4ZB/4Usg=="}],"memo":"44e753082b6babd8fc6df5c26fb09e9d6a5f54fe@134.209.226.176:26656"}}
