{"type":"cosmos-sdk/StdTx","value":{"msg":[{"type":"cosmos-sdk/MsgCreateValidator","value":{"description":{"moniker":"my_node","identity":"","website":"","security_contact":"","details":""},"commission":{"rate":"0.100000000000000000","max_rate":"0.200000000000000000","max_change_rate":"0.010000000000000000"},"min_self_delegation":"1","delegator_address":"front1djs3cn48ee68weg5dntrvc2h56luyxgedfgfaq","validator_address":"frontvaloper1djs3cn48ee68weg5dntrvc2h56luyxgeex685s","pubkey":"frontvalconspub1zcjduepquj8mdncuetfcaysf4yhvyhg88z25dg545ahzfv4h4rfca4pu3q5q4lnr7n","value":{"denom":"front","amount":"1000000000000"}}}],"fee":{"amount":[],"gas":"200000"},"signatures":[{"pub_key":{"type":"tendermint/PubKeySecp256k1","value":"A2oWtS/hoCyfuy3A2UkxWYHMwC6Am+k2SkDb9ZFWR3/E"},"signature":"CA7oqo6xyM71vgFjk7GNlI2U6UINuMhUnDzyAEn3mD8TtgYYP53ZrP61yQqFKO1RQaHX3e7xR9EhmiuqE9hwoA=="}],"memo":"0c3e7b47a82ec015010f7f9380331995e7a6983d@192.168.230.128:26656"}}
