{"type":"cosmos-sdk/StdTx","value":{"msg":[{"type":"cosmos-sdk/MsgCreateValidator","value":{"description":{"moniker":"cryptonew1","identity":"","website":"","security_contact":"","details":""},"commission":{"rate":"0.100000000000000000","max_rate":"0.200000000000000000","max_change_rate":"0.010000000000000000"},"min_self_delegation":"1","delegator_address":"front1ccxugd2x27hxy5aswz63jhlgklmmj3h7qfpf8z","validator_address":"frontvaloper1ccxugd2x27hxy5aswz63jhlgklmmj3h75xn8wj","pubkey":"frontvalconspub1zcjduepqklyz8u285mk0mvadrj0jzgj2h42xmtujvg63w9flq7eql9wqj4xsk9hv29","value":{"denom":"front","amount":"1000000000000"}}}],"fee":{"amount":[],"gas":"200000"},"signatures":[{"pub_key":{"type":"tendermint/PubKeySecp256k1","value":"Aw5+QDXZGHCPHzrHDruwncZspGCieXHP1s4TrgLCR3s7"},"signature":"lxNYOMeJbujRTVRZn6Enfw4Eqtr0YJEwSrvtr57ERuFsnszG7+HBSi7b2lbWoa+Iz0slEdhdPwDjKvyOLOCgSA=="}],"memo":"3be2106986797d8f2137beddccac8272f0b8e375@10.128.0.5:26656"}}
