{"type":"cosmos-sdk/StdTx","value":{"msg":[{"type":"cosmos-sdk/MsgCreateValidator","value":{"description":{"moniker":"NodesDave-e","identity":"","website":"","security_contact":"","details":""},"commission":{"rate":"0.100000000000000000","max_rate":"0.200000000000000000","max_change_rate":"0.010000000000000000"},"min_self_delegation":"1","delegator_address":"front1agsr5xfz4h4344an5r7328cunal70gw34wtn00","validator_address":"frontvaloper1agsr5xfz4h4344an5r7328cunal70gw3ppeaxl","pubkey":"frontvalconspub1zcjduepqqkmxd7xqcafdprxmuzcych74cg0tqf3pflwaprvu2093x34jqc9qhxf36v","value":{"denom":"front","amount":"1000000000000"}}}],"fee":{"amount":[],"gas":"200000"},"signatures":[{"pub_key":{"type":"tendermint/PubKeySecp256k1","value":"AhGdfKD1pNJt21+pyAdiMmNhMOvY8OWf9ov5qcYw+kXO"},"signature":"5hsBU08iY9wML5t4JWGoI9GQ+zJPG/OL39hYnREu0z1T0tWijeEW5/eVMeloebm4HtcwtvFXJCuCcIpJtG6ecA=="}],"memo":"5182dace0b347a92d5417dc0fc9b5c8cd848c615@65.21.59.189:26656"}}
