{"type":"cosmos-sdk/StdTx","value":{"msg":[{"type":"cosmos-sdk/MsgCreateValidator","value":{"description":{"moniker":"ivan13","identity":"","website":"","security_contact":"","details":""},"commission":{"rate":"0.100000000000000000","max_rate":"0.200000000000000000","max_change_rate":"0.010000000000000000"},"min_self_delegation":"1","delegator_address":"front1xe9urnfvm0pf9fkndmmemrevf7xt6fyp0y6lqn","validator_address":"frontvaloper1xe9urnfvm0pf9fkndmmemrevf7xt6fypmtg3fr","pubkey":"frontvalconspub1zcjduepqkt4v3awgmawsh9cuuht6jdtp0x79607d48ntnfk6ny3nh7m6smfs2wfwjw","value":{"denom":"front","amount":"1000000000000"}}}],"fee":{"amount":[],"gas":"200000"},"signatures":[{"pub_key":{"type":"tendermint/PubKeySecp256k1","value":"A0aB7ixJw9WfSLzHWEgBtO+51kJmaTi2OT4XyXxWyuBl"},"signature":"r/GnfK/2/x0jPVOQZ4U+owRGfxGC4YLfcqAorqJjQxJnDTY5GGwquSdWcxYmWJXv20cJ5suuzI+yJZwN9wemYA=="}],"memo":"497fbb45052b28a9d43b0fdaf146ce069f6f0e40@185.197.74.148:26656"}}
