{"type":"cosmos-sdk/StdTx","value":{"msg":[{"type":"cosmos-sdk/MsgCreateValidator","value":{"description":{"moniker":"my_node","identity":"","website":"","security_contact":"","details":""},"commission":{"rate":"0.100000000000000000","max_rate":"0.200000000000000000","max_change_rate":"0.010000000000000000"},"min_self_delegation":"1","delegator_address":"front1vvwmqz4v0dcwh37gefgfyzr2y99adag9y533ja","validator_address":"frontvaloper1vvwmqz4v0dcwh37gefgfyzr2y99adag9smrlmd","pubkey":"frontvalconspub1zcjduepqxlzvrrn38zzvf95cenlqcgjwpdd9ya9rra3can7y9l7gqtlfrs0qrd2sps","value":{"denom":"front","amount":"1000000000000"}}}],"fee":{"amount":[],"gas":"200000"},"signatures":[{"pub_key":{"type":"tendermint/PubKeySecp256k1","value":"AidNKm35hGJx5kyyE58eO2bw8K00Vxp08QSK6JjUYib/"},"signature":"MXE1G1zXvtXdM55WvqMgb1e3RZ2Zxa6flno1Ga5L35kUI0QLsyKuj1ovDxXXRVXSnZj5Op6gsnW7DOp8dyBrbw=="}],"memo":"4f4c9b1161313e925459c9bb08d59f5ac1532089@138.197.104.43:26656"}}
