{"type":"cosmos-sdk/StdTx","value":{"msg":[{"type":"cosmos-sdk/MsgCreateValidator","value":{"description":{"moniker":"IvantnnovNodeTo","identity":"","website":"","security_contact":"","details":""},"commission":{"rate":"0.100000000000000000","max_rate":"0.200000000000000000","max_change_rate":"0.010000000000000000"},"min_self_delegation":"1","delegator_address":"front1vlafhhyxpul4xwyljjvuffxsqwav6w8pctscqs","validator_address":"frontvaloper1vlafhhyxpul4xwyljjvuffxsqwav6w8pvyzkfq","pubkey":"frontvalconspub1zcjduepq8ugqxysev67gukf5latn4nvyz0v3fqxydzy7h4t6cwydkvp6zjcsupx7zh","value":{"denom":"front","amount":"1000000000000"}}}],"fee":{"amount":[],"gas":"200000"},"signatures":[{"pub_key":{"type":"tendermint/PubKeySecp256k1","value":"Ap+uxQEef3lItlIc/C2YjcQ9QNz2MzaH5pQtHIkfyebE"},"signature":"f0PtsJUgixIUkltUeKo9yWRCIlKJWcDjpUEbC6IBsmgfzr3XP4pXiwe7wX9NTPfNUa8eq3Q3wIvXTxBvuS5Ldw=="}],"memo":"5101c1d42d5c833380b0e39cc698874e4efeb680@194.87.235.75:26656"}}
