{"type":"cosmos-sdk/StdTx","value":{"msg":[{"type":"cosmos-sdk/MsgCreateValidator","value":{"description":{"moniker":"alkadeta","identity":"","website":"","security_contact":"","details":""},"commission":{"rate":"0.100000000000000000","max_rate":"0.200000000000000000","max_change_rate":"0.010000000000000000"},"min_self_delegation":"1","delegator_address":"front1vq0a3z3yc2jyqhxjkgsswa9dynpj9rczgnpv2l","validator_address":"frontvaloper1vq0a3z3yc2jyqhxjkgsswa9dynpj9rczuunzr0","pubkey":"frontvalconspub1zcjduepqwuzhn3j2eff0495rwhna5m56a4hj7cvrt0qymymd52d5g30mma3sqf2uns","value":{"denom":"front","amount":"1000000000000"}}}],"fee":{"amount":[],"gas":"200000"},"signatures":[{"pub_key":{"type":"tendermint/PubKeySecp256k1","value":"AxxczN3fU0ZYI9hlGnOKrLGmy8n7lxfpGPvpKXdWdN5K"},"signature":"f1YAjw+VzBuoJQLx3hpgwD22/R1szTgIdm2titAKduZN9fkCAfLEW8qpVPWG9ueMx8gN3mLlfhXX422ju/iZUA=="}],"memo":"1e8b41b34612bbfbdf39d924034f4a95b2505919@10.142.0.4:26656"}}
