  {"type":"cosmos-sdk/StdTx","value":{"msg":[{"type":"cosmos-sdk/MsgCreateValidator","value":{"description":{"moniker":"my_node","identity":"","website":"","security_contact":"","details":""},"commission":{"rate":"0.100000000000000000","max_rate":"0.200000000000000000","max_change_rate":"0.010000000000000000"},"min_self_delegation":"1","delegator_address":"front1zuk5da4ax25nj9a2mv3uamd62cry3ynl2mmrmj","validator_address":"frontvaloper1zuk5da4ax25nj9a2mv3uamd62cry3ynl75fdjz","pubkey":"frontvalconspub1zcjduepqwpnmevq5r8vg8z3zj37s99a23wru39hh7scrq2vhd6l6ywca7sqsuq3tlm","value":{"denom":"front","amount":"1000000000000"}}}],"fee":{"amount":[],"gas":"200000"},"signatures":[{"pub_key":{"type":"tendermint/PubKeySecp256k1","value":"A/ZgTUHQjaGE/GmPpk2ZNTXY5yW63y9nBfL9pgVwVY9/"},"signature":"siESU8gJ94IZYKcMep47rdjj7mEdhuBkQGKcIIWLI6Z4B08FiRUETTydZm/G1fU3ezb6wvXfFlvD/PTsgGLGWQ=="}],"memo":"1948b8fd387754c2d78a5c377fbb2988ae7ce202@172.17.0.11:26656"}}
