{"type":"cosmos-sdk/StdTx","value":{"msg":[{"type":"cosmos-sdk/MsgCreateValidator","value":{"description":{"moniker":"my_node","identity":"","website":"","security_contact":"","details":""},"commission":{"rate":"0.100000000000000000","max_rate":"0.200000000000000000","max_change_rate":"0.010000000000000000"},"min_self_delegation":"1","delegator_address":"front1xl6nl4hu6na9w9a67d4tjzd8mplp3wwd8aj60n","validator_address":"frontvaloper1xl6nl4hu6na9w9a67d4tjzd8mplp3wwdnjq5xr","pubkey":"frontvalconspub1zcjduepq0v870plmn2hd7aqjjks495xcfnt6r02wut54uprzhtdnqzuy7lhsql6jjw","value":{"denom":"front","amount":"1000000000000"}}}],"fee":{"amount":[],"gas":"200000"},"signatures":[{"pub_key":{"type":"tendermint/PubKeySecp256k1","value":"AgHe0hKBxo/Irw0z3I49mjYOchVZI2dqZrZTqvJDEqc/"},"signature":"XDzQFURAqIpNjj0YQZuZjVvyZ12qjjd3pCfMkd1oZ/tgTyJMN+vsrr0RP3Ec103p90anLdEsebZRX0m/IBx5Xg=="}],"memo":"0d869fd47ef88a93526d554b7a5ef4e7f5181304@10.128.0.3:26656"}}
