{"type":"cosmos-sdk/StdTx","value":{"msg":[{"type":"cosmos-sdk/MsgCreateValidator","value":{"description":{"moniker":"mercy","identity":"","website":"","security_contact":"","details":""},"commission":{"rate":"0.100000000000000000","max_rate":"0.200000000000000000","max_change_rate":"0.010000000000000000"},"min_self_delegation":"1","delegator_address":"front182e5ceftct2409eddgm32vs0snexj4dlwhqgp6","validator_address":"frontvaloper182e5ceftct2409eddgm32vs0snexj4dl6cjxg2","pubkey":"frontvalconspub1zcjduepqjvgrnv7fqzlexxks8a3rry354528xggt3caqdjqu4psg23hk7d2qdc4ryv","value":{"denom":"front","amount":"1000000000000"}}}],"fee":{"amount":[],"gas":"200000"},"signatures":[{"pub_key":{"type":"tendermint/PubKeySecp256k1","value":"AwLwlkoR/JMhzARlQM8KxyY5CpCTUF4nQH+2LqUJ5Ky5"},"signature":"yEYsPXT+gjDklgWsVfPjJtUWHZE5FFUVynSQaA/RbEYzAORD1oejoQKLBH1vpxGhmGe+Awr3Rn3WdZisVgT2bA=="}],"memo":"1568fa8ab97b58c5d664874d1f34ed59ceb6373d@164.68.116.250:26656"}}
