{"type":"cosmos-sdk/StdTx","value":{"msg":[{"type":"cosmos-sdk/MsgCreateValidator","value":{"description":{"moniker":"aegypti","identity":"","website":"","security_contact":"","details":""},"commission":{"rate":"0.100000000000000000","max_rate":"0.200000000000000000","max_change_rate":"0.010000000000000000"},"min_self_delegation":"1","delegator_address":"front1nkw5rv6mzett2c5yxeqjts85aequh7c7ze22nr","validator_address":"frontvaloper1nkw5rv6mzett2c5yxeqjts85aequh7c7kkcy6n","pubkey":"frontvalconspub1zcjduepqt2pajdfq26z9dcqv2pkfvthkyr7g80jjn360ha3lkz3390n26pfs4w9nvv","value":{"denom":"front","amount":"1000000000000"}}}],"fee":{"amount":[],"gas":"200000"},"signatures":[{"pub_key":{"type":"tendermint/PubKeySecp256k1","value":"ApZthebUUJZTy9l5VHgliwicmf0YC5U1hpZucMMJ+boT"},"signature":"tf/9v4S2zCSgdJXfHnFSgy/1SF0YKw5fUpddJz8PlF5hCC2GfH/lOTcP3+2fKcMHCqOJUyXgkf+oVvhPaT/kLg=="}],"memo":"10ee60020e53bd86aeaf6658a84f9f457395b98a@10.168.5.190:26656"}}
