{"type":"cosmos-sdk/StdTx","value":{"msg":[{"type":"cosmos-sdk/MsgCreateValidator","value":{"description":{"moniker":"grimsvit","identity":"","website":"","security_contact":"","details":""},"commission":{"rate":"0.100000000000000000","max_rate":"0.200000000000000000","max_change_rate":"0.010000000000000000"},"min_self_delegation":"1","delegator_address":"front168h9xk956xlchah87ec34w9ccw5cgdggasrnea","validator_address":"frontvaloper168h9xk956xlchah87ec34w9ccw5cgdggfl3asd","pubkey":"frontvalconspub1zcjduepqmutt7wcqrk5n0j2q3f79uhz6wpxfwx42ra7lsld20th7dqxhjf8qr60t7n","value":{"denom":"front","amount":"1000000000000"}}}],"fee":{"amount":[],"gas":"200000"},"signatures":[{"pub_key":{"type":"tendermint/PubKeySecp256k1","value":"A9/Dc2XIQs2vXc2BnSJwTTa5kuSlPUT1mgzYXR5yrJ72"},"signature":"MGCTUV/6yM43o25bGTPPBP4jkKot086ljeQNWWveRIBbQQ3ujO5zY0ABUNrNbWX0D4Ki8LSA7e391ZMoxt+sXQ=="}],"memo":"365effdd7c57c836d9761dc5633e433859803cae@167.172.186.21:26656"}}
