{"type":"cosmos-sdk/StdTx","value":{"msg":[{"type":"cosmos-sdk/MsgCreateValidator","value":{"description":{"moniker":"frontnode21","identity":"","website":"","security_contact":"","details":""},"commission":{"rate":"0.100000000000000000","max_rate":"0.200000000000000000","max_change_rate":"0.010000000000000000"},"min_self_delegation":"1","delegator_address":"front1hj4rz5e59lyxug79aurv4k8wqrufumhnq85g4n","validator_address":"frontvaloper1hj4rz5e59lyxug79aurv4k8wqrufumhn5gxxur","pubkey":"frontvalconspub1zcjduepqfyz3kpn5e6n63d8puhw3f4x9570gpjy36s87a54ncn3x8d9lrwcsgx65qv","value":{"denom":"front","amount":"1000000000000"}}}],"fee":{"amount":[],"gas":"200000"},"signatures":[{"pub_key":{"type":"tendermint/PubKeySecp256k1","value":"AxDhB2JTlRBO6b3Cdajs6w3oGM6Q89tjHGdRRSYvJY9x"},"signature":"vYR7+Wbsr9x7ZDQ1uIxO623bQgvRN2RRc5i/mNjH9wZmlzfOsKxJtZScPGLji+VQ4zxETR00IGF58ruVZWgJKQ=="}],"memo":"505eb0c0cd6f978890f3f7526b3038769aeb004d@109.234.34.99:26656"}}
