{"type":"cosmos-sdk/StdTx","value":{"msg":[{"type":"cosmos-sdk/MsgCreateValidator","value":{"description":{"moniker":"nik123321","identity":"","website":"","security_contact":"","details":""},"commission":{"rate":"0.100000000000000000","max_rate":"0.200000000000000000","max_change_rate":"0.010000000000000000"},"min_self_delegation":"1","delegator_address":"front1y43794t4cfh046jj7nmfhmhsx3vxp5wyxzpnkq","validator_address":"frontvaloper1y43794t4cfh046jj7nmfhmhsx3vxp5wyjdnals","pubkey":"frontvalconspub1zcjduepqj2gn0t8lss29duhfkwvp73dn44yudzgx8svsycne9qqzakec46nsxctukt","value":{"denom":"front","amount":"1000000000000"}}}],"fee":{"amount":[],"gas":"200000"},"signatures":[{"pub_key":{"type":"tendermint/PubKeySecp256k1","value":"AlMbXkI4MaEiEN0bH3sCVc69Pq1MC+bvBdWCB/VB8NcA"},"signature":"lhtDFJ9YXaun5XYT9wZZfjPI45SVunOdx1ck62G6XU9Cf4oD7Wy+mNLHBq1zq4I8uFoE9LoUgvS0DXC7wztVVA=="}],"memo":"3244912dddc3bb78b1aa1752bbb9a3313968539f@185.230.143.106:26656"}}
