{"type":"cosmos-sdk/StdTx","value":{"msg":[{"type":"cosmos-sdk/MsgCreateValidator","value":{"description":{"moniker":"frontier","identity":"","website":"","security_contact":"","details":""},"commission":{"rate":"0.100000000000000000","max_rate":"0.200000000000000000","max_change_rate":"0.010000000000000000"},"min_self_delegation":"1","delegator_address":"front18ufkvcymn7zwyuuuvuehav3n68cufg97mtkhj4","validator_address":"frontvaloper18ufkvcymn7zwyuuuvuehav3n68cufg970yyem9","pubkey":"frontvalconspub1zcjduepqw7vh6wrup2jpqnhruey3knj78w5kqr54qgeznk0k0hf8s8tgwddsgemk2r","value":{"denom":"front","amount":"1000000000000"}}}],"fee":{"amount":[],"gas":"200000"},"signatures":[{"pub_key":{"type":"tendermint/PubKeySecp256k1","value":"AxzhbuVA6hz+g7tBuUqhwCci6cMzQ956p4TuIR5lRR3s"},"signature":"6mXAQ+5jiZxj63Q/eoXUrx/OSiPChEE92LzjaSuS4vBOIMOrcw6OjqWgbagrm5c5f1lAvngq/jS3fFH4fkHk7g=="}],"memo":"0b20b938215be6015469539b3b3f7c7656a431c9@192.168.150.129:26656"}}
