{"type":"cosmos-sdk/StdTx","value":{"msg":[{"type":"cosmos-sdk/MsgCreateValidator","value":{"description":{"moniker":"NodesGuru","identity":"","website":"","security_contact":"","details":""},"commission":{"rate":"0.100000000000000000","max_rate":"0.200000000000000000","max_change_rate":"0.010000000000000000"},"min_self_delegation":"1","delegator_address":"front16plvhj923tuq0t4tdkzc96mt77t43cmhxm5dhv","validator_address":"frontvaloper16plvhj923tuq0t4tdkzc96mt77t43cmhj5xr7u","pubkey":"frontvalconspub1zcjduepq983nznsh9snzqf37sha2hn544kjw2vngjq2ycz0nyvu5tem68mwqrndszp","value":{"denom":"front","amount":"1000000000000"}}}],"fee":{"amount":[],"gas":"200000"},"signatures":[{"pub_key":{"type":"tendermint/PubKeySecp256k1","value":"A2qHwcDvmwHjXTuPqxGDr1/sQ3Kn8sg3tUYGTYIfZNin"},"signature":"hLr/Uou04YDV+krvUOAY7aZym+H5mwlFwDOJ6qno6fc/UeGuLXXAOWNwsC/u7FAw35Xj8GFAptR7gXPd23MYDQ=="}],"memo":"0a59e225caa90b86f1d4e5a7b2e5d9c34ada3d3f@185.51.247.49:26656"}}
