{"type":"cosmos-sdk/StdTx","value":{"msg":[{"type":"cosmos-sdk/MsgCreateValidator","value":{"description":{"moniker":"hapshon","identity":"","website":"","security_contact":"","details":""},"commission":{"rate":"0.100000000000000000","max_rate":"0.200000000000000000","max_change_rate":"0.010000000000000000"},"min_self_delegation":"1","delegator_address":"front1cjrukzmmkkcayukecxdezf7wajk76jyldxqtn8","validator_address":"frontvaloper1cjrukzmmkkcayukecxdezf7wajk76jylefj96h","pubkey":"frontvalconspub1zcjduepq5y9nzs9rl00am0l46aegr6h7sx4jr5h096nmdgvv00pwy37s8v7qpkcyrs","value":{"denom":"front","amount":"1000000000000"}}}],"fee":{"amount":[],"gas":"200000"},"signatures":[{"pub_key":{"type":"tendermint/PubKeySecp256k1","value":"ApuwZc6sLebcelgAymMlgD0m6hjM+pi7T0JNwxc7yC41"},"signature":"g0dpX4L5TWrCO+0KpCVpNpGTUDRS0581/RIjz3p3L2gNv6ZW97G9eFRTHF08DigeA+YOHhOmcyBWM8T6gWaqMA=="}],"memo":"24972aa87779d8ae0d16401aa2c472faa21df8f2@5.9.136.108:26656"}}
