{"type":"cosmos-sdk/StdTx","value":{"msg":[{"type":"cosmos-sdk/MsgCreateValidator","value":{"description":{"moniker":"bestlet","identity":"","website":"","security_contact":"","details":""},"commission":{"rate":"0.100000000000000000","max_rate":"0.200000000000000000","max_change_rate":"0.010000000000000000"},"min_self_delegation":"1","delegator_address":"front17w6xvxn5t6lll7kr4vfp3v532czmfss2sg89nj","validator_address":"frontvaloper17w6xvxn5t6lll7kr4vfp3v532czmfss2y84t6z","pubkey":"frontvalconspub1zcjduepqg2fk3cn9tuy2v053hqgsac8u52a7kmg9lalj7n9tgern9nah5huq9hzp2n","value":{"denom":"front","amount":"1000000000000"}}}],"fee":{"amount":[],"gas":"200000"},"signatures":[{"pub_key":{"type":"tendermint/PubKeySecp256k1","value":"AtSammg34dU10vwWTcerKHffK4xwiuLwebJgm2HxTEwi"},"signature":"OQl2e3PalSjmqsLJY52PYeqrU4gwTUlCn+jkRuHPUyB4eJzvy3w+hCh+GG7f/ui1t3zlVusDApwBVxLGWd00lg=="}],"memo":"4732fafec68893705123c4704969ccf5dc9bf3db@138.201.135.79:26656"}}
