{"type":"cosmos-sdk/StdTx","value":{"msg":[{"type":"cosmos-sdk/MsgCreateValidator","value":{"description":{"moniker":"ba1zac","identity":"","website":"","security_contact":"","details":""},"commission":{"rate":"0.100000000000000000","max_rate":"0.200000000000000000","max_change_rate":"0.010000000000000000"},"min_self_delegation":"1","delegator_address":"front1mkvw08r4na22asuftr69qhpq2sy0tyzpta3rh3","validator_address":"frontvaloper1mkvw08r4na22asuftr69qhpq2sy0tyzpljrd7p","pubkey":"frontvalconspub1zcjduepqdg2glca6q6hpv920dh995yar0klctgdmw9ggpkxy46y2agqp7m6sh0x26u","value":{"denom":"front","amount":"1000000000000"}}}],"fee":{"amount":[],"gas":"200000"},"signatures":[{"pub_key":{"type":"tendermint/PubKeySecp256k1","value":"A4qmmLcPCtEdbCRgjWgY3/AgrjVgiLL6rjVMV+dCP5W3"},"signature":"tHYevmbcifJblqPPzlWooGQosnoZHaC22iGsmi9OZzxiFfag541Fgr+NnjzqNaYvadHWTiR3I/oPWFa6huGfpQ=="}],"memo":"3f7a41189b3531edca153810e5d76869267206fc@104.236.201.33:26656"}}
