{"type":"cosmos-sdk/StdTx","value":{"msg":[{"type":"cosmos-sdk/MsgCreateValidator","value":{"description":{"moniker":"frontierdim","identity":"","website":"","security_contact":"","details":""},"commission":{"rate":"0.100000000000000000","max_rate":"0.200000000000000000","max_change_rate":"0.010000000000000000"},"min_self_delegation":"1","delegator_address":"front1z2gkgepufrmr55uk79hn0dm2y2mme5za7tk5jq","validator_address":"frontvaloper1z2gkgepufrmr55uk79hn0dm2y2mme5za2yy6ms","pubkey":"frontvalconspub1zcjduepq5tckn43rcf04z0wwcxq8qmtedkr6u3h00ff3765a5m722wp096eqs2ynyp","value":{"denom":"front","amount":"1000000000000"}}}],"fee":{"amount":[],"gas":"200000"},"signatures":[{"pub_key":{"type":"tendermint/PubKeySecp256k1","value":"A96Dq4YQVcwBtc+MdNx37J4VT1WLa+mS1f4UId837wTF"},"signature":"RFgSo3VfhUksIVU9gVSJsKFPfsXbaXMcQxsGJY9eEn4bpCV01lhcVySHRWn7COeAOTUji8Dz7LJB7jHkK69Guw=="}],"memo":"4ba6e0464b1043fc84742acecbd81449f05b9d1b@217.69.15.48:26656"}}
