{"type":"cosmos-sdk/StdTx","value":{"msg":[{"type":"cosmos-sdk/MsgCreateValidator","value":{"description":{"moniker":"mrBarbados","identity":"","website":"","security_contact":"","details":""},"commission":{"rate":"0.100000000000000000","max_rate":"0.200000000000000000","max_change_rate":"0.010000000000000000"},"min_self_delegation":"1","delegator_address":"front1pyehjyadmrgm2nmtsqewtf6zgtccmc7xfr37nq","validator_address":"frontvaloper1pyehjyadmrgm2nmtsqewtf6zgtccmc7xavrs6s","pubkey":"frontvalconspub1zcjduepqce9nglzzl9wp9tycag6r7r4cw7k9ftrjpljuzsa4pahp9vng0jnq5qvxeg","value":{"denom":"front","amount":"1000000000000"}}}],"fee":{"amount":[],"gas":"200000"},"signatures":[{"pub_key":{"type":"tendermint/PubKeySecp256k1","value":"A3QsaAm0TtX/uCOzC4ZX9YFnyHH2455KFmfjmpZ5KRme"},"signature":"0QI01F1ZbyCKKUDTz/BKMFU/yTtlR6LrVOiy6w5rWv4vn1S5ai9ICshwTeElaavHazQWvp/gToCmsohZWdf26w=="}],"memo":"569374594fcbb6a14199c21df457b342efed4e6e@135.181.105.86:26656"}}
