{"type":"cosmos-sdk/StdTx","value":{"msg":[{"type":"cosmos-sdk/MsgCreateValidator","value":{"description":{"moniker":"hetfield","identity":"","website":"","security_contact":"","details":""},"commission":{"rate":"0.100000000000000000","max_rate":"0.200000000000000000","max_change_rate":"0.010000000000000000"},"min_self_delegation":"1","delegator_address":"front14gy6kc0ew3zzmmdf5q00ajj7mvguncgwfhc6as","validator_address":"frontvaloper14gy6kc0ew3zzmmdf5q00ajj7mvguncgwac255q","pubkey":"frontvalconspub1zcjduepqnh6wmwtytr3zt7am4yd89dvadz7x3lsjz6grgxqm6mu764yxpqeqgsf6xt","value":{"denom":"front","amount":"1000000000000"}}}],"fee":{"amount":[],"gas":"200000"},"signatures":[{"pub_key":{"type":"tendermint/PubKeySecp256k1","value":"AqjIrZKepg2A0FICYCH5+RQz+eChLIa5+mp0avdkSljm"},"signature":"QBcR1q9TLlaKYUz5gIiQFPjxDJHt9FRckQvSRTmII3A55H8o9NFBxpi8CQ5sLJWY4BtWI556xF7NLrvglhpafQ=="}],"memo":"1348e86da540768f58186dfe0aff922a50fbf574@185.244.180.101:26656"}}
