{"type":"cosmos-sdk/StdTx","value":{"msg":[{"type":"cosmos-sdk/MsgCreateValidator","value":{"description":{"moniker":"trigerson","identity":"","website":"","security_contact":"","details":""},"commission":{"rate":"0.100000000000000000","max_rate":"0.200000000000000000","max_change_rate":"0.010000000000000000"},"min_self_delegation":"1","delegator_address":"front1sdwk9uajfdk553473pwkgase3wle356mcdvpfu","validator_address":"frontvaloper1sdwk9uajfdk553473pwkgase3wle356mvz70qv","pubkey":"frontvalconspub1zcjduepqau06lkk8d88tls5km8c5ddw6575fxvlv6wam8aqygl2u0wfn284s98395z","value":{"denom":"front","amount":"1000000000000"}}}],"fee":{"amount":[],"gas":"200000"},"signatures":[{"pub_key":{"type":"tendermint/PubKeySecp256k1","value":"A3EW0cRkgacT9Jc39RzSnyEoD7BP9C6tPL0OLdxaZtl9"},"signature":"CFY7sUZlFzO6TaE79kgmYJFTtBiDfO3mmrhOHdi/edM+vQhqUAXdGV33Q04tlmBl/W5QWWki1FslqmO+RaW6kA=="}],"memo":"522abe06f0c8009496f1d2ea1c6b027224c97923@167.172.186.221:26656"}}
