{"type":"cosmos-sdk/StdTx","value":{"msg":[{"type":"cosmos-sdk/MsgCreateValidator","value":{"description":{"moniker":"my_node","identity":"","website":"","security_contact":"","details":""},"commission":{"rate":"0.100000000000000000","max_rate":"0.200000000000000000","max_change_rate":"0.010000000000000000"},"min_self_delegation":"1","delegator_address":"front1h8rdyktce0e8jgw2r8j6tlnvwjwwgmp6dsgjr0","validator_address":"frontvaloper1h8rdyktce0e8jgw2r8j6tlnvwjwwgmp6el6u2l","pubkey":"frontvalconspub1zcjduepqp0mkcr64uuvdyrg2wa67e5q66y3q4ck2r4qcwxas2l7uhmwz2hws2ju7qu","value":{"denom":"front","amount":"1000000000000"}}}],"fee":{"amount":[],"gas":"200000"},"signatures":[{"pub_key":{"type":"tendermint/PubKeySecp256k1","value":"Au59MLfOx8LSNEqw+jgFtIO9rmJFr8EUVdI+bmn3dF6z"},"signature":"uZzvSvFHcTJoZkm4kW7dx2LVvJ/PyL4D9vGT+XBDi0YrUChZgNhWu9lMJ6xnWtA5XrjOfBNsIQ0KWHCjNqrpVA=="}],"memo":"1bf77dfdd7da83f57de8b8a5faa4c16a2278d949@172.22.0.10:26656"}}
