{"type":"cosmos-sdk/StdTx","value":{"msg":[{"type":"cosmos-sdk/MsgCreateValidator","value":{"description":{"moniker":"NodesGuru","identity":"","website":"","security_contact":"","details":""},"commission":{"rate":"0.100000000000000000","max_rate":"0.200000000000000000","max_change_rate":"0.010000000000000000"},"min_self_delegation":"1","delegator_address":"front13n6ndnmry26f9zhf2lmjd49t7lx6d5zg0fds5d","validator_address":"frontvaloper13n6ndnmry26f9zhf2lmjd49t7lx6d5zgmxl7aa","pubkey":"frontvalconspub1zcjduepqgl3a9ygzwe5ljj5umdcuhz578f80smvwrc0xswus7nnaqnutt57q54mfnu","value":{"denom":"front","amount":"1000000000000"}}}],"fee":{"amount":[],"gas":"200000"},"signatures":[{"pub_key":{"type":"tendermint/PubKeySecp256k1","value":"A0gDdxjVNOPyiykpyzxuZB0fZjQ+uTw5iF78QhsFAT4F"},"signature":"dHaEP0qhn67SEuX2T/dnfK/7W6Ww4nfO9cuGG7PyYCwe2LFoMXFqhMLlFI64YOGRZMgrwURZWtA74kYHuWl+VQ=="}],"memo":"3328f57e567358d63b6a8e56718959e0b79b446a@45.77.65.60:26656"}}
