{"type":"cosmos-sdk/StdTx","value":{"msg":[{"type":"cosmos-sdk/MsgCreateValidator","value":{"description":{"moniker":"zunami_freya","identity":"","website":"","security_contact":"","details":""},"commission":{"rate":"0.100000000000000000","max_rate":"0.200000000000000000","max_change_rate":"0.010000000000000000"},"min_self_delegation":"1","delegator_address":"front1c9x5uav94mrkyjacsywm0wk0u0pew3k9tp7nd2","validator_address":"frontvaloper1c9x5uav94mrkyjacsywm0wk0u0pew3k9lwvay6","pubkey":"frontvalconspub1zcjduepqxmz3yx509lrwtggnz6qpeh7nyldm470mfggjhvrv607yeaxrhugqcp2wk3","value":{"denom":"front","amount":"1000000000000"}}}],"fee":{"amount":[],"gas":"200000"},"signatures":[{"pub_key":{"type":"tendermint/PubKeySecp256k1","value":"Ahw+aHCcK8WRR5zzmsvGjS0aMefeuELjw8YUOM8MwbuP"},"signature":"fH+Ksphtd9wMVycTEyWvskpajAoNi7XHrJOUZsLbeFwUCX3waVah0uWcpX7Spr4YuvgGkdrZhUsAW06puNjmnw=="}],"memo":"4e0942d31079dba05ae634d5cf3f9cc7a332f364@138.197.187.43:26656"}}
