{"type":"cosmos-sdk/StdTx","value":{"msg":[{"type":"cosmos-sdk/MsgCreateValidator","value":{"description":{"moniker":"techwomen35","identity":"","website":"","security_contact":"","details":""},"commission":{"rate":"0.100000000000000000","max_rate":"0.200000000000000000","max_change_rate":"0.010000000000000000"},"min_self_delegation":"1","delegator_address":"front190d8c9kpvgfejuqshxjtszu99zqjlev03xxqf4","validator_address":"frontvaloper190d8c9kpvgfejuqshxjtszu99zqjlev09f5wq9","pubkey":"frontvalconspub1zcjduepqua23ev8kd06yqymcfy7ctuhtmfxp0duygdg4lpaupkzmtzs5w54s9m8w7x","value":{"denom":"front","amount":"1000000000000"}}}],"fee":{"amount":[],"gas":"200000"},"signatures":[{"pub_key":{"type":"tendermint/PubKeySecp256k1","value":"AigJNFEN8cLBcjlb0CSGlD1j+jwLOT2Nk3myHlp2f9wj"},"signature":"FBYzgjx1WukpJaVoFRo3egO3suufyLFQYdiz5p6/bdsGqLuC0NljLQxNAYwF4Fa9Ue4HPwNspsTP1fxR9EJnAw=="}],"memo":"19c88788c0129262bfd3d97586ad41d2e2b7e6da@10.128.0.5:26656"}}
