{"type":"cosmos-sdk/StdTx","value":{"msg":[{"type":"cosmos-sdk/MsgCreateValidator","value":{"description":{"moniker":"lff010","identity":"","website":"","security_contact":"","details":""},"commission":{"rate":"0.100000000000000000","max_rate":"0.200000000000000000","max_change_rate":"0.010000000000000000"},"min_self_delegation":"1","delegator_address":"front1r0ln7xeyzqylwz2h454vv0v0s6xn3cflf40rnh","validator_address":"frontvaloper1r0ln7xeyzqylwz2h454vv0v0s6xn3cfla6ad68","pubkey":"frontvalconspub1zcjduepqnh2gzf27zh7s8e86g2tkr7vlf3kycsd9xvt305ncny56pe9zhnss7dycs3","value":{"denom":"front","amount":"1000000000000"}}}],"fee":{"amount":[],"gas":"200000"},"signatures":[{"pub_key":{"type":"tendermint/PubKeySecp256k1","value":"Ap0IM7aOmzloNV2tMyRz7K/GL1nHy27wXAa3dreo+671"},"signature":"0B2815iRZrZByUDFVhgF5/K2NKgEv5RJoRjcFL57fP4FqGCTmGrzeAsjjtAo9aBWp40PJo6a1keoWAzcnBAagg=="}],"memo":"0a49946dcc2997e36ce252c26a49bdb80d55d58a@149.248.61.177:26656"}}
