{"type":"cosmos-sdk/StdTx","value":{"msg":[{"type":"cosmos-sdk/MsgCreateValidator","value":{"description":{"moniker":"my_node","identity":"","website":"","security_contact":"","details":""},"commission":{"rate":"0.100000000000000000","max_rate":"0.200000000000000000","max_change_rate":"0.010000000000000000"},"min_self_delegation":"1","delegator_address":"front13jqmmynwhznf6uj4d48f3lug55hsqfnkcd704p","validator_address":"frontvaloper13jqmmynwhznf6uj4d48f3lug55hsqfnkvzvpu3","pubkey":"frontvalconspub1zcjduepqnp76jm3l3s9aksvfc8y49hmfnslssuvnwqsfa97xl54l4dcxdtcq22ah7d","value":{"denom":"front","amount":"1000000000000"}}}],"fee":{"amount":[],"gas":"200000"},"signatures":[{"pub_key":{"type":"tendermint/PubKeySecp256k1","value":"Arf6g0xbTOG1uu/ve4oPZKor/OBPCyFpEqAGhBZ+pKbH"},"signature":"dxf4VVq1DWvh6fl5e1Oixcn+TGMzzKrh0xDjqh8JhT56/L/n+bE4gIDOuKhaiGivAjkRB+JlupAe99adI+bIiQ=="}],"memo":"49c13a14ddf35a7071c9c740475890739ac038f0@172.26.40.196:26656"}}
