{"type":"cosmos-sdk/StdTx","value":{"msg":[{"type":"cosmos-sdk/MsgCreateValidator","value":{"description":{"moniker":"tiantian","identity":"","website":"","security_contact":"","details":""},"commission":{"rate":"0.100000000000000000","max_rate":"0.200000000000000000","max_change_rate":"0.010000000000000000"},"min_self_delegation":"1","delegator_address":"front19ms5yfu36hay8t2z0jsq3uelmwlq8smp44cgp4","validator_address":"frontvaloper19ms5yfu36hay8t2z0jsq3uelmwlq8smpp62xg9","pubkey":"frontvalconspub1zcjduepq5pup56y7yqwl5fgnz0tpvse0p5p823zp3ha9p3wewssur66t6pjqxggueq","value":{"denom":"front","amount":"1000000000000"}}}],"fee":{"amount":[],"gas":"200000"},"signatures":[{"pub_key":{"type":"tendermint/PubKeySecp256k1","value":"AqJVpxLLxGDzVjyr6bis01q8oy2Z+l094c+DIsiVOjus"},"signature":"4PvR1JkrFdQ1t5O6xH4HOJH29xPiqphbgUFwuwRmUqF9toO35S4DsiAIS2MCFVgjP3n4j4ynvzKmD6KNSYzpWg=="}],"memo":"2443359dd697d1062628686fccf81b9a5ac549cc@172.22.0.12:26656"}}
