{"type":"cosmos-sdk/StdTx","value":{"msg":[{"type":"cosmos-sdk/MsgCreateValidator","value":{"description":{"moniker":"volosyan","identity":"","website":"","security_contact":"","details":""},"commission":{"rate":"0.100000000000000000","max_rate":"0.200000000000000000","max_change_rate":"0.010000000000000000"},"min_self_delegation":"1","delegator_address":"front1my4n5h5aet6e52splv6d982s78n5qz2tld3909","validator_address":"frontvaloper1my4n5h5aet6e52splv6d982s78n5qz2ttzrtx4","pubkey":"frontvalconspub1zcjduepqepvr4mm7pp98729yh62ll6cjcuqwdwm0l2xkjwz53e6477lfpu5q5z2gkc","value":{"denom":"front","amount":"1000000000000"}}}],"fee":{"amount":[],"gas":"200000"},"signatures":[{"pub_key":{"type":"tendermint/PubKeySecp256k1","value":"Ah/ePNHrUKYs0xRymCyK3l0laVUGxLQGhK0yUXI0pFLB"},"signature":"1u5S51KTp9Fs6bShqUulY7d/lAJCez/GSdJKSCYZBaQJxYMazSS+rSUXQbMtibymEAdxAA0YnPFdUDpRD4SBeg=="}],"memo":"4313b1b50d50d662c31de400ca74c2fd16a01a04@10.128.0.4:26656"}}
