{"type":"cosmos-sdk/StdTx","value":{"msg":[{"type":"cosmos-sdk/MsgCreateValidator","value":{"description":{"moniker":"luyu","identity":"","website":"","security_contact":"","details":""},"commission":{"rate":"0.100000000000000000","max_rate":"0.200000000000000000","max_change_rate":"0.010000000000000000"},"min_self_delegation":"1","delegator_address":"front1c0jpspq2qge9qej85fansd72al5hw79u3y4k97","validator_address":"frontvaloper1c0jpspq2qge9qej85fansd72al5hw79u9t8cvw","pubkey":"frontvalconspub1zcjduepqtcv5uutch85awpjy60n9ul0d3qs02me957n5pphtdldytzhrg3cswlqq0d","value":{"denom":"front","amount":"1000000000000"}}}],"fee":{"amount":[],"gas":"200000"},"signatures":[{"pub_key":{"type":"tendermint/PubKeySecp256k1","value":"A9/q5ay3HCiJdhTEmVJQ3pN16APcJXjNvPTGFasSlTbD"},"signature":"ztJKb4lu9hgwH7QU9UkM4M+iqvxqu+XaE9JyN6+PipsQrQWEUArHe5mIjYzG0utvAUQzmB5jhl3pDFJ85IXVtA=="}],"memo":"0f33269ce989541fe04c1df60c14762677c5e3c9@172.22.0.12:26656"}}
