{"type":"cosmos-sdk/StdTx","value":{"msg":[{"type":"cosmos-sdk/MsgCreateValidator","value":{"description":{"moniker":"nik151515","identity":"","website":"","security_contact":"","details":""},"commission":{"rate":"0.100000000000000000","max_rate":"0.200000000000000000","max_change_rate":"0.010000000000000000"},"min_self_delegation":"1","delegator_address":"front1uutme54qrkwzwswjnhz24mnlkavafu7f7kcjhs","validator_address":"frontvaloper1uutme54qrkwzwswjnhz24mnlkavafu7f2e2u7q","pubkey":"frontvalconspub1zcjduepqyf3f3sdetkfgvqwx4zasqmddyg5amqvf0qh4flf30hgewj4sac8qjvvjqf","value":{"denom":"front","amount":"1000000000000"}}}],"fee":{"amount":[],"gas":"200000"},"signatures":[{"pub_key":{"type":"tendermint/PubKeySecp256k1","value":"AkkjhCUgSDejW/yyTjKy9ro7dvEm5H74jbmIpvaP3eEQ"},"signature":"HK1ARGmbRs7F1M6QGcXgHfnCYnbZ11MBe7agkdXsKhk3l3w7zyS4aBLwMgKWutV7ijozz2iEoxR55e+6DQiX1A=="}],"memo":"5124894a89c0891bf029e63ea805dbdbf05dbd60@185.244.180.21:26656"}}
