{"type":"cosmos-sdk/StdTx","value":{"msg":[{"type":"cosmos-sdk/MsgCreateValidator","value":{"description":{"moniker":"zhangjiuling","identity":"","website":"","security_contact":"","details":""},"commission":{"rate":"0.100000000000000000","max_rate":"0.200000000000000000","max_change_rate":"0.010000000000000000"},"min_self_delegation":"1","delegator_address":"front1l4yk8w75zpp83xcya6q6a8nujzwn0p0al4fn79","validator_address":"frontvaloper1l4yk8w75zpp83xcya6q6a8nujzwn0p0at6mah4","pubkey":"frontvalconspub1zcjduepqkunxn36rrhkwzm243xgrz85a6ulcp0lgavv9c6auav30dh8000rs5mcpt7","value":{"denom":"front","amount":"1000000000000"}}}],"fee":{"amount":[],"gas":"200000"},"signatures":[{"pub_key":{"type":"tendermint/PubKeySecp256k1","value":"AvgfzIg44KwymnkFndrIPQKa4qcboj0itir5gcjYaa3Q"},"signature":"t4UyacrMm81mSCbYBGkgiCq4tyxIOhLyeAgSu/MIAN1YPFWYCckvOKjp8IhfO6GF1M9OyWNsDO4hhfmEzBdpcQ=="}],"memo":"4479e0ad3c3478ec51c40bf3bf3d8d4d1f1f4793@213.136.90.109:26656"}}
