{"type":"cosmos-sdk/StdTx","value":{"msg":[{"type":"cosmos-sdk/MsgCreateValidator","value":{"description":{"moniker":"sinyordes3255","identity":"","website":"","security_contact":"","details":""},"commission":{"rate":"0.100000000000000000","max_rate":"0.200000000000000000","max_change_rate":"0.010000000000000000"},"min_self_delegation":"1","delegator_address":"front1nwas9dfkthrtfalayxnppvr82uxhnhzehhdpp3","validator_address":"frontvaloper1nwas9dfkthrtfalayxnppvr82uxhnhzercl0gp","pubkey":"frontvalconspub1zcjduepq7djk3apxs6yqzfve03rvvxy92hqwkprst0fppcte0re8q2uqqg2stps9cd","value":{"denom":"front","amount":"1000000000000"}}}],"fee":{"amount":[],"gas":"200000"},"signatures":[{"pub_key":{"type":"tendermint/PubKeySecp256k1","value":"Ar79tnBaX6OeNjX1hpjKKy/6Wx3nP6pZ6B6Nvkppl8DQ"},"signature":"guGFC++6sruD/f0Zvy+jLqOaioWEdJLj7DuyQbojOCwkl8WPBoZlruq9kMjQPTQJqbTFvDyUWWR/FsWK4XUGhw=="}],"memo":"42148baf173987412ccbb1bb95569bfa7cac3415@159.89.7.171:26656"}}
