{"type":"cosmos-sdk/StdTx","value":{"msg":[{"type":"cosmos-sdk/MsgCreateValidator","value":{"description":{"moniker":"suprmn1","identity":"","website":"","security_contact":"","details":""},"commission":{"rate":"0.100000000000000000","max_rate":"0.200000000000000000","max_change_rate":"0.010000000000000000"},"min_self_delegation":"1","delegator_address":"front13tm6vfw660cjtxujr558qptfgta8ngze66j8r9","validator_address":"frontvaloper13tm6vfw660cjtxujr558qptfgta8ngzew4qf24","pubkey":"frontvalconspub1zcjduepqks04y48vuehpt5t80wgszc26re4vj7e959vcgdz3ddwuk06kmvpqv0y2fq","value":{"denom":"front","amount":"1000000000000"}}}],"fee":{"amount":[],"gas":"200000"},"signatures":[{"pub_key":{"type":"tendermint/PubKeySecp256k1","value":"A/qsKxHmPCw0wtuHwLAUDJYMz3GaCL+2uPuGre1mo97a"},"signature":"SO5STVW4blYD98CARa4DjZg+zdv933Pw6zV4u9sjUWEqbFbNnHnDxbklujbMol1XDkGdGmDb3F/NZY6zzpUWkw=="}],"memo":"113f84a3c31252fc8548a507d955699db4887891@10.0.0.98:26656"}}
