{"type":"cosmos-sdk/StdTx","value":{"msg":[{"type":"cosmos-sdk/MsgCreateValidator","value":{"description":{"moniker":"kuku","identity":"","website":"","security_contact":"","details":""},"commission":{"rate":"0.100000000000000000","max_rate":"0.200000000000000000","max_change_rate":"0.010000000000000000"},"min_self_delegation":"1","delegator_address":"front1anzuqf6ft5k4w2txprgjg83ej4dvjslhrpmh6n","validator_address":"frontvaloper1anzuqf6ft5k4w2txprgjg83ej4dvjslhhwfenr","pubkey":"frontvalconspub1zcjduepq48h7k53vmn5xn2atqu7lxhuk9vgpwstu6q5xs8cdeafsy6xuqfyqeaeh3a","value":{"denom":"front","amount":"1000000000000"}}}],"fee":{"amount":[],"gas":"200000"},"signatures":[{"pub_key":{"type":"tendermint/PubKeySecp256k1","value":"Aw01rxA8gXEKwkYWZJ9VrRLVtlVWEOvR9RiAedcDyn8S"},"signature":"qEwMHrFEIY/VZPxvuL/5Ns4y8WPJqs7gzd8NOafXTuQrF4+avaNgYd58hOhY8L5192hOGK5s7cwUeJozWtPZnw=="}],"memo":"0ed04a0ebc8e59670014b6c5508fd8cefce706cb@45.63.7.146:26656"}}
