{"type":"cosmos-sdk/StdTx","value":{"msg":[{"type":"cosmos-sdk/MsgCreateValidator","value":{"description":{"moniker":"stayr2","identity":"","website":"","security_contact":"","details":""},"commission":{"rate":"0.100000000000000000","max_rate":"0.200000000000000000","max_change_rate":"0.010000000000000000"},"min_self_delegation":"1","delegator_address":"front1494ekapwzp7nqsd2v0jgx9fmku3fuy09s44uk4","validator_address":"frontvaloper1494ekapwzp7nqsd2v0jgx9fmku3fuy09y68jl9","pubkey":"frontvalconspub1zcjduepqg0t6wa8mze0j8q3r04v3lz3pzzanvyg07nc66h0p8ncpnnam4kfslc573t","value":{"denom":"front","amount":"1000000000000"}}}],"fee":{"amount":[],"gas":"200000"},"signatures":[{"pub_key":{"type":"tendermint/PubKeySecp256k1","value":"A3GRNcwKQsjw1F/LM3/gWWK0H5JktJrfXL9vbY6YDLIE"},"signature":"uIcQSDDA5S6urx9GSxJYPogaV1XLBV5I21Q0Mg4+3uxhDs/gAC4luctcSUCEUskR2aEu01p6wlR2XpABsfq15w=="}],"memo":"58ad8cdbcf54eac29ee770aa9537fcaecb9e2b78@192.248.188.110:26656"}}
