{"type":"cosmos-sdk/StdTx","value":{"msg":[{"type":"cosmos-sdk/MsgCreateValidator","value":{"description":{"moniker":"goya","identity":"","website":"","security_contact":"","details":""},"commission":{"rate":"0.100000000000000000","max_rate":"0.200000000000000000","max_change_rate":"0.010000000000000000"},"min_self_delegation":"1","delegator_address":"front1l4dz36yuvdrsejc02q92kquh0jwtxm8mec6vx4","validator_address":"frontvaloper1l4dz36yuvdrsejc02q92kquh0jwtxm8mdhgz09","pubkey":"frontvalconspub1zcjduepq4h0cscz2tm364as894d3xhg7xdlwuq0st0h4jxusppljkvq7jedqxwp6wf","value":{"denom":"front","amount":"1000000000000"}}}],"fee":{"amount":[],"gas":"200000"},"signatures":[{"pub_key":{"type":"tendermint/PubKeySecp256k1","value":"AgoOfKZtwLru+H+MlQXqrbBfnsXJbGjbxRn0DnmN6mNM"},"signature":"x+fIY16jx/slQezQ9VfQAIECW6/2OYwvgzZ8KLB5a3Az45TUOc2qwLzVd3uCqs25ZJhii33PvflKbvTBKDVWdw=="}],"memo":"452679107d783a5f870497c9891e268d39806b49@45.76.238.150:26656"}}
