{"type":"cosmos-sdk/StdTx","value":{"msg":[{"type":"cosmos-sdk/MsgCreateValidator","value":{"description":{"moniker":"sinyordess37","identity":"","website":"","security_contact":"","details":""},"commission":{"rate":"0.100000000000000000","max_rate":"0.200000000000000000","max_change_rate":"0.010000000000000000"},"min_self_delegation":"1","delegator_address":"front1hnmpxyyl700ygfsv0vxncnfmnzkdedxv68lldd","validator_address":"frontvaloper1hnmpxyyl700ygfsv0vxncnfmnzkdedxvwgd3ya","pubkey":"frontvalconspub1zcjduepq70cwcn2qsf4c6g04wyq08cqw6p9kx3f526em089kmjkgm9qvsc8s4ynwt7","value":{"denom":"front","amount":"1000000000000"}}}],"fee":{"amount":[],"gas":"200000"},"signatures":[{"pub_key":{"type":"tendermint/PubKeySecp256k1","value":"A524k2cSlByjUvuOv9OAVykLeYqtCPedM6/ifdKs/kkM"},"signature":"SvK1WWcGAevig4joU93IfNLc1TepAMURXNNhqiCBWyQfzh3HZwkiDYpb+0GERnZp79V+xUQAe/c6cyTxn9WJjA=="}],"memo":"2aeef7e3fe9cffdeeb7a18935150e1c38363bbf4@167.172.99.243:26656"}}
