{"type":"cosmos-sdk/StdTx","value":{"msg":[{"type":"cosmos-sdk/MsgCreateValidator","value":{"description":{"moniker":"YuppieTao","identity":"","website":"","security_contact":"","details":""},"commission":{"rate":"0.100000000000000000","max_rate":"0.200000000000000000","max_change_rate":"0.010000000000000000"},"min_self_delegation":"1","delegator_address":"front1x5dek6ngzep3j5qmddvzphyltgpwl0vc2dn0gs","validator_address":"frontvaloper1x5dek6ngzep3j5qmddvzphyltgpwl0vc7zpppq","pubkey":"frontvalconspub1zcjduepq0wsdnngsa57hpscy2ts0ww74f90punw2vlqtuvgx82kyldhzkf2sesk9vl","value":{"denom":"front","amount":"1000000000000"}}}],"fee":{"amount":[],"gas":"200000"},"signatures":[{"pub_key":{"type":"tendermint/PubKeySecp256k1","value":"A08nHdYPb30vj4k3ZOxUO4IthMOVaKwWyGcRhPlQxKEJ"},"signature":"El+xzH5aYxoSjl86HUyTzoV0pECqppT2nWZLNA57NKV9t0kpOsqWJzblydE3y8/+kcZpn8sVrxPlyGf71ZrfSw=="}],"memo":"0fb7c81be4fd4a49adcdf09da0c788da01f05cc8@192.168.92.133:26656"}}
