{"type":"cosmos-sdk/StdTx","value":{"msg":[{"type":"cosmos-sdk/MsgCreateValidator","value":{"description":{"moniker":"lff013","identity":"","website":"","security_contact":"","details":""},"commission":{"rate":"0.100000000000000000","max_rate":"0.200000000000000000","max_change_rate":"0.010000000000000000"},"min_self_delegation":"1","delegator_address":"front1p24enppyn0gsdk985u9a9g65u95gp9xq64je6u","validator_address":"frontvaloper1p24enppyn0gsdk985u9a9g65u95gp9xqw6qhnv","pubkey":"frontvalconspub1zcjduepq9mn35u5xxe6gkjzztwpq83d69uml3jauy6yxu36nwg9wla6kcu2q7wa2sc","value":{"denom":"front","amount":"1000000000000"}}}],"fee":{"amount":[],"gas":"200000"},"signatures":[{"pub_key":{"type":"tendermint/PubKeySecp256k1","value":"AtBz0G1s5Ys5l0tczN9ZIEv+tdWqPag87YmAB1pYjtb5"},"signature":"wOjCaocA4qwkZF9o4hQ6EWZWv7iVqk++PZwy1V3rNLZxjCcE8n2aXrVBgiZ7vP9jNyt8z/AVmwCXUkIo78VIpQ=="}],"memo":"5018ed224fccf01a8b1bb16ecec0f2e774bdae6c@95.179.177.238:26656"}}
