{"type":"cosmos-sdk/StdTx","value":{"msg":[{"type":"cosmos-sdk/MsgCreateValidator","value":{"description":{"moniker":"vladk64","identity":"","website":"","security_contact":"","details":""},"commission":{"rate":"0.100000000000000000","max_rate":"0.200000000000000000","max_change_rate":"0.010000000000000000"},"min_self_delegation":"1","delegator_address":"front1nph8zz8ny9kl57vzdk83328rqm8lvfc23r7ddf","validator_address":"frontvaloper1nph8zz8ny9kl57vzdk83328rqm8lvfc29vvrye","pubkey":"frontvalconspub1zcjduepqr3l997gty5plhxhyjtm5j2myp82ehwpkqxs0maa3kwgzmee06drqhkjzuj","value":{"denom":"front","amount":"1000000000000"}}}],"fee":{"amount":[],"gas":"200000"},"signatures":[{"pub_key":{"type":"tendermint/PubKeySecp256k1","value":"AoLiRknlHou9QVF/CCGfMG++GLOSY03W3k+hCxJMPvFM"},"signature":"kNk1DD3JfeopyEMFHHt8aIZJSAWS7DMlEXpPLUdEJ4U0r7XbMo69H8lFi+HuT5TmcYKR71Gh8qLk06sWk3lY8Q=="}],"memo":"12bee9df7606d68566bfb24414ede8e64cca0ae5@195.2.67.90:26656"}}
