{"type":"cosmos-sdk/StdTx","value":{"msg":[{"type":"cosmos-sdk/MsgCreateValidator","value":{"description":{"moniker":"kaberezhiani","identity":"","website":"","security_contact":"","details":""},"commission":{"rate":"0.100000000000000000","max_rate":"0.200000000000000000","max_change_rate":"0.010000000000000000"},"min_self_delegation":"1","delegator_address":"front1pz4lca4y8j22auvvdx9qvxphuryy0gmt73rk36","validator_address":"frontvaloper1pz4lca4y8j22auvvdx9qvxphuryy0gmt273cc2","pubkey":"frontvalconspub1zcjduepqlwadt9dlk079xtchnfduhsm67zdtucjjcf9vghkysvq6rmkchecq33sxzp","value":{"denom":"front","amount":"1000000000000"}}}],"fee":{"amount":[],"gas":"200000"},"signatures":[{"pub_key":{"type":"tendermint/PubKeySecp256k1","value":"A4JPAHHUy7wyGPL0qYoN40dlkc/q4FV/mVT2EqJbHvgc"},"signature":"vekbWddst10DN9Vx7/6M0/KVG6lQYrvaPHQcbm27Ma0c6lCO8cYAOn2MWWGKA9Li4CbB2mqIYXWIcEH8BgVBwQ=="}],"memo":"3cdca0d6615a72a2b0d88f97dc9f73452aef515c@165.232.143.157:26656"}}
