{"type":"cosmos-sdk/StdTx","value":{"msg":[{"type":"cosmos-sdk/MsgCreateValidator","value":{"description":{"moniker":"leek","identity":"","website":"","security_contact":"","details":""},"commission":{"rate":"0.100000000000000000","max_rate":"0.200000000000000000","max_change_rate":"0.010000000000000000"},"min_self_delegation":"1","delegator_address":"front123gqzh6jpuj4grfmf92fawpm9dts9hgw2fpf8l","validator_address":"frontvaloper123gqzh6jpuj4grfmf92fawpm9dts9hgw7xn8w0","pubkey":"frontvalconspub1zcjduepqqn9c6qhakkmc7wfrd6x96h84d7nd5qj7cq4293r3da9w7ndcl3vsatq4sy","value":{"denom":"front","amount":"1000000000000"}}}],"fee":{"amount":[],"gas":"200000"},"signatures":[{"pub_key":{"type":"tendermint/PubKeySecp256k1","value":"AgtihRcL1jWlfkNy9XEjBRXMI5EuGvmUulZRVS11Fx9V"},"signature":"/sEbTbaGj4sDjLKcKvv/w4OVlFKeBVTNqKAuQnR9pkxjIWIEpFb9/fGbmkzBVR5vFqIh8iamHep2z2GkUqVkng=="}],"memo":"29aa188d9a40ed1109ba2a9edcb2a6ef17c1f6a3@208.117.87.194:26656"}}
