{"type":"cosmos-sdk/StdTx","value":{"msg":[{"type":"cosmos-sdk/MsgCreateValidator","value":{"description":{"moniker":"ilyinsergey","identity":"","website":"","security_contact":"","details":""},"commission":{"rate":"0.100000000000000000","max_rate":"0.200000000000000000","max_change_rate":"0.010000000000000000"},"min_self_delegation":"1","delegator_address":"front1yt65esrnvt69de4eux3xccgjv83yjeux3rjkmk","validator_address":"frontvaloper1yt65esrnvt69de4eux3xccgjv83yjeux9vqcjx","pubkey":"frontvalconspub1zcjduepqns37fzfqnx5cv0ag9let85a7x8alhxmt9tfzglt4je4494sx2w6se7hwd7","value":{"denom":"front","amount":"1000000000000"}}}],"fee":{"amount":[],"gas":"200000"},"signatures":[{"pub_key":{"type":"tendermint/PubKeySecp256k1","value":"As4ohRKyMtk4P75Q9VTAr1vZ98gBWWCwkdhQdF5yNuKy"},"signature":"t/6wdBjbAzHyjeOGLxYNW12/V+v3yLSI6FZP1iOIECVYPQohJBETKseJpkSs0wA2pED+QGvW4f8nwJOFZCZXmQ=="}],"memo":"3bd8be77039738e380137ed4fe216b6da62dc05b@104.131.168.126:26656"}}
