{"type":"cosmos-sdk/StdTx","value":{"msg":[{"type":"cosmos-sdk/MsgCreateValidator","value":{"description":{"moniker":"LU","identity":"","website":"","security_contact":"","details":""},"commission":{"rate":"0.100000000000000000","max_rate":"0.200000000000000000","max_change_rate":"0.010000000000000000"},"min_self_delegation":"1","delegator_address":"front1azz4g5cwqt3l55kqjutz0k0u4r02fs6gsql3lh","validator_address":"frontvaloper1azz4g5cwqt3l55kqjutz0k0u4r02fs6gy0dlk8","pubkey":"frontvalconspub1zcjduepqc9j32t4x3t77grp74au8pn4az8cesuxc438u228z82z0dpjeqjcqlqnrxj","value":{"denom":"front","amount":"1000000000000"}}}],"fee":{"amount":[],"gas":"200000"},"signatures":[{"pub_key":{"type":"tendermint/PubKeySecp256k1","value":"AlGLDuA/08U/7G9LZeKJFYEKsAa6MnfK4OYH0tC9aUwL"},"signature":"BdvxLt6ZslU3csb9lqubt+CCJidMRbhFY/B6KRmjrTNtRoVvBo8HC02ff12Gyo0Pd2ueqDjXqeo+EJB58idMEA=="}],"memo":"1da77b329c7eeb484de82f351100d38cda361df0@95.179.160.16:26656"}}
