{"type":"cosmos-sdk/StdTx","value":{"msg":[{"type":"cosmos-sdk/MsgCreateValidator","value":{"description":{"moniker":"NodesGuru","identity":"","website":"","security_contact":"","details":""},"commission":{"rate":"0.100000000000000000","max_rate":"0.200000000000000000","max_change_rate":"0.010000000000000000"},"min_self_delegation":"1","delegator_address":"front1hcd7wsjktj6pecvtu902knlmyencpzyt7q43jz","validator_address":"frontvaloper1hcd7wsjktj6pecvtu902knlmyencpzyt208lmj","pubkey":"frontvalconspub1zcjduepq2c3c5gtru5m03ktwlu5m5y0n23cl368453gc0uzt4h77u5z9fwxs7c8l0j","value":{"denom":"front","amount":"1000000000000"}}}],"fee":{"amount":[],"gas":"200000"},"signatures":[{"pub_key":{"type":"tendermint/PubKeySecp256k1","value":"ArSFBTjLjVnY1a888swbNa/pylKegdD5l1yjSVO/+gKI"},"signature":"ObXXvj+zacZI1u/tj5x/NCFIsFmjo+W4wSRWos+cW5sud7kJP4EpOKqOvKiPh0Ouum0TNn4gWHl0PauWJ+wxfA=="}],"memo":"017b46d49922cc16186d17cebddd3d7d0feb694b@185.250.204.113:26656"}}
