{"type":"cosmos-sdk/StdTx","value":{"msg":[{"type":"cosmos-sdk/MsgCreateValidator","value":{"description":{"moniker":"marks","identity":"","website":"","security_contact":"","details":""},"commission":{"rate":"0.100000000000000000","max_rate":"0.200000000000000000","max_change_rate":"0.010000000000000000"},"min_self_delegation":"1","delegator_address":"front1xjzx46f6095ra37n2sngkc9w4909pu5sph03gf","validator_address":"frontvaloper1xjzx46f6095ra37n2sngkc9w4909pu5s4calpe","pubkey":"frontvalconspub1zcjduepqk5ls3g7vxmq5h0gv0vfnq3sew4n7velmv845n6fsg3pse228cchquea0fn","value":{"denom":"front","amount":"1000000000000"}}}],"fee":{"amount":[],"gas":"200000"},"signatures":[{"pub_key":{"type":"tendermint/PubKeySecp256k1","value":"AzrP/u+/S6HFXxgvLg5d1ySHjjUEKsPqTsEFDrSjYmPU"},"signature":"Ad2Vl//aNhmkZmcv028Zakzdpn9nIwKAFbjJAV4OXLwaDt2+kG2IjsxYlyuYt1vfVAVxDDAdON+CGSDDEaaPGA=="}],"memo":"4d461c7930eb7ed8150127427804de2c427cc1bb@134.209.222.21:26656"}}
