{"type":"cosmos-sdk/StdTx","value":{"msg":[{"type":"cosmos-sdk/MsgCreateValidator","value":{"description":{"moniker":"lff001","identity":"","website":"","security_contact":"","details":""},"commission":{"rate":"0.100000000000000000","max_rate":"0.200000000000000000","max_change_rate":"0.010000000000000000"},"min_self_delegation":"1","delegator_address":"front1fxsjhnw3yeexv9aewttm6wuhcgkmt0dzwaaxg6","validator_address":"frontvaloper1fxsjhnw3yeexv9aewttm6wuhcgkmt0dz6j0gp2","pubkey":"frontvalconspub1zcjduepqx4v66jmwwgnpjmpadlkl7tanade6npt8uc836c4cnwlkt692555qsnccuh","value":{"denom":"front","amount":"1000000000000"}}}],"fee":{"amount":[],"gas":"200000"},"signatures":[{"pub_key":{"type":"tendermint/PubKeySecp256k1","value":"A+rxCWj7yiajxi11hUAs8QrBhxovIVxABJrGFnTrjg8V"},"signature":"JMnoZ1XINqhGh1hNHVIPtou5x72bLWyxX/k1dndiymhEFDDBrNktIYjh/wa9YdIuLA+dVw8wP+dWPD5KtfjraQ=="}],"memo":"1a2b9b93633a343a3a675e702c7ea14fa055113f@95.179.143.206:26656"}}
