{"type":"cosmos-sdk/StdTx","value":{"msg":[{"type":"cosmos-sdk/MsgCreateValidator","value":{"description":{"moniker":"my_node","identity":"","website":"","security_contact":"","details":""},"commission":{"rate":"0.100000000000000000","max_rate":"0.200000000000000000","max_change_rate":"0.010000000000000000"},"min_self_delegation":"1","delegator_address":"front1s9898djj5whrsvutaw4a9v8fel0r39krn5cahn","validator_address":"frontvaloper1s9898djj5whrsvutaw4a9v8fel0r39kr8m2n7r","pubkey":"frontvalconspub1zcjduepqmmyzkvrcdp46zsu6d55rdd79f7ns2mk3afy405nyuze8tv24sh0quz3vkq","value":{"denom":"front","amount":"1000000000000"}}}],"fee":{"amount":[],"gas":"200000"},"signatures":[{"pub_key":{"type":"tendermint/PubKeySecp256k1","value":"AhlZmM33WDrWenDv+cLDXkVZ8rSHu0UmbKYJ6kVCXfhZ"},"signature":"cBXaAksS1JlVJXyQyIl37K1rBlYuIoF+mKxxLjGd4+dvnyEjb0KOKJgpzJQUhpdgYI27/6462TVIW+Nh5dkLAA=="}],"memo":"27da08318e161429c93a149702e20a6fcb5638b9@161.97.160.138:26656"}}
