{"type":"cosmos-sdk/StdTx","value":{"msg":[{"type":"cosmos-sdk/MsgCreateValidator","value":{"description":{"moniker":"NodesGuru","identity":"","website":"","security_contact":"","details":""},"commission":{"rate":"0.100000000000000000","max_rate":"0.200000000000000000","max_change_rate":"0.010000000000000000"},"min_self_delegation":"1","delegator_address":"front17gpdyc4ahzdnsgpf6502qeuj8xytfx89t0z6xt","validator_address":"frontvaloper17gpdyc4ahzdnsgpf6502qeuj8xytfx89lqs50m","pubkey":"frontvalconspub1zcjduepqk7sgwd02mmsyqtlptse3gta457gp40dlqmjexptapz2egrqddy6q4mr56x","value":{"denom":"front","amount":"1000000000000"}}}],"fee":{"amount":[],"gas":"200000"},"signatures":[{"pub_key":{"type":"tendermint/PubKeySecp256k1","value":"AvRhgWW6CsDsDX1+ddY7jRwKc/tZql7y+kLMwnOEWRPK"},"signature":"yzsDuiCxOJ6o59JfyYxi1SAmQ32mJkEOl8ACqnHRiScQNpon9B0ccp3Su5H3XCsjiwrm6vUKkrRaHO8GmqJNSA=="}],"memo":"1f2afb0b003fe8307371146a24ce95f690135cbf@193.38.235.214:26656"}}
