{"type":"cosmos-sdk/StdTx","value":{"msg":[{"type":"cosmos-sdk/MsgCreateValidator","value":{"description":{"moniker":"cyberomanov","identity":"","website":"","security_contact":"","details":""},"commission":{"rate":"0.100000000000000000","max_rate":"0.200000000000000000","max_change_rate":"0.010000000000000000"},"min_self_delegation":"1","delegator_address":"front10afjldu50wmp48xfx56ljs2xxncf9fqx297wlu","validator_address":"frontvaloper10afjldu50wmp48xfx56ljs2xxncf9fqx72vqkv","pubkey":"frontvalconspub1zcjduepq4taw2kv7vyy6h92gljtclc56sczvn95sqfmp832lpyc0djttmcmqmfafrk","value":{"denom":"front","amount":"1000000000000"}}}],"fee":{"amount":[],"gas":"200000"},"signatures":[{"pub_key":{"type":"tendermint/PubKeySecp256k1","value":"AhoDeuir+5lzYFcu7aK51Ujb3ZA2HEuya1iFBK5A+CR7"},"signature":"BKHOgHVzu0PFXQWorZnlyj2TlwUAo2COs2/rg7IL9poWbw+aAz9HpH4FLeE6484krH0P35WRObEAtWNMBXxLBw=="}],"memo":"5583536acfd38b2dc90635091f313ce0b9cc552b@95.142.47.108:26656"}}
