{"type":"cosmos-sdk/StdTx","value":{"msg":[{"type":"cosmos-sdk/MsgCreateValidator","value":{"description":{"moniker":"volk","identity":"","website":"","security_contact":"","details":""},"commission":{"rate":"0.100000000000000000","max_rate":"0.200000000000000000","max_change_rate":"0.010000000000000000"},"min_self_delegation":"1","delegator_address":"front10k0wzvf2nemzq0d2ludsuj94yjvp9ylmnsgkst","validator_address":"frontvaloper10k0wzvf2nemzq0d2ludsuj94yjvp9ylm8l6cem","pubkey":"frontvalconspub1zcjduepq5vgqv636lxzgc3yr4qef2n0w3fcqvwpgxwuxg69sqaycj5fxk62qzwrs3m","value":{"denom":"front","amount":"1000000000000"}}}],"fee":{"amount":[],"gas":"200000"},"signatures":[{"pub_key":{"type":"tendermint/PubKeySecp256k1","value":"AibQ6t7rxL1drSs8LlpvRC9JDwanLsKyKZMETaktA9XY"},"signature":"DmIlCPG0Gu9mFaBF5nY5yIx4vCZdJAMbrSrgZk2SFXsPNW6NETk/4Vj1ri/4Qcj/+SCZvS+e2RBe/7mBnFJCgg=="}],"memo":"54d729594ae68f639dcbdbd2d2f3e5fd03905827@45.138.24.53:26656"}}
