{"type":"cosmos-sdk/StdTx","value":{"msg":[{"type":"cosmos-sdk/MsgCreateValidator","value":{"description":{"moniker":"VLT021","identity":"","website":"","security_contact":"","details":""},"commission":{"rate":"0.100000000000000000","max_rate":"0.200000000000000000","max_change_rate":"0.010000000000000000"},"min_self_delegation":"1","delegator_address":"front15n2quhxpmgg4l0jdnzx6lqtmdvxh7h32ev8xug","validator_address":"frontvaloper15n2quhxpmgg4l0jdnzx6lqtmdvxh7h32dr4g4c","pubkey":"frontvalconspub1zcjduepqh09vgqgmdfd794uyr2xvcjqx6fauyg6ay2jtn06ufaddttcezs5sla7kpe","value":{"denom":"front","amount":"1000000000000"}}}],"fee":{"amount":[],"gas":"200000"},"signatures":[{"pub_key":{"type":"tendermint/PubKeySecp256k1","value":"AtyZIvywok28/rVT1N5qda1bRyCsOxEeXJYXAJr2iQVw"},"signature":"qx6oUIMCPHHJHJh9JDWsqniWd4qSU+Q2CI3e4bduB5I6Npd8AAiI2nnLxWPLkv037YMdQUtvcoYyAoDq46W0iA=="}],"memo":"0cef4ec05617f453961794c52a0fd739c5553bbc@46.161.38.87:26656"}}
