{"type":"cosmos-sdk/StdTx","value":{"msg":[{"type":"cosmos-sdk/MsgCreateValidator","value":{"description":{"moniker":"serhii","identity":"","website":"","security_contact":"","details":""},"commission":{"rate":"0.100000000000000000","max_rate":"0.200000000000000000","max_change_rate":"0.010000000000000000"},"min_self_delegation":"1","delegator_address":"front1vuzm8xn5g3072yj263g2uupv66m5fu99wfl2nr","validator_address":"frontvaloper1vuzm8xn5g3072yj263g2uupv66m5fu996xdy6n","pubkey":"frontvalconspub1zcjduepqqzxya2dwv2udf96efycetpffcgskzx6u8q85v88p7cetw4uuyzps7qqup9","value":{"denom":"front","amount":"1000000000000"}}}],"fee":{"amount":[],"gas":"200000"},"signatures":[{"pub_key":{"type":"tendermint/PubKeySecp256k1","value":"AwHQfoZ1VnxlGnoeF3Huugn1qHz8CumOM25ai2WxXUm6"},"signature":"uUtex8XcBObwk57wLZVRc6VRixhr6vwslimelRXohIsx8JTz4k+FJwfqowCSCH4RcyH82sd8zWOnuN5fK40fcA=="}],"memo":"52a0ad06378781bbbc50532d054a916b308fbcf4@75.119.159.199:26656"}}
