{"type":"cosmos-sdk/StdTx","value":{"msg":[{"type":"cosmos-sdk/MsgCreateValidator","value":{"description":{"moniker":"towbow","identity":"","website":"","security_contact":"","details":""},"commission":{"rate":"0.100000000000000000","max_rate":"0.200000000000000000","max_change_rate":"0.010000000000000000"},"min_self_delegation":"1","delegator_address":"front10q962dptc0w9l06w62nweud527aakaev9eq7y8","validator_address":"frontvaloper10q962dptc0w9l06w62nweud527aakaev3kjsdh","pubkey":"frontvalconspub1zcjduepqmlxhgn6nad8rcrxzx7w2c54tzy6pglp8ef5etmzw9fezada8ezcsthvtht","value":{"denom":"front","amount":"1000000000000"}}}],"fee":{"amount":[],"gas":"200000"},"signatures":[{"pub_key":{"type":"tendermint/PubKeySecp256k1","value":"AlbZZk38dK02Pra+Dj4npKc0HrD5rdWMo85Y8PUpQ1UR"},"signature":"uzX4Iq+1AQsSebBO9AREmnzrnScGeyEGG8sVdNuEYAUbFYXiZZ1mDV4zZ9hhh0yXXj21gZbas5+m+rP7YruObA=="}],"memo":"033d1b77f15fae65041a598649b30af3a2703a1c@104.236.235.235:26656"}}
