{"type":"cosmos-sdk/StdTx","value":{"msg":[{"type":"cosmos-sdk/MsgCreateValidator","value":{"description":{"moniker":"my_node","identity":"","website":"","security_contact":"","details":""},"commission":{"rate":"0.100000000000000000","max_rate":"0.200000000000000000","max_change_rate":"0.010000000000000000"},"min_self_delegation":"1","delegator_address":"front1y9g22rn7d4qaa8zfxmu0exdm8vgrr0asqls9k7","validator_address":"frontvaloper1y9g22rn7d4qaa8zfxmu0exdm8vgrr0as5sztlw","pubkey":"frontvalconspub1zcjduepq2mzy8tfypmj5ueefm59lhfwu8l8yfpyvz8frl3y5cjdhmpgh46zs7vxsmd","value":{"denom":"front","amount":"1000000000000"}}}],"fee":{"amount":[],"gas":"200000"},"signatures":[{"pub_key":{"type":"tendermint/PubKeySecp256k1","value":"Apxv2I9C2QQbww9pKK8MFH4DoDHZyAbeSGbP4NwhanAr"},"signature":"TGwxrdgRdt4ZsF+u/dtorJl2chHrVAGPFE2F5Pl5iUsExuzi+FYZ+gFH/j3vYgYKvL9qEjbo+QRhBpX9E7Ikpg=="}],"memo":"3eeb30bf2b0311b9a59eb12751803cd77e3c440d@10.64.118.79:26656"}}
