{"type":"cosmos-sdk/StdTx","value":{"msg":[{"type":"cosmos-sdk/MsgCreateValidator","value":{"description":{"moniker":"Reveleum","identity":"","website":"","security_contact":"","details":""},"commission":{"rate":"0.100000000000000000","max_rate":"0.200000000000000000","max_change_rate":"0.010000000000000000"},"min_self_delegation":"1","delegator_address":"front1gy3wy4f8jcplmd8mrv9g5u0a9kps4jqp4f7ymf","validator_address":"frontvaloper1gy3wy4f8jcplmd8mrv9g5u0a9kps4jqppxv2je","pubkey":"frontvalconspub1zcjduepq2lrw8hc4lmv4d5cvejwc7xhvrvrqtscy2mzxwu0w3jrdhe3e5q2qaxx4ut","value":{"denom":"front","amount":"1000000000000"}}}],"fee":{"amount":[],"gas":"200000"},"signatures":[{"pub_key":{"type":"tendermint/PubKeySecp256k1","value":"AxFdIM7J4so+jN6mcb8koVmTSFnwWD4upvr6gODZzQjv"},"signature":"R2oYo3vtjyqoZLP1S/xrPpX4IBJrEcg9fW+vPbZjkRYjQzgXkjnt6yybI6kjA5Uuhb8s+SMLDyDXxrPuohH1Ww=="}],"memo":"14cec7b627ca125eeb8e42c931f9bfea30bac440@209.250.245.244:26656"}}
