{"type":"cosmos-sdk/StdTx","value":{"msg":[{"type":"cosmos-sdk/MsgCreateValidator","value":{"description":{"moniker":"Stip11","identity":"","website":"","security_contact":"","details":""},"commission":{"rate":"0.100000000000000000","max_rate":"0.200000000000000000","max_change_rate":"0.010000000000000000"},"min_self_delegation":"1","delegator_address":"front1u9wzeleda6fjqyh7pt9ct2jx3gvvhh7gmdcnct","validator_address":"frontvaloper1u9wzeleda6fjqyh7pt9ct2jx3gvvhh7g0z2a3m","pubkey":"frontvalconspub1zcjduepqew6h54c3tkp7pgeul46yykhg8aesp5kl3uqs47fhh4nqrs4r5ussjcspax","value":{"denom":"front","amount":"1000000000000"}}}],"fee":{"amount":[],"gas":"200000"},"signatures":[{"pub_key":{"type":"tendermint/PubKeySecp256k1","value":"AwxnfiXNwXAbQ/hhHGobtW0w69esg7X70PpUkoOLh36T"},"signature":"PTic7x5ljgKwVzsHRgtB2nAsrN8Uttq7OkIGRWYDiAU31VQ/nMWJwivZdC9Xx2qdJleDdzgVxvM5Fw6Qrto82Q=="}],"memo":"2c9bd87721604be90c4582577e7ee48fe20d3eb6@10.128.0.3:26656"}}
