{"type":"cosmos-sdk/StdTx","value":{"msg":[{"type":"cosmos-sdk/MsgCreateValidator","value":{"description":{"moniker":"trobertop","identity":"","website":"","security_contact":"","details":""},"commission":{"rate":"0.100000000000000000","max_rate":"0.200000000000000000","max_change_rate":"0.010000000000000000"},"min_self_delegation":"1","delegator_address":"front1vulqstsem83ngvs7j803a0gjcuqdpx4acj3y4a","validator_address":"frontvaloper1vulqstsem83ngvs7j803a0gjcuqdpx4avar2ud","pubkey":"frontvalconspub1zcjduepq5dev7ne66q52ja2gssn2h9rdky2cw7ymqgjyqhfjrwwmpvq9ha9sdgrg24","value":{"denom":"front","amount":"1000000000000"}}}],"fee":{"amount":[],"gas":"200000"},"signatures":[{"pub_key":{"type":"tendermint/PubKeySecp256k1","value":"AtKrABAOoE/EhoPrJkVj48MMVJ8YUXqKnpQeTadmWohs"},"signature":"Nm12tQMb2xf7zKana0mom5Kkt+jcep6RyUufhbs1CV1YF7Ie+cnOHC+rz94FECJZZXXjLfEvVGFilGE1cKbGIQ=="}],"memo":"17848c945056c1f97e0bd7af0bb02b00706beb35@185.125.217.116:26656"}}
