{"type":"cosmos-sdk/StdTx","value":{"msg":[{"type":"cosmos-sdk/MsgCreateValidator","value":{"description":{"moniker":"sergen","identity":"","website":"","security_contact":"","details":""},"commission":{"rate":"0.100000000000000000","max_rate":"0.200000000000000000","max_change_rate":"0.010000000000000000"},"min_self_delegation":"1","delegator_address":"front19lw69gcgdj6633af4pg9dh5ty492lfvv6twfu3","validator_address":"frontvaloper19lw69gcgdj6633af4pg9dh5ty492lfvvwyu84p","pubkey":"frontvalconspub1zcjduepqr86avde3va4y9p73ln6ur6uvce2aj96elekhrqe2ecrm0767vskq78k3uu","value":{"denom":"front","amount":"1000000000000"}}}],"fee":{"amount":[],"gas":"200000"},"signatures":[{"pub_key":{"type":"tendermint/PubKeySecp256k1","value":"Amf4QyDe4t0J43arrc5uxIVhDsLy0UAzLbmMdFv+4lkZ"},"signature":"wESlm89uN1tKeUuFTgLz7YhHwUd+C50PKWYf73TGeZcRW/ORQTvZWSiXETnEr2cLKQxb7rMnSgq5yz29gWoHEQ=="}],"memo":"54250193ca40d2b3878493ce323fc6847a6a145b@10.0.0.225:26656"}}