{"type":"cosmos-sdk/StdTx","value":{"msg":[{"type":"cosmos-sdk/MsgCreateValidator","value":{"description":{"moniker":"my_node","identity":"","website":"","security_contact":"","details":""},"commission":{"rate":"0.100000000000000000","max_rate":"0.200000000000000000","max_change_rate":"0.010000000000000000"},"min_self_delegation":"1","delegator_address":"front1n3t99whweujrxck9npem55nkhnqqmcr352ahsq","validator_address":"frontvaloper1n3t99whweujrxck9npem55nkhnqqmcr3q90ees","pubkey":"frontvalconspub1zcjduepq4ztntdrw58xnucuy7u5zhxhrt89m2k3w3zgsr7m7zfe86yh8y5ksfn45qr","value":{"denom":"front","amount":"1000000000000"}}}],"fee":{"amount":[],"gas":"200000"},"signatures":[{"pub_key":{"type":"tendermint/PubKeySecp256k1","value":"AuszhtHB5neaNXXRJraCZVNkQh1Dlc62kNkJvPZVhER0"},"signature":"sUdIVBY4raqeSpD1lUEJBj78R2HgeZ32qgOIcGIuEsAcLkZoBVTJtG4J108as+D1wbjJN/oT1hYoOignVvsnGA=="}],"memo":"4c49d0a6060dbe9055452e835bbc8e79ab731049@192.168.10.101:26656"}}
