{"type":"cosmos-sdk/StdTx","value":{"msg":[{"type":"cosmos-sdk/MsgCreateValidator","value":{"description":{"moniker":"21","identity":"","website":"","security_contact":"","details":""},"commission":{"rate":"0.100000000000000000","max_rate":"0.200000000000000000","max_change_rate":"0.010000000000000000"},"min_self_delegation":"1","delegator_address":"front1rlrslrkpz0mhjxvhxzgmwaqxlx3fauk039mxrx","validator_address":"frontvaloper1rlrslrkpz0mhjxvhxzgmwaqxlx3fauk092fg2k","pubkey":"frontvalconspub1zcjduepqdq7z2f53uvqx5ajehmh6eqmw3duvrxtpmz9e59ed0kq96tp96c6s2lekga","value":{"denom":"front","amount":"1000000000000"}}}],"fee":{"amount":[],"gas":"200000"},"signatures":[{"pub_key":{"type":"tendermint/PubKeySecp256k1","value":"Al3hAxnG9z2JLWMa6I8JFLuXYaKtJrKERKlcFuPsY8XT"},"signature":"0exYZMtpB8+pSOkbJmCMTK6lO3GR5pMo8VP/3RXuek87QQo1x/WLLbFLTt8nH+TR5hGDgbWbLjCyesO5ygPwmg=="}],"memo":"42eb893ecc4d6a203f9705c59db1ce08decaf012@95.179.131.4:26656"}}
