{"type":"cosmos-sdk/StdTx","value":{"msg":[{"type":"cosmos-sdk/MsgCreateValidator","value":{"description":{"moniker":"my_node","identity":"","website":"","security_contact":"","details":""},"commission":{"rate":"0.100000000000000000","max_rate":"0.200000000000000000","max_change_rate":"0.010000000000000000"},"min_self_delegation":"1","delegator_address":"front1g3r60pvpmrnqhu6n90cj4q6d454vtna79cj9dp","validator_address":"frontvaloper1g3r60pvpmrnqhu6n90cj4q6d454vtna73hqty3","pubkey":"frontvalconspub1zcjduepqwsla0tnrf0l5a23xy9mw5wgfmapl5fvp49r42rhcf2ft0lv0ej3qrrjp7u","value":{"denom":"front","amount":"1000000000000"}}}],"fee":{"amount":[],"gas":"200000"},"signatures":[{"pub_key":{"type":"tendermint/PubKeySecp256k1","value":"AoW9z+ue/eAlqQYCrTirRJkF7vBfgXxHP00Sdf5kzfA3"},"signature":"T66GRkiSqTDar7YQTE0UU4QkQg3slhajPDRpN+VJCtlsbV9E8YegpNRkIOryKR6+eRs/Tc8Jt3uPC12lhN9fXg=="}],"memo":"50e08dec504379e9c6b6a519c0861705154c2df9@192.168.1.4:26656"}}
