{"type":"cosmos-sdk/StdTx","value":{"msg":[{"type":"cosmos-sdk/MsgCreateValidator","value":{"description":{"moniker":"Askhat","identity":"","website":"","security_contact":"","details":""},"commission":{"rate":"0.100000000000000000","max_rate":"0.200000000000000000","max_change_rate":"0.010000000000000000"},"min_self_delegation":"1","delegator_address":"front14etwaf2xawt9m3p7ptsketax0shh8n5h2dytfn","validator_address":"frontvaloper14etwaf2xawt9m3p7ptsketax0shh8n5h7zk9qr","pubkey":"frontvalconspub1zcjduepqe9q87k9azzx7utrykuwev742wpltrdunydgdqkd2kvsgcv58275s3acwgg","value":{"denom":"front","amount":"1000000000000"}}}],"fee":{"amount":[],"gas":"200000"},"signatures":[{"pub_key":{"type":"tendermint/PubKeySecp256k1","value":"AlMO2xJHksFGulcF2xhtUMZ6e8bM2QKUUvvD9LVtYGIZ"},"signature":"Zx1VB0Zk85CIvtRiNjwGzDGyttdJoVYDKRoxx4EO+U9aNGkvnRyxg8D/8/NKreLFKnXnleQ9ucfB00r+YVdU/Q=="}],"memo":"29e8af54de8ce9e0e0529f5a35a89e0f8d5520bc@10.128.0.3:26656"}}
