{"type":"cosmos-sdk/StdTx","value":{"msg":[{"type":"cosmos-sdk/MsgCreateValidator","value":{"description":{"moniker":"my_node","identity":"","website":"","security_contact":"","details":""},"commission":{"rate":"0.100000000000000000","max_rate":"0.200000000000000000","max_change_rate":"0.010000000000000000"},"min_self_delegation":"1","delegator_address":"front1vghd23wu4y2tn3hz672weqralct99ahasydhwe","validator_address":"frontvaloper1vghd23wu4y2tn3hz672weqralct99ahaytle8f","pubkey":"frontvalconspub1zcjduepqwdhadwukvhl0u4syppztuf799frjefkqtl4g8afyrm39jd24e3ps2dftzu","value":{"denom":"front","amount":"1000000000000"}}}],"fee":{"amount":[],"gas":"200000"},"signatures":[{"pub_key":{"type":"tendermint/PubKeySecp256k1","value":"AjLMV23WHcr8SoF0Qbp88Kx4CWNjtR3k8QwELyGLeb86"},"signature":"BOG9txyTxS+l2r3Ez/AFtFbpAlEsEqiHvBxMbqU/d1kMBGBchYTmY7MUfLG7RYbBs85FXm4NHIsNtPj4nhVHKw=="}],"memo":"170adb64a4f024f480ca363696f9534b8ed73904@142.93.237.79:26656"}}
