{"type":"cosmos-sdk/StdTx","value":{"msg":[{"type":"cosmos-sdk/MsgCreateValidator","value":{"description":{"moniker":"yixian","identity":"","website":"","security_contact":"","details":""},"commission":{"rate":"0.100000000000000000","max_rate":"0.200000000000000000","max_change_rate":"0.010000000000000000"},"min_self_delegation":"1","delegator_address":"front17cyzekqetmdk9cjwvfzlj6uzmkgmtqjst9rvmu","validator_address":"frontvaloper17cyzekqetmdk9cjwvfzlj6uzmkgmtqjsl23zjv","pubkey":"frontvalconspub1zcjduepqfn6jw6gsns9nywvyyh0vejh8z64l8qxwluxun6jmpvmncw7d6fqqnz9ge5","value":{"denom":"front","amount":"1000000000000"}}}],"fee":{"amount":[],"gas":"200000"},"signatures":[{"pub_key":{"type":"tendermint/PubKeySecp256k1","value":"A7vKtmFQZ55BtsmwBgzUSbSf/hgDzx3pHCtwwzGWSJ8O"},"signature":"8WXZyKFnIp+wF5Quxb/7yf4Bo4W3xvJxG8SXsBvy9YZKcbKTvbR0BYDJE1rPg6TO98eqq1296d+LHE36R5PUkQ=="}],"memo":"26e5568f0bd7cb1db146fa0fcbd61467e48d5068@172.31.22.236:26656"}}
