{"type":"cosmos-sdk/StdTx","value":{"msg":[{"type":"cosmos-sdk/MsgCreateValidator","value":{"description":{"moniker":"cba2121","identity":"","website":"","security_contact":"","details":""},"commission":{"rate":"0.100000000000000000","max_rate":"0.200000000000000000","max_change_rate":"0.010000000000000000"},"min_self_delegation":"1","delegator_address":"front1rjs2hpwy5gk2x77seh72mntjrj0du5tzh4jg8g","validator_address":"frontvaloper1rjs2hpwy5gk2x77seh72mntjrj0du5tzr6qxwc","pubkey":"frontvalconspub1zcjduepqvlec23rjwf0upzg684t4xk9g5rfmkwp8nvkw9rycydzj9xqkyk6q9cld3m","value":{"denom":"front","amount":"1000000000000"}}}],"fee":{"amount":[],"gas":"200000"},"signatures":[{"pub_key":{"type":"tendermint/PubKeySecp256k1","value":"ApTYBXDtjJeKIZDjrXCuMeIDhRbcCVm53/JquO9BMn+7"},"signature":"TgA6IecZNQsOQ9mmqgvdv9lvkCMcOonG9MOskGqeG0cjdzKZl8HCnVDZX1olMZ1gw0CQuo0HI5FgAcJQ7m47+Q=="}],"memo":"509fc3b515aef9db4aa7557fca47a0a8b436adc3@64.227.127.43:26656"}}
