{"type":"cosmos-sdk/StdTx","value":{"msg":[{"type":"cosmos-sdk/MsgCreateValidator","value":{"description":{"moniker":"NodesGuru","identity":"","website":"","security_contact":"","details":""},"commission":{"rate":"0.100000000000000000","max_rate":"0.200000000000000000","max_change_rate":"0.010000000000000000"},"min_self_delegation":"1","delegator_address":"front19w2sxpp9w6aztple200urlhllsmwm46faee4mf","validator_address":"frontvaloper19w2sxpp9w6aztple200urlhllsmwm46ffktmje","pubkey":"frontvalconspub1zcjduepqcj3wp7f549g940xq6kt8dm2ncqpyxrewxg5258mjgdm69xacvt0sfld5h6","value":{"denom":"front","amount":"1000000000000"}}}],"fee":{"amount":[],"gas":"200000"},"signatures":[{"pub_key":{"type":"tendermint/PubKeySecp256k1","value":"Ax4cDYcRl1J8VMjK82moHOfTh4VWLULqxY4HlrcMlKFc"},"signature":"yS7SIO53qwTqoOVtEe1eXpv4qtw/FdAfyM4gy9s2YSkarOk7WqFh545joGH0LPCuIkxDgeFoW2WuXvL8PPZ6XQ=="}],"memo":"dc802fd171748a5e1d0d5ab6c017fc1d9963c722@167.172.180.108:26656"}}
