{"type":"cosmos-sdk/StdTx","value":{"msg":[{"type":"cosmos-sdk/MsgCreateValidator","value":{"description":{"moniker":"straya","identity":"","website":"","security_contact":"","details":""},"commission":{"rate":"0.100000000000000000","max_rate":"0.200000000000000000","max_change_rate":"0.010000000000000000"},"min_self_delegation":"1","delegator_address":"front19syfs4u77eqk3ssu6hefndax3pmfhtfwghu8gd","validator_address":"frontvaloper19syfs4u77eqk3ssu6hefndax3pmfhtfwucwfpa","pubkey":"frontvalconspub1zcjduepqpq2jzt4wl9gvr95p0zx3263tym568hy9jt69ha7njayhuxz595dswvrht7","value":{"denom":"front","amount":"1000000000000"}}}],"fee":{"amount":[],"gas":"200000"},"signatures":[{"pub_key":{"type":"tendermint/PubKeySecp256k1","value":"AsQY/7+dErbGpFfaZI1tMVclZIF6BieIh+1NS+VC9tRy"},"signature":"nkHjr+RKjp9h00PkCQ2PxCYf5tbRXHAOPUo25lNutDd9+mb546xIEs/N+fjrhR7gYi7Ew+1W1BdPZevTVwJzDg=="}],"memo":"52fe01eb9a08ca43ce0cb01c44fcd6256dd052d7@192.168.200.224:26656"}}
