{"type":"cosmos-sdk/StdTx","value":{"msg":[{"type":"cosmos-sdk/MsgCreateValidator","value":{"description":{"moniker":"my_node","identity":"","website":"","security_contact":"","details":""},"commission":{"rate":"0.100000000000000000","max_rate":"0.200000000000000000","max_change_rate":"0.010000000000000000"},"min_self_delegation":"1","delegator_address":"front1p7met9u253f0l58p24vqkm0tzpwt2hq3fhkqk9","validator_address":"frontvaloper1p7met9u253f0l58p24vqkm0tzpwt2hq3acywl4","pubkey":"frontvalconspub1zcjduepqsyqpfkvx6cwz8ws89tzdv3ktz6nslkwcp96vsrt74m2ulcvnmhgshkn5y2","value":{"denom":"front","amount":"1000000000000"}}}],"fee":{"amount":[],"gas":"200000"},"signatures":[{"pub_key":{"type":"tendermint/PubKeySecp256k1","value":"AoFi4BrkWKPRvfEyGcgaNQnJN1nRRKFpqJxgqxw586xG"},"signature":"iqkmnPS4mwKY1AgqLpzdsoVN+8TknQjdhd6uQkg35AMg0kuASW9uF1okn4aFH8IKKCYVbFnaBg3ET9H5Gb0nTg=="}],"memo":"51069d2a1e3b45f913cd3d3ecca47e16d6b98c15@134.122.66.43:26656"}}
