{"type":"cosmos-sdk/StdTx","value":{"msg":[{"type":"cosmos-sdk/MsgCreateValidator","value":{"description":{"moniker":"my_node","identity":"","website":"","security_contact":"","details":""},"commission":{"rate":"0.100000000000000000","max_rate":"0.200000000000000000","max_change_rate":"0.010000000000000000"},"min_self_delegation":"1","delegator_address":"front1hmua2dtagp9qv0yz98rgu03wf8k4f432f3vswf","validator_address":"frontvaloper1hmua2dtagp9qv0yz98rgu03wf8k4f432a7778e","pubkey":"frontvalconspub1zcjduepqmz9jhrx45nxs69h6z54pkjf3xkwu0dd793kg8vrr0ypj0azytffqnvze38","value":{"denom":"front","amount":"1000000000000"}}}],"fee":{"amount":[],"gas":"200000"},"signatures":[{"pub_key":{"type":"tendermint/PubKeySecp256k1","value":"A52g7Jt5GxQmb7NaknwyFdm0OKyDG+eohhxJDKXkakCS"},"signature":"0S8sq9iPBOq1BwTCscdffPQOmvxurt9nBI7Bt6+MdL15ZBTdcSLCGHKhEzksTqOMSvfYL/MPQW9z0e0ryvEWoA=="}],"memo":"0b01486cd1563d062416213721e32ef8d54f20a5@192.168.0.101:26656"}}
