{"type":"cosmos-sdk/StdTx","value":{"msg":[{"type":"cosmos-sdk/MsgCreateValidator","value":{"description":{"moniker":"rick","identity":"","website":"","security_contact":"","details":""},"commission":{"rate":"0.100000000000000000","max_rate":"0.200000000000000000","max_change_rate":"0.010000000000000000"},"min_self_delegation":"1","delegator_address":"front1qumjep58v7523gq69j0ypserulrhk7ncjs5z4u","validator_address":"frontvaloper1qumjep58v7523gq69j0ypserulrhk7ncxlxvuv","pubkey":"frontvalconspub1zcjduepqsgev0pfrsmze2xn0pvuckkyrgm906dxfzek53rlq6j4x0uu8mc9s9w3e0y","value":{"denom":"front","amount":"1000000000000"}}}],"fee":{"amount":[],"gas":"200000"},"signatures":[{"pub_key":{"type":"tendermint/PubKeySecp256k1","value":"A3xsiCejhUnAbRgmQ4rpiL3xdR7ESWNz04AY1u3yhoJU"},"signature":"XH7I5LD1fRqKkp2cn4ZNr2qXKdSw3FyDpSj5u1xHGYQTXWbZ2TZpQtSd25ZqmPACHF9PbugE8yYhwtvdGCcC+A=="}],"memo":"39d2a94374996b5ceb8953ec5dd40dc3cad6dae1@199.247.17.79:26656"}}
