{"type":"cosmos-sdk/StdTx","value":{"msg":[{"type":"cosmos-sdk/MsgCreateValidato         r","value":{"description":{"moniker":"BitFriend","identity":"","website":"","sec         urity_contact":"","details":""},"commission":{"rate":"0.100000000000000000","max         _rate":"0.200000000000000000","max_change_rate":"0.010000000000000000"},"min_sel         f_delegation":"1","delegator_address":"front1pw2l2wguned555p9xgrph4l0hyl83slkxhr         yar","validator_address":"frontvaloper1pw2l2wguned555p9xgrph4l0hyl83slkjc325n","         pubkey":"frontvalconspub1zcjduepqyzrpjl4f0edx2x8l95jmh5f6angvzt7enhf740gwjsnn0gs         6zrwsa5kvvj","value":{"denom":"front","amount":"1000000000000"}}}],"fee":{"amoun         t":[],"gas":"200000"},"signatures":[{"pub_key":{"type":"tendermint/PubKeySecp256         k1","value":"A+okoXRICQKzlQQ5tetafjro6UGoDygToBNi8Q84QVP3"},"signature":"R2RoTm9         qA+Z87potKr8NMAfnwnom7xsG8UQsNuMMlFxrHnWWz4H3ItkRViGBEY8W99Z3Y9HFySfALVGS/tGT8A=         ="}],"memo":"3c943dd2a65d91d0239a5e7a8686bd4760114097@161.35.222.200:26656"}}
