{"type":"cosmos-sdk/StdTx","value":{"msg":[{"type":"cosmos-sdk/MsgCreateValidator","value":{"description":{"moniker":"Planemo","identity":"","website":"","security_contact":"","details":""},"commission":{"rate":"0.100000000000000000","max_rate":"0.200000000000000000","max_change_rate":"0.010000000000000000"},"min_self_delegation":"1","delegator_address":"front1cyyufl9szyjtnd49gy7szfv43t3ukdaqugqnu6","validator_address":"frontvaloper1cyyufl9szyjtnd49gy7szfv43t3ukdaqg8ja42","pubkey":"frontvalconspub1zcjduepq2ccq22cnmqm7hfhpme45n97revue0yfzrhctefq8zhumw3vjkk2q3f4er0","value":{"denom":"front","amount":"1000000000000"}}}],"fee":{"amount":[],"gas":"200000"},"signatures":[{"pub_key":{"type":"tendermint/PubKeySecp256k1","value":"AjY2fa3abPaVEKubEp2BdLtnv0tE+hQD8exHuR1Wphou"},"signature":"+m+gSid7oSTCuC34gm/Cqri2C1sWC/iAqTz7D3PnMK8L/KN20fjLJWiM1G9En0Kv3V+DqftUFa7dKg1wfJXEBQ=="}],"memo":"2cc5ca4492229ac2fc86fd9a6db466fff26fa984@134.195.196.148:26656"}}