{"type":"cosmos-sdk/StdTx","value":{"msg":[{"type":"cosmos-sdk/MsgCreateValidator","value":{"description":{"moniker":"heimu","identity":"","website":"","security_contact":"","details":""},"commission":{"rate":"0.100000000000000000","max_rate":"0.200000000000000000","max_change_rate":"0.010000000000000000"},"min_self_delegation":"1","delegator_address":"front1924nqg8kczq8mm3uj0vm6ekkug0qddsg78em2v","validator_address":"frontvaloper1924nqg8kczq8mm3uj0vm6ekkug0qddsg2gt4ru","pubkey":"frontvalconspub1zcjduepqs9947z70mp340xte7cx6zd0lp3847rhpvec86xys78t40rcmscnq9aqq2e","value":{"denom":"front","amount":"1000000000000"}}}],"fee":{"amount":[],"gas":"200000"},"signatures":[{"pub_key":{"type":"tendermint/PubKeySecp256k1","value":"A1fi234EKGvQDctfy0dOmVXEKoxIkFRfsJsOBS/fO8yM"},"signature":"RFXNQS9LK6Gt8voI8QlFtpgLaSgmwZnE4rfj2bGBmXQxMaiRxWXabdbjVd6E2+tLv6p/mFpB3ljprK/JPXvUpg=="}],"memo":"207c18125a27a7a826ed125633b8ccc6148dbb71@172.22.0.2:26656"}}
