{"type":"cosmos-sdk/StdTx","value":{"msg":[{"type":"cosmos-sdk/MsgCreateValidator","value":{"description":{"moniker":"mirceafront","identity":"","website":"","security_contact":"","details":""},"commission":{"rate":"0.100000000000000000","max_rate":"0.200000000000000000","max_change_rate":"0.010000000000000000"},"min_self_delegation":"1","delegator_address":"front1depxdw6k2dl9zxrd45y3ggu3u788vgykg20a0q","validator_address":"frontvaloper1depxdw6k2dl9zxrd45y3ggu3u788vgyku9anxs","pubkey":"frontvalconspub1zcjduepqvjsa22ynzdfyka3xeackkwgxmwvxa3f4w0wctw0upntq227z0m5svl74ss","value":{"denom":"front","amount":"1000000000000"}}}],"fee":{"amount":[],"gas":"200000"},"signatures":[{"pub_key":{"type":"tendermint/PubKeySecp256k1","value":"Ag/+b73+tBrrBxKDC6gVPkxuxUw6KMzgt/mznIKIC1cr"},"signature":"yNpGbmmWCHZ1R3eonm9YY6P6peUfWbqP36GOC/BL9/81fx+rKjumuLHn4u1K3DM5EzQkn3ZdzidgzVjydDcpLQ=="}],"memo":"1781ff4db326513db462f36fc2ec27dfd8a92a6d@62.113.112.7:26656"}}
