{"type":"cosmos-sdk/StdTx","value":{"msg":[{"type":"cosmos-sdk/MsgCreateValidator","value":{"description":{"moniker":"age7397","identity":"","website":"","security_contact":"","details":""},"commission":{"rate":"0.100000000000000000","max_rate":"0.200000000000000000","max_change_rate":"0.010000000000000000"},"min_self_delegation":"1","delegator_address":"front12dq7w9r465g0rpp7etjwjxmuychhfcs07pggcy","validator_address":"frontvaloper12dq7w9r465g0rpp7etjwjxmuychhfcs02w6x35","pubkey":"frontvalconspub1zcjduepqqwuvjv7le7xs4d4dusf204vunh64kfkfajzu69vzreen37nptxxqq5zah8","value":{"denom":"front","amount":"1000000000000"}}}],"fee":{"amount":[],"gas":"200000"},"signatures":[{"pub_key":{"type":"tendermint/PubKeySecp256k1","value":"A8D5QGkhUjE6Jk7TeVzewVNvnOS1I2V++2ly/OHA+alS"},"signature":"GrIEckyG32SJjL6J5/GL2aHXzVkAW8YHIvmSEb8UEzNto00jZO5cChzD2NGoMsY2QPPbIdApRZE0fEzJBkT9JQ=="}],"memo":"5398dffac0590c02b8f0e4d5291f6e08ef5f4985@178.20.44.94:26656"}}
