{"type":"cosmos-sdk/StdTx","value":{"msg":[{"type":"cosmos-sdk/MsgCreateValidator","value":{"description":{"moniker":"hance","identity":"","website":"","security_contact":"","details":""},"commission":{"rate":"0.100000000000000000","max_rate":"0.200000000000000000","max_change_rate":"0.010000000000000000"},"min_self_delegation":"1","delegator_address":"front15leru0k09ucfhqkvnw4weuq5rl7wsa8seakxnj","validator_address":"frontvaloper15leru0k09ucfhqkvnw4weuq5rl7wsa8sdjyg6z","pubkey":"frontvalconspub1zcjduepqz8ue3zavfxs3ugmwx4tuqq20gnq7ssv5wepr99rcxn2hjykc4gls9sntv3","value":{"denom":"front","amount":"1000000000000"}}}],"fee":{"amount":[],"gas":"200000"},"signatures":[{"pub_key":{"type":"tendermint/PubKeySecp256k1","value":"A2cYwlc9h8pLyFs0BKPiz8je7HD8/OE6G+c/k9BheNXV"},"signature":"pgsa/7Z4Wcn28RdsReJlZ4IS11uiVFF57DELxioAkFwsZAlhwe2NeSzjyIwVM2JmULq7CAIJLISZNrLxStv/zg=="}],"memo":"34036f674fbee40fec2b07fec1a28676c57a60c8@10.200.0.2:26656"}}
