{"type":"cosmos-sdk/StdTx","value":{"msg":[{"type":"cosmos-sdk/MsgCreateValidator","value":{"description":{"moniker":"viskason","identity":"","website":"","security_contact":"","details":""},"commission":{"rate":"0.100000000000000000","max_rate":"0.200000000000000000","max_change_rate":"0.010000000000000000"},"min_self_delegation":"1","delegator_address":"front194p49helqqma0lyev073y55njl06z70jaa0wdc","validator_address":"frontvaloper194p49helqqma0lyev073y55njl06z70jfjaqyg","pubkey":"frontvalconspub1zcjduepq35en99qy8wqd85vxkdcpc2f5fj8x90ck0k6e35xu2c8hag26d6xqr088me","value":{"denom":"front","amount":"1000000000000"}}}],"fee":{"amount":[],"gas":"200000"},"signatures":[{"pub_key":{"type":"tendermint/PubKeySecp256k1","value":"AkdKjc7sXAF9VuAFgmq3MlXGsQQbH8Zk7xz7AgCyk/Np"},"signature":"PX5ZYu0wPleppUqvcQkE+gtBkGP/6jXzJAnh+MUppspJPZR8ILQekh4phaxmxk8Znci31DjtEDp599Foi84fjQ=="}],"memo":"0664fbb7c8b0cd9ef070455d7c26c52a94d62b3a@65.21.109.151:26656"}}
