{"type":"cosmos-sdk/StdTx","value":{"msg":[{"type":"cosmos-sdk/MsgCreateValidator","value":{"description":{"moniker":"my_node","identity":"","website":"","security_contact":"","details":""},"commission":{"rate":"0.100000000000000000","max_rate":"0.200000000000000000","max_change_rate":"0.010000000000000000"},"min_self_delegation":"1","delegator_address":"front164j09hzyp6tv6aghglsttaf6ylvfskpgxrlgft","validator_address":"frontvaloper164j09hzyp6tv6aghglsttaf6ylvfskpgjvdxqm","pubkey":"frontvalconspub1zcjduepqpwpajtgltkml4ktm7gc82rs9saqn0akv6jpmpvnvh82etmal8q4sr30pzc","value":{"denom":"front","amount":"1000000000000"}}}],"fee":{"amount":[],"gas":"200000"},"signatures":[{"pub_key":{"type":"tendermint/PubKeySecp256k1","value":"AqVImPe/n4Q+Bbw73NFGWaSYsNaO4LEPDFZIfGyXsQRV"},"signature":"7FVhaV1PB538h/bAPvGyCJn/Ov5bdFZSr8JaUU/VFFhiw//3FkwuGWaOgVfOYJo2yg20VqXprdUwUVM+/KyZ1A=="}],"memo":"0e534b6a4d4d3060fbb7a879aa74173250ca8109@45.32.44.49:26656"}}
