{"type":"cosmos-sdk/StdTx","value":{"msg":[{"type":"cosmos-sdk/MsgCreateValidator","value":{"description":{"moniker":"ares","identity":"","website":"","security_contact":"","details":""},"commission":{"rate":"0.100000000000000000","max_rate":"0.200000000000000000","max_change_rate":"0.010000000000000000"},"min_self_delegation":"1","delegator_address":"front14wygxcw08y6feex50xjnvezc0g2mxxe8p39te0","validator_address":"frontvaloper14wygxcw08y6feex50xjnvezc0g2mxxe847h9sl","pubkey":"frontvalconspub1zcjduepqhcey9h2guxzqagrlmvqdvs083tq7zm24vlwygel7ltvfmkm4wu0s64dca3","value":{"denom":"front","amount":"1000000000000"}}}],"fee":{"amount":[],"gas":"200000"},"signatures":[{"pub_key":{"type":"tendermint/PubKeySecp256k1","value":"A6zhiwMnjToFyNeP0g+sUBZBmRkvJKKq+sFZmOe72RnH"},"signature":"VbEC38FEcFdu9FaMZJLMpfH5Fv3k8hONc3zzLbsjxChXYAtPyoZtVDYNeRey4WNg/Wk2F9mzigGR05wmvOkgUA=="}],"memo":"239f147698d4d17bacab3e888ad1da8d7a19761f@157.230.116.85:26656"}}
