{"type":"cosmos-sdk/StdTx","value":{"msg":[{"type":"cosmos-sdk/MsgCreateValidator","value":{"description":{"moniker":"antaeus","identity":"","website":"","security_contact":"","details":""},"commission":{"rate":"0.100000000000000000","max_rate":"0.200000000000000000","max_change_rate":"0.010000000000000000"},"min_self_delegation":"1","delegator_address":"front1xd5sw6tmnyczyvnqp5ujxhhrvyd5lc6jdagm8n","validator_address":"frontvaloper1xd5sw6tmnyczyvnqp5ujxhhrvyd5lc6jej64wr","pubkey":"frontvalconspub1zcjduepq0rvuxsu65zuchvj5qjakckyct247mnwf8s7txzm4j8rpxuxlaycsfd6gvw","value":{"denom":"front","amount":"1000000000000"}}}],"fee":{"amount":[],"gas":"200000"},"signatures":[{"pub_key":{"type":"tendermint/PubKeySecp256k1","value":"A3TVDDzG+hrMePG9VJLQucEH+fbo9ETHzXABVf8iZua0"},"signature":"UStpQVc6zx7ZkJnmTj67wHIvFmK5go75tWb6ILsoLm5GnU8tWxvaebfXzhW7mbE1UuYHUBk/Alal9KhTrZnDTA=="}],"memo":"08718ac4438f2317d8eb83e3baa5a7b73d450802@167.71.231.191:26656"}}
