{"type":"cosmos-sdk/StdTx","value":{"msg":[{"type":"cosmos-sdk/MsgCreateValidator","value":{"description":{"moniker":"my_node","identity":"","website":"","security_contact":"","details":""},"commission":{"rate":"0.100000000000000000","max_rate":"0.200000000000000000","max_change_rate":"0.010000000000000000"},"min_self_delegation":"1","delegator_address":"front1qpvc0ca4wp2ja26unfdydr48r7g3k4w7qz08pa","validator_address":"frontvaloper1qpvc0ca4wp2ja26unfdydr48r7g3k4w75dafgd","pubkey":"frontvalconspub1zcjduepqehlk4rngnvt2rz6gsg5wtxcyk0d0lg58xrl2p4rs8sthlk9dwv2stgsvrt","value":{"denom":"front","amount":"1000000000000"}}}],"fee":{"amount":[],"gas":"200000"},"signatures":[{"pub_key":{"type":"tendermint/PubKeySecp256k1","value":"A95QHSwnXBo7aNVAWwu3DouBEiFECBN4xsVu/SHX2ZP6"},"signature":"6+lx8nOGLF6xceIHD3DuPJr1Wixk2Ean0cuLXyNgbV9Lj3JG+PZIVqerlZ1EKiTrhftdSeAjJ8JdY5Wkby0QBQ=="}],"memo":"50c88318c96982e93d26091c491f18cfa8bc9442@144.91.66.12:26656"}}
