{"type":"cosmos-sdk/StdTx","value":{"msg":[{"type":"cosmos-sdk/MsgCreateValidator","value":{"description":{"moniker":"Node4Life","identity":"","website":"","security_contact":"","details":""},"commission":{"rate":"0.100000000000000000","max_rate":"0.200000000000000000","max_change_rate":"0.010000000000000000"},"min_self_delegation":"1","delegator_address":"front1ssnhdm7jx0p8mjclxksmf08mzjp6e5srgrd3xw","validator_address":"frontvaloper1ssnhdm7jx0p8mjclxksmf08mzjp6e5sruvll07","pubkey":"frontvalconspub1zcjduepqfdz35373lwv3knntzs5az77vdsdfyjclu4jw0ypz5fez3u5r5u0s8wl242","value":{"denom":"front","amount":"1000000000000"}}}],"fee":{"amount":[],"gas":"200000"},"signatures":[{"pub_key":{"type":"tendermint/PubKeySecp256k1","value":"As+baxVc7W2FtDa9spcgycTRPsfCDyJI1+dkJwTELaQO"},"signature":"suX9sJz4Fen0FjFNPkyYKGgD7NIpAWRibwWIWenu+jUcxYdiYptNNxtrBtfIq+vdpytdV0JSY33bnseRtgjeuA=="}],"memo":"21f86c30faa99cb9e0f14fc651d237ce676a02e3@65.21.106.28:26656"}}