{"type":"cosmos-sdk/StdTx","value":{"msg":[{"type":"cosmos-sdk/MsgCreateValidator","value":{"description":{"moniker":"NodesGuru","identity":"","website":"","security_contact":"","details":""},"commission":{"rate":"0.100000000000000000","max_rate":"0.200000000000000000","max_change_rate":"0.010000000000000000"},"min_self_delegation":"1","delegator_address":"front10y0dyyc7ppj3xhwcm94lmz4mgyyxf4j5u7gap0","validator_address":"frontvaloper10y0dyyc7ppj3xhwcm94lmz4mgyyxf4j5g36ngl","pubkey":"frontvalconspub1zcjduepqsvsd7vu426uvpwd6a697z8uwks04lmqec6rqakkgu4fatjxapy6suuywn7","value":{"denom":"front","amount":"1000000000000"}}}],"fee":{"amount":[],"gas":"200000"},"signatures":[{"pub_key":{"type":"tendermint/PubKeySecp256k1","value":"AlgQPSUay1aWnCWH4aV0GYKZ3rK5gCwoVtYqkmO4l026"},"signature":"6Nqrdg3YKM74R2whTI/+y+1VQz87kjWj+sI3aeadUPJFkMhIq7ykXKJhY+n7LsOLgLIBoA+sVdWtdNrYHQLIyA=="}],"memo":"460c8518a1b3ca60a83ea7e6017021c1b7e31ce1@192.168.1.3:26656"}}
