{"type":"cosmos-sdk/StdTx","value":{"msg":[{"type":"cosmos-sdk/MsgCreateValidator","value":{"description":{"moniker":"BitcoinNo1","identity":"","website":"","security_contact":"","details":""},"commission":{"rate":"0.100000000000000000","max_rate":"0.200000000000000000","max_change_rate":"0.010000000000000000"},"min_self_delegation":"1","delegator_address":"front1v0yxuh90sy8wzmdkazuzrfz4rm6jnds08p002v","validator_address":"frontvaloper1v0yxuh90sy8wzmdkazuzrfz4rm6jnds0nwapru","pubkey":"frontvalconspub1zcjduepqcgh42sh82ukffklcg8367c53qrq0hslux4k8ru56xuhhtzscj0tq50uupc","value":{"denom":"front","amount":"1000000000000"}}}],"fee":{"amount":[],"gas":"200000"},"signatures":[{"pub_key":{"type":"tendermint/PubKeySecp256k1","value":"A6JoN3vF3E7nIWBlk+rGwBn8Y+BmZDOYcwi+vUoPpz7w"},"signature":"Y2ePnaVi1TRkKFR4fwuN1zig6aMvqz9IX6nqmOIxx35XPxsNyFfPw8zK4J9p/VROgYOzfXCy4SU08gIpZOW/6w=="}],"memo":"40346eb7ab900be9c773942eb3b77ecceff34fda@172.17.0.2:26656"}}
