{"type":"cosmos-sdk/StdTx","value":{"msg":[{"type":"cosmos-sdk/MsgCreateValidator","value":{"description":{"moniker":"my_node","identity":"","website":"","security_contact":"","details":""},"commission":{"rate":"0.100000000000000000","max_rate":"0.200000000000000000","max_change_rate":"0.010000000000000000"},"min_self_delegation":"1","delegator_address":"front1xs4dphpdxf3anltj6j5fwqf8l3e5ctzn679q5q","validator_address":"frontvaloper1xs4dphpdxf3anltj6j5fwqf8l3e5ctznw3hwas","pubkey":"frontvalconspub1zcjduepq0wpfwgg3zggqfd8wrrwm7atd9pstt4aaptj9jk4lzxn78mfqqulsy9u9ch","value":{"denom":"front","amount":"1000000000000"}}}],"fee":{"amount":[],"gas":"200000"},"signatures":[{"pub_key":{"type":"tendermint/PubKeySecp256k1","value":"Akt1vpQX1nqOHsDuIos9x4sSYQf4QGjJNjwTy81u3Rp8"},"signature":"sUQE/GLvc2h1xtdWrn4ylYK1oU3Fqd5vqnkj9TbmQFovzPvH9vFbo/kfZBRLn1M5x5r/GWFHRMbLsN0gk04QRg=="}],"memo":"25292ae025e02520a6815cd4a798db27cbf5de73@172.22.0.5:26656"}}
