{"type":"cosmos-sdk/StdTx","value":{"msg":[{"type":"cosmos-sdk/MsgCreateValidator","value":{"description":{"moniker":"VLT029","identity":"","website":"","security_contact":"","details":""},"commission":{"rate":"0.100000000000000000","max_rate":"0.200000000000000000","max_change_rate":"0.010000000000000000"},"min_self_delegation":"1","delegator_address":"front1cjva8ledytahfvel5kkqfz2jqylsvmsx74789s","validator_address":"frontvaloper1cjva8ledytahfvel5kkqfz2jqylsvmsx26vfvq","pubkey":"frontvalconspub1zcjduepqlnljen5785y9vstvc2u7k378htp2xvxl6qw8esmr9rk0v7zxjjust3us6l","value":{"denom":"front","amount":"1000000000000"}}}],"fee":{"amount":[],"gas":"200000"},"signatures":[{"pub_key":{"type":"tendermint/PubKeySecp256k1","value":"A66ik9punjqECu9208l6MmIhV8KZQ9BqKf5JmMpGIwrU"},"signature":"wFDpmDRfZN888LL65CzcMD88P+N9RlOK3KRH8aCVwWUEFYJwn0QYTydkA9xoZikIEEZjSGMeIKnhw5eX/2IySQ=="}],"memo":"1a82c08217bf2a8489c7ad43aa3b11858283e10a@46.161.38.95:26656"}}
