{"type":"cosmos-sdk/StdTx","value":{"msg":[{"type":"cosmos-sdk/MsgCreateValidator","value":{"description":{"moniker":"prizrak070","identity":"","website":"","security_contact":"","details":""},"commission":{"rate":"0.100000000000000000","max_rate":"0.200000000000000000","max_change_rate":"0.010000000000000000"},"min_self_delegation":"1","delegator_address":"front1k2ah3fryvkehujgzr3v6g9hq3x8ue4h5fzla4y","validator_address":"frontvaloper1k2ah3fryvkehujgzr3v6g9hq3x8ue4h5addnu5","pubkey":"frontvalconspub1zcjduepq52smrpcgmfdkupaalpg7jh47tvx0ed4g3837q9z0n6xzaevmg73srxh6wz","value":{"denom":"front","amount":"1000000000000"}}}],"fee":{"amount":[],"gas":"200000"},"signatures":[{"pub_key":{"type":"tendermint/PubKeySecp256k1","value":"AyOGcW3mFlm+4EKTRiNg7bOmvtDvYEUSMY517gvFKEK0"},"signature":"QG92evu8j/hjA9CswhSagCMbjNqbhNl8HHrtMQtGXZVqOJXhNMwVm+sWtGw8416wE3vWDwREJffNgfw33o/puw=="}],"memo":"041f55a72895649b4757a834656f59ecbd42fe57@185.197.74.67:26656"}}
