{"type":"cosmos-sdk/StdTx","value":{"msg":[{"type":"cosmos-sdk/MsgCreateValidator","value":{"description":{"moniker":"maximillllian","identity":"","website":"","security_contact":"","details":""},"commission":{"rate":"0.100000000000000000","max_rate":"0.200000000000000000","max_change_rate":"0.010000000000000000"},"min_self_delegation":"1","delegator_address":"front1u8tr4sakgw5gdw0hrrpfyrptzwlz4222kkv85x","validator_address":"frontvaloper1u8tr4sakgw5gdw0hrrpfyrptzwlz4222ze7fak","pubkey":"frontvalconspub1zcjduepqcyfmc4tty48z2qlt7ezwzljdhuukpr88muv0zffjc0qcsw3p4xuqgur27y","value":{"denom":"front","amount":"1000000000000"}}}],"fee":{"amount":[],"gas":"200000"},"signatures":[{"pub_key":{"type":"tendermint/PubKeySecp256k1","value":"A5KPrbm6yoK6dDzuMm6INqc/A9dSNt6KA1aXq3YxODKF"},"signature":"GbOMj1YwLgsXKC483EWf2lT5RXlFTtv7W5SGtcHArZoOH+1kCbmdtUjO/g1SNqKta+IsVfn8neQTigBE5TzhsA=="}],"memo":"3d440cc820722ae2e0e337101e4e1a3328766c13@64.227.115.33:26656"}}
