{"type":"cosmos-sdk/StdTx","value":{"msg":[{"type":"cosmos-sdk/MsgCreateValidator","value":{"description":{"moniker":"dallas2","identity":"","website":"","security_contact":"","details":""},"commission":{"rate":"0.100000000000000000","max_rate":"0.200000000000000000","max_change_rate":"0.010000000000000000"},"min_self_delegation":"1","delegator_address":"front13dm0pxrgryvhzxp02vxmp5v7gzkhetpehwd2ca","validator_address":"frontvaloper13dm0pxrgryvhzxp02vxmp5v7gzkhetperply3d","pubkey":"frontvalconspub1zcjduepqtvnugj8xh6jvydkh9tgkrpznk7rayzahe7n00xamgh2xhvgynh3ska920z","value":{"denom":"front","amount":"1000000000000"}}}],"fee":{"amount":[],"gas":"200000"},"signatures":[{"pub_key":{"type":"tendermint/PubKeySecp256k1","value":"ArnUoAu7GG6nZMdILXmtO+gZVhr31AC4QXqjzkSfWu4+"},"signature":"9rsKnN10LviPWW/M+mD/oPexrm8lPoQNEnnxyHuMpg5Vo9WakKrTnDYg9H2Z/fFj4nZ2veADKGo0/HGBKuzBvg=="}],"memo":"21e8fa22ac2aca6de0e1d63401ecd95f1b445634@172.31.62.22:26656"}}
