{"type":"cosmos-sdk/StdTx","value":{"msg":[{"type":"cosmos-sdk/MsgCreateValidator","value":{"description":{"moniker":"my_node","identity":"","website":"","security_contact":"","details":""},"commission":{"rate":"0.100000000000000000","max_rate":"0.200000000000000000","max_change_rate":"0.010000000000000000"},"min_self_delegation":"1","delegator_address":"front1zjezscxtc8c8nthm9m464en4tmj0eph7avxfqw","validator_address":"frontvaloper1zjezscxtc8c8nthm9m464en4tmj0eph7fr58f7","pubkey":"frontvalconspub1zcjduepqeeee5ejc98zffcsy92hs8rr3x2kna52vuxgjnhzek662x7pdggdsauq476","value":{"denom":"front","amount":"1000000000000"}}}],"fee":{"amount":[],"gas":"200000"},"signatures":[{"pub_key":{"type":"tendermint/PubKeySecp256k1","value":"AsAAGT88GDAXoZc64B8AZlYu8EVIYEWlNsxx4dVtV6ox"},"signature":"48Lgu0CWAHRt9qlV0Sj1LXWiyMvdnL9GBK3DwtD3Iw9uSOr34qZAZW/cusb2v99D6xuCHHbwkCTlyL6H/+T0iw=="}],"memo":"124e569eb031b292ab338900f5bf90228c33f8f0@157.245.65.60:26656"}}
