{"type":"cosmos-sdk/StdTx","value":{"msg":[{"type":"cosmos-sdk/MsgCreateValidator","value":{"description":{"moniker":"nahide","identity":"","website":"","security_contact":"","details":""},"commission":{"rate":"0.100000000000000000","max_rate":"0.200000000000000000","max_change_rate":"0.010000000000000000"},"min_self_delegation":"1","delegator_address":"front1j66r53rdx5gp0m3jfw0r5l2g39enssxe7yd5ld","validator_address":"frontvaloper1j66r53rdx5gp0m3jfw0r5l2g39enssxe2tl6ka","pubkey":"frontvalconspub1zcjduepq3va0f02zklr4sekl6j483yw3vlzl3c5f3xj09sphcs0tpeu2gmrsqpe64n","value":{"denom":"front","amount":"1000000000000"}}}],"fee":{"amount":[],"gas":"200000"},"signatures":[{"pub_key":{"type":"tendermint/PubKeySecp256k1","value":"AjEOLAGpbW1SMhIUCyaZYrzFEnCDHilVtZkUXg1Kacvg"},"signature":"oRocZlizkgs+gXINPYzpgvn6yuVkGghbyq/ZIJn3WyRscBpgKSibGssxKRL+ZLCuZBacig6t81/nQ2IipteRMQ=="}],"memo":"34cd7f01ca698ee48dbb833c7c1220ba8e31c392@104.236.204.59:26656"}}
