{"type":"cosmos-sdk/StdTx","value":{"msg":[{"type":"cosmos-sdk/MsgCreateValidator","value":{"description":{"moniker":"BigFooty","identity":"","website":"","security_contact":"","details":""},"commission":{"rate":"0.100000000000000000","max_rate":"0.200000000000000000","max_change_rate":"0.010000000000000000"},"min_self_delegation":"1","delegator_address":"front10fk3el4dukaa40dxd7qk3wl4sm02g2u7pqflym","validator_address":"frontvaloper10fk3el4dukaa40dxd7qk3wl4sm02g2u740m3dt","pubkey":"frontvalconspub1zcjduepqvyqtt6s5ed7jd8n6s0ftmzfqp9f9vhw6v40nnmsducy2utrlut9qhvq9w5","value":{"denom":"front","amount":"1000000000000"}}}],"fee":{"amount":[],"gas":"200000"},"signatures":[{"pub_key":{"type":"tendermint/PubKeySecp256k1","value":"AvIADf6OTfewuBKDIf+hXwQ6Csy6plMlijTYxIeSRdkH"},"signature":"zVtwBL1J1h+ekuG/qRhVdHow22pw832vB51CxYDmO+ND5WR+UekGsOaPlJJ2R8iyZXixD4gdA6bjVKqD5rR/+g=="}],"memo":"0929dd44de00159a65350b4ba52b7bf88ef2c08c@2.57.186.65:26656"}}
