{"type":"cosmos-sdk/StdTx","value":{"msg":[{"type":"cosmos-sdk/MsgCreateValidator","value":{"description":{"moniker":"actionkaalib","identity":"","website":"","security_contact":"","details":""},"commission":{"rate":"0.100000000000000000","max_rate":"0.200000000000000000","max_change_rate":"0.010000000000000000"},"min_self_delegation":"1","delegator_address":"front1xw3ddna5j3e7qqu3ut32ucqcfn4h9w6t2g5j08","validator_address":"frontvaloper1xw3ddna5j3e7qqu3ut32ucqcfn4h9w6t78xuxh","pubkey":"frontvalconspub1zcjduepq6p5re62xxlx39r98h5vatsux3lq83aufpgm9mvzsewraccnsdkkqxheq82","value":{"denom":"front","amount":"1000000000000"}}}],"fee":{"amount":[],"gas":"200000"},"signatures":[{"pub_key":{"type":"tendermint/PubKeySecp256k1","value":"A+bn2EXpIam3cwq6rKkel9uQyzJM8wI7WCv7QV1YR1Lk"},"signature":"z4g55zjdlRynJLGtSp2skLKevAKaMNxdUh4WMyjYDXoLnKOoSesyFWhqSdBMumWTQxQyi2sMAFuttd/cjcE7Mw=="}],"memo":"11ff51dce03a674b7308389476c4347c2375c95c@138.201.135.79:26656"}}
