{"type":"cosmos-sdk/StdTx","value":{"msg":[{"type":"cosmos-sdk/MsgCreateValidator","value":{"description":{"moniker":"trum4ik","identity":"","website":"","security_contact":"","details":""},"commission":{"rate":"0.100000000000000000","max_rate":"0.200000000000000000","max_change_rate":"0.010000000000000000"},"min_self_delegation":"1","delegator_address":"front1rhe04yjd90vrekezl5c890n6ty9a39cer23scq","validator_address":"frontvaloper1rhe04yjd90vrekezl5c890n6ty9a39ceh9r73s","pubkey":"frontvalconspub1zcjduepq2sdwjak44z6dnlck757pluusj85lshsnayjx0ndxlksu8ljtlejqxz0gh5","value":{"denom":"front","amount":"1000000000000"}}}],"fee":{"amount":[],"gas":"200000"},"signatures":[{"pub_key":{"type":"tendermint/PubKeySecp256k1","value":"AlVlL1nbuyu5vKTtTbEipqR7gOzupI+p3EG+ubx3d0i+"},"signature":"Y4VBGk0HUZI+SYnU4LS/ROUvOVg21uuP6h+SV1ViB5wG9XYqpYb4bBNKRJy9emHQCpT44o0oGZBLtcNOAB7ZHQ=="}],"memo":"24d690a63aa14ac002215159ad3e647e19de2318@104.236.94.12:26656"}}
