{"type":"cosmos-sdk/StdTx","value":{"msg":[{"type":"cosmos-sdk/MsgCreateValidator","value":{"description":{"moniker":"WolfedgeCapital","identity":"","website":"","security_contact":"","details":""},"commission":{"rate":"0.100000000000000000","max_rate":"0.200000000000000000","max_change_rate":"0.010000000000000000"},"min_self_delegation":"1","delegator_address":"front1myukk0xtj3g744v9fs2r78wgd5aq996hk4n3sa","validator_address":"frontvaloper1myukk0xtj3g744v9fs2r78wgd5aq996hz6pled","pubkey":"frontvalconspub1zcjduepqnrvyscrwd9vq9a6fu4pk9xqddxr0chms88hja6f2alf89rhr3vcs675grn","value":{"denom":"front","amount":"1000000000000"}}}],"fee":{"amount":[],"gas":"200000"},"signatures":[{"pub_key":{"type":"tendermint/PubKeySecp256k1","value":"Al134nYEeMk1mQkN2SRqy+51Kwnjh5Hr3Roi+yXGs4k8"},"signature":"tvj1kD75S0FQiawBiWImvTnHZCqsuN56OEWvrCQ8RUEjSaHFeyX1w/HmqeHFgM77XiX7rl14mMbifP7r1U3bKA=="}],"memo":"3ffbf2507f5810bb8f09f76fa8c06ccf2a7ce133@95.216.34.215:26656"}}
