{"type":"cosmos-sdk/StdTx","value":{"msg":[{"type":"cosmos-sdk/MsgCreateValidator","value":{"description":{"moniker":"my_node","identity":"","website":"","security_contact":"","details":""},"commission":{"rate":"0.100000000000000000","max_rate":"0.200000000000000000","max_change_rate":"0.010000000000000000"},"min_self_delegation":"1","delegator_address":"front1ufjmnscdn2xul7ndall0kvldy0fpgzk2szxqq2","validator_address":"frontvaloper1ufjmnscdn2xul7ndall0kvldy0fpgzk2yd5wf6","pubkey":"frontvalconspub1zcjduepqkk53tda0n4dlu8fmts3spn5caa4xvrwqzt97tsvmqmp5055cw90s48jv90","value":{"denom":"front","amount":"1000000000000"}}}],"fee":{"amount":[],"gas":"200000"},"signatures":[{"pub_key":{"type":"tendermint/PubKeySecp256k1","value":"A4ULzIFw37FnSL0QeHvUOBcWFfvCu8DvKE8sKGLrlhSl"},"signature":"N6Kkycd4Y+bk/pRTWlH45BpPDPdgUSZhXeSyQqaKjU04qwzsbLgm8VKJ0xNVy1JV5jXdunOeWYEi4OVS1q/rlA=="}],"memo":"49675788535984440af6a3d34526518c210ae672@172.17.5.181:26656"}}
