 {"type":"cosmos-sdk/StdTx","value":{"msg":[{"type":"cosmos-sdk/MsgCreateValidator","value":{"description":{"moniker":"my_node","identity":"","website":"","security_contact":"","details":""},"commission":{"rate":"0.100000000000000000","max_rate":"0.200000000000000000","max_change_rate":"0.010000000000000000"},"min_self_delegation":"1","delegator_address":"front1haape9wn3jdqqa77tmq84p00xrvuf5c706kzwd","validator_address":"frontvaloper1haape9wn3jdqqa77tmq84p00xrvuf5c7m4yv8a","pubkey":"frontvalconspub1zcjduepqlf7qmkn0cy9e0ksxd8tj4lkt350lmm9nhkc64nyq8smglkch9pzsnmpvy5","value":{"denom":"front","amount":"1000000000000"}}}],"fee":{"amount":[],"gas":"200000"},"signatures":[{"pub_key":{"type":"tendermint/PubKeySecp256k1","value":"Ar6FZa1y7ggE1UoJ20hqDjY63o8BP/SLlixp+89v9WpM"},"signature":"uBSq21uH7yjpYX2fcZHIFQpMKe6uzamG7ygle2nUPtUk/ufceSRq03BZ3FaE91ZBM3dNNMkPeV8fIbsv2DvdIg=="}],"memo":"00106c53f332762013095d5aa19fd8a80d62be68@172.22.0.16:26656"}}
