{"type":"cosmos-sdk/StdTx","value":{"msg":[{"type":"cosmos-sdk/MsgCreateValidator","value":{"description":{"moniker":"kubra","identity":"","website":"","security_contact":"","details":""},"commission":{"rate":"0.100000000000000000","max_rate":"0.200000000000000000","max_change_rate":"0.010000000000000000"},"min_self_delegation":"1","delegator_address":"front1ug504hhg9krd2ltzjeht0lnm4r2nvgrtd49epe","validator_address":"frontvaloper1ug504hhg9krd2ltzjeht0lnm4r2nvgrte6hhgf","pubkey":"frontvalconspub1zcjduepqnfr42aafek8pr85fxz473ps0f0lachfh8lld9a76fdqq4myxgd2qhf89kn","value":{"denom":"front","amount":"1000000000000"}}}],"fee":{"amount":[],"gas":"200000"},"signatures":[{"pub_key":{"type":"tendermint/PubKeySecp256k1","value":"AnhqFzW62gKgYiBf528LtktlitOYA65ruQA0rdLIciPv"},"signature":"TUCDCmrOrTcEnIembG0h1U0C0Z47S0m7I6bKw8nvM0FrpNqksnKNQoYg4lbH8rVH8dZRPGPvPJ6+IMUXle2+/A=="}],"memo":"3f7a5c1ac6a2180144a74575d3d84513ac588b65@142.93.143.175:26656"}}
