{"type":"cosmos-sdk/StdTx","value":{"msg":[{"type":"cosmos-sdk/MsgCreateValidator","value":{"description":{"moniker":"Aliexpress","identity":"","website":"","security_contact":"","details":""},"commission":{"rate":"0.100000000000000000","max_rate":"0.200000000000000000","max_change_rate":"0.010000000000000000"},"min_self_delegation":"1","delegator_address":"front1q6hlhskt7manlnwu3jmfr3cwh95hnqdu9rn0da","validator_address":"frontvaloper1q6hlhskt7manlnwu3jmfr3cwh95hnqdu3vppyd","pubkey":"frontvalconspub1zcjduepqmgjmjxyjr0ey2h74wlm7pfpr5u7whxarl0nm5enesktpkpjg0f8qyp5m8x","value":{"denom":"front","amount":"1000000000000"}}}],"fee":{"amount":[],"gas":"200000"},"signatures":[{"pub_key":{"type":"tendermint/PubKeySecp256k1","value":"A7Tyscyvtq5AtAkqBLI0T1fMMyn1ry+Jz6Zco3sHrKRS"},"signature":"s4inyvJ0oC0UyrVvoMlGkl9r/vcjHYmu4IUX+rDYvb9My6XmsfFN3CcQHsl60Qv4EeMI4ixqpr5yzRcyANozww=="}],"memo":"058a51feaa3a957d9b7f1b2ec0dda020fd854d40@104.131.11.186:26656"}}
