{"type":"cosmos-sdk/StdTx","value":{"msg":[{"type":"cosmos-sdk/MsgCreateValidator","value":{"description":{"moniker":"crypto029","identity":"","website":"","security_contact":"","details":""},"commission":{"rate":"0.100000000000000000","max_rate":"0.200000000000000000","max_change_rate":"0.010000000000000000"},"min_self_delegation":"1","delegator_address":"front1nypfgpsql6ec6udn44w0t4h22elvz33n60hwl8","validator_address":"frontvaloper1nypfgpsql6ec6udn44w0t4h22elvz33nwq9qkh","pubkey":"frontvalconspub1zcjduepqwj6ru4v3jvg54xs8jjzfk0qcgcx4gg58xrjnlvz6n6pr3dhpuvcshzn38r","value":{"denom":"front","amount":"1000000000000"}}}],"fee":{"amount":[],"gas":"200000"},"signatures":[{"pub_key":{"type":"tendermint/PubKeySecp256k1","value":"A6JJqTX/sUer75FQ6+N374GUcl7j4DajRr8s6Y7v/nWs"},"signature":"mcpqcaw6yVQNeOujgD5+5o39+8ulFl/wWd90+jVBdJ5gRT4Qj/ML40aSOd6P5ypV17ZocTa63qJ0z6drbikvpQ=="}],"memo":"55cb38c9f425b76d9c4614e8a047ca3dc1b7286e@138.197.6.73:26656"}}
