{"type":"cosmos-sdk/StdTx","value":{"msg":[{"type":"cosmos-sdk/MsgCreateValidator","value":{"description":{"moniker":"tanderug","identity":"","website":"","security_contact":"","details":""},"commission":{"rate":"0.100000000000000000","max_rate":"0.200000000000000000","max_change_rate":"0.010000000000000000"},"min_self_delegation":"1","delegator_address":"front18tldl629sjdtkg4md0kwupzqftcvnzqfycvhrl","validator_address":"frontvaloper18tldl629sjdtkg4md0kwupzqftcvnzqfsh7e20","pubkey":"frontvalconspub1zcjduepqjwae5f5ds40tff9j7xcxtc4p3q7lnvta20rn7q2l2yxu8d4rrmxq63vn84","value":{"denom":"front","amount":"1000000000000"}}}],"fee":{"amount":[],"gas":"200000"},"signatures":[{"pub_key":{"type":"tendermint/PubKeySecp256k1","value":"AwDPipmoPuPIlxErT0XBHUDX+4A3WGkIuSv1zFVXSnfd"},"signature":"QZRJnwK+CbdkZAvEuPoAO6af3gQsf9b8xeDizZ/97XYfxrqtb6n6NHm+7TZUQFQaTrghDqqbn6aD7ClpZFUq6Q=="}],"memo":"1c1aa0921a75973fe0211157dbd12440b4aa8678@135.181.201.222:26656"}}
