{"type":"cosmos-sdk/StdTx","value":{"msg":[{"type":"cosmos-sdk/MsgCreateValidator","value":{"description":{"moniker":"my_node","identity":"","website":"","security_contact":"","details":""},"commission":{"rate":"0.100000000000000000","max_rate":"0.200000000000000000","max_change_rate":"0.010000000000000000"},"min_self_delegation":"1","delegator_address":"front175um5mynp5qvwketech8wz769y8khtt08dmzg3","validator_address":"frontvaloper175um5mynp5qvwketech8wz769y8khtt0nzfvpp","pubkey":"frontvalconspub1zcjduepqd4e3ezpmvx4fszef2wcgdqumvvtldnctjvz3kt3y3q7s796hqersa5ft4g","value":{"denom":"front","amount":"1000000000000"}}}],"fee":{"amount":[],"gas":"200000"},"signatures":[{"pub_key":{"type":"tendermint/PubKeySecp256k1","value":"A8l37TDEZzGbWPwb1nC1bvwIZeyDp1gniTy/IXpK+hnV"},"signature":"m3AMiI6GNF1l6ovbY6ZBeQb8Zc/2kxPmfGVkEzhJLCEJLKmOsEJbRO48S3svtCldYcBBUdGVuI+VLMJ0BsKqwQ=="}],"memo":"18f685c3ff57dd5e8b763c67e153522647e44460@10.100.252.142:26656"}}
