{"type":"cosmos-sdk/StdTx","value":{"msg":[{"type":"cosmos-sdk/MsgCreateValidator","value":{"description":{"moniker":"cryptodedushka","identity":"","website":"","security_contact":"","details":""},"commission":{"rate":"0.100000000000000000","max_rate":"0.200000000000000000","max_change_rate":"0.010000000000000000"},"min_self_delegation":"1","delegator_address":"front12lhwnzdksc2hjgal0wyyqye7m69le27uhde674","validator_address":"frontvaloper12lhwnzdksc2hjgal0wyyqye7m69le27urzt5h9","pubkey":"frontvalconspub1zcjduepqvezr7qpq5le8dthac0xs624apa8en0stk60v9gdf9lackte2y7vqkjh0y6","value":{"denom":"front","amount":"1000000000000"}}}],"fee":{"amount":[],"gas":"200000"},"signatures":[{"pub_key":{"type":"tendermint/PubKeySecp256k1","value":"A0MiBHzh1uSqkpD89CUKXjQmMzvB3NahRqS1w20eAwyn"},"signature":"ieF4IilIjTYXsIe0pM5VjmqHMIjAQdZKndekR6QS3zc2Ld26tf9QmePao4pBAPBABwtw4W4dqjD6bX+h70BOEA=="}],"memo":"060122c12983ea2a5ea7d4cf0bcef40e40487bec@135.181.250.16:26656"}}
