{"type":"cosmos-sdk/StdTx","value":{"msg":[{"type":"cosmos-sdk/MsgCreateValidator","value":{"description":{"moniker":"vasyl7","identity":"","website":"","security_contact":"","details":""},"commission":{"rate":"0.100000000000000000","max_rate":"0.200000000000000000","max_change_rate":"0.010000000000000000"},"min_self_delegation":"1","delegator_address":"front10uuxuzyldggjg9ceauhwcwf0767m0y7azy8ram","validator_address":"frontvaloper10uuxuzyldggjg9ceauhwcwf0767m0y7akt4d5t","pubkey":"frontvalconspub1zcjduepq2sppmcml5myg2q940fm9dn3qtwr6hxjfgsur650uk97lrl5vxwxqnfngqd","value":{"denom":"front","amount":"1000000000000"}}}],"fee":{"amount":[],"gas":"200000"},"signatures":[{"pub_key":{"type":"tendermint/PubKeySecp256k1","value":"Ag+BDGT7TyFAX8Rx4OIl/jCbdz2JLvYpkxSy87ih2btN"},"signature":"botZm1ZERrWsEW7LmnLRnbq8I27PsftuqojT+yB9p1FcLYGdaTmF64eHKNgkDADyLeviR7OEMaQ3IOByHGNIDA=="}],"memo":"324194f925334466ef1a6c6d275d6dae307d7068@195.2.75.33:26656"}}
