{"type":"cosmos-sdk/StdTx","value":{"msg":[{"type":"cosmos-sdk/MsgCreateValidator","value":{"description":{"moniker":"july","identity":"","website":"","security_contact":"","details":""},"commission":{"rate":"0.100000000000000000","max_rate":"0.200000000000000000","max_change_rate":"0.010000000000000000"},"min_self_delegation":"1","delegator_address":"front1h6k5h2nq4uahdps0qaazjckxn52namdvynmysp","validator_address":"frontvaloper1h6k5h2nq4uahdps0qaazjckxn52namdvsuf2e3","pubkey":"frontvalconspub1zcjduepqzegxwtqhjrz42fg6vuymfuh64y3qdfvr357fft9mcguvywj0snnstc7apv","value":{"denom":"front","amount":"1000000000000"}}}],"fee":{"amount":[],"gas":"200000"},"signatures":[{"pub_key":{"type":"tendermint/PubKeySecp256k1","value":"AiEOcrx/uWrcizxahE3+vUVVjE38zzlRvLHxdO5or+Xz"},"signature":"06g5HLCKY0qeWM/Gy5cbFyo/mMxezKSgsPEqIQIzdA5AGUfQsG9OUwcddXacKsF1vU3v+7VaqIvlAQwpQCesRw=="}],"memo":"2f8c8502ed9534b1287d65c551cad0b90ad5d99f@157.90.153.84:26656"}}
