{"type":"cosmos-sdk/StdTx","value":{"msg":[{"type":"cosmos-sdk/MsgCreateValidator","value":{"description":{"moniker":"my_node","identity":"","website":"","security_contact":"","details":""},"commission":{"rate":"0.100000000000000000","max_rate":"0.200000000000000000","max_change_rate":"0.010000000000000000"},"min_self_delegation":"1","delegator_address":"front1prwgdezcy9as5n5ku3kzdz4em7hh957etjk96s","validator_address":"frontvaloper1prwgdezcy9as5n5ku3kzdz4em7hh957elaytnq","pubkey":"frontvalconspub1zcjduepqnps6sfnxsz8gcxs7karaj39lz75x0f6ntnvlxj2aeyv2ppwwvfvsk7rc4h","value":{"denom":"front","amount":"1000000000000"}}}],"fee":{"amount":[],"gas":"200000"},"signatures":[{"pub_key":{"type":"tendermint/PubKeySecp256k1","value":"AkOAgfKU+9Xp2drmgTJoVD7662DabD8FOw9FiWP/gxSX"},"signature":"uKuayDrozwSOQCd88oDcEe4YrL7wwx207kWOn+FjdANGNopp55CVhOfglsw5IPI186mvsd+M/ni1qP7N90+11A=="}],"memo":"462cf15c5477a33361141d6414b19459ccdc3198@172.29.119.196:26656"}}
