{"type":"cosmos-sdk/StdTx","value":{"msg":[{"type":"cosmos-sdk/MsgCreateValidator","value":{"description":{"moniker":"my_node","identity":"","website":"","security_contact":"","details":""},"commission":{"rate":"0.100000000000000000","max_rate":"0.200000000000000000","max_change_rate":"0.010000000000000000"},"min_self_delegation":"1","delegator_address":"front16qvfcmp0j73nkvhklw36ym6p3zf9n7hmmzm4hm","validator_address":"frontvaloper16qvfcmp0j73nkvhklw36ym6p3zf9n7hm0dfm7t","pubkey":"frontvalconspub1zcjduepq22887wq8p30utl6gvhnjemzjpjq0s7s3lewkcutr6sdu38xyw4vsd98jzg","value":{"denom":"front","amount":"1000000000000"}}}],"fee":{"amount":[],"gas":"200000"},"signatures":[{"pub_key":{"type":"tendermint/PubKeySecp256k1","value":"AyG5e99gFAqLs20eba3nrSu8Qx9MwYZ1/Nt1Y0bylniS"},"signature":"MAQcOA7o/UteyCXpJE3skrF2qF9JReHAqOGi02xEyOsp9dkThMITxFQCzMjpKpsj0aFTRRAlcWqtKx6E4W5p4Q=="}],"memo":"12ea614d4fe1bdfac1b7180a992ffd269a2379fe@104.236.210.233:26656"}}
