{"type":"cosmos-sdk/StdTx","value":{"msg":[{"type":"cosmos-sdk/MsgCreateValidator","value":{"description":{"moniker":"my_node","identity":"","website":"","security_contact":"","details":""},"commission":{"rate":"0.100000000000000000","max_rate":"0.200000000000000000","max_change_rate":"0.010000000000000000"},"min_self_delegation":"1","delegator_address":"front1gsm40gjwr053lcg05r94gz09ylsupmm9wppfd0","validator_address":"frontvaloper1gsm40gjwr053lcg05r94gz09ylsupmm96wn8yl","pubkey":"frontvalconspub1zcjduepq57vgemwlp7093m6plw6watkfu4gen7rwcpgdwghnv24vxg6sj8nsrnd2p0","value":{"denom":"front","amount":"1000000000000"}}}],"fee":{"amount":[],"gas":"200000"},"signatures":[{"pub_key":{"type":"tendermint/PubKeySecp256k1","value":"AhL4iPI3eqGTCmFaQdT3+hl1WrjK7xGmN/Gp/agRMyVx"},"signature":"X8o2DGJA7qc9IqczAeAbihDBvfXoquCdg+53WQb65Uc2PlSkJxaILbZyKHOLmdDo69XnzbbIrKIjZNo9sDmXhg=="}],"memo":"42e27a15817a566496be109cea4989a382d8035d@10.140.0.8:26656"}}
