{"type":"cosmos-sdk/StdTx","value":{"msg":[{"type":"cosmos-sdk/MsgCreateValidator","value":{"description":{"moniker":"lff016","identity":"","website":"","security_contact":"","details":""},"commission":{"rate":"0.100000000000000000","max_rate":"0.200000000000000000","max_change_rate":"0.010000000000000000"},"min_self_delegation":"1","delegator_address":"front1gx9zw0nyhpwhdst7g832znxur2qru7p9ww2gsv","validator_address":"frontvaloper1gx9zw0nyhpwhdst7g832znxur2qru7p96pcxeu","pubkey":"frontvalconspub1zcjduepqzm2jvtq8mhlnkf4tfjgsp3ywvf4fa7qlyp7l4s8sfw9vpvahfpjqesz4h0","value":{"denom":"front","amount":"1000000000000"}}}],"fee":{"amount":[],"gas":"200000"},"signatures":[{"pub_key":{"type":"tendermint/PubKeySecp256k1","value":"AoI8KLshlno7t1rKrYB72ju5z/1Zl4XUSCY9yftBDvWb"},"signature":"cqT9YfKRA4JQWfXcc2xn3K0np1jdVyeIBWeDKh/25zgqXcjqhdmFp8HbsKAEsTKiXlvO49olC8tC7gU+JcWJUQ=="}],"memo":"52116859d121f9c6869905e49c33c761cf42f59b@155.138.158.199:26656"}}
