{"type":"cosmos-sdk/StdTx","value":{"msg":[{"type":"cosmos-sdk/MsgCreateValidator","value":{"description":{"moniker":"igorek","identity":"","website":"","security_contact":"","details":""},"commission":{"rate":"0.100000000000000000","max_rate":"0.200000000000000000","max_change_rate":"0.010000000000000000"},"min_self_delegation":"1","delegator_address":"front18sj373hrl5yttdl7u20x6xkxtfns397jmhete4","validator_address":"frontvaloper18sj373hrl5yttdl7u20x6xkxtfns397j0ct9s9","pubkey":"frontvalconspub1zcjduepqzqgyzeasaywnhmke404wpwulqal3xvhjqf8fc3vc0yep6rdgzt7q8j5ett","value":{"denom":"front","amount":"1000000000000"}}}],"fee":{"amount":[],"gas":"200000"},"signatures":[{"pub_key":{"type":"tendermint/PubKeySecp256k1","value":"AinMB63mqmAd4PUxDIb6r5/vKpgNn+2UN2vhHZwCxpPY"},"signature":"A8magEmj/jMrvaAZ2wXDKroXAJ+Gc2SYh3ZwFUIaPhh9VpjpvfmRw6Uz1Ez5P63SSZ6O5YbC7XkefaaQ/xUwXw=="}],"memo":"131e273c6d9ee76324c01b5214ede8d8cceaa927@10.138.0.2:26656"}}
