{"type":"cosmos-sdk/StdTx","value":{"msg":[{"type":"cosmos-sdk/MsgCreateValidator","value":{"description":{"moniker":"eeeee","identity":"","website":"","security_contact":"","details":""},"commission":{"rate":"0.100000000000000000","max_rate":"0.200000000000000000","max_change_rate":"0.010000000000000000"},"min_self_delegation":"1","delegator_address":"front1swgrlme5d49j52cpwrtdlwhhyfd4x88nlyqjuj","validator_address":"frontvaloper1swgrlme5d49j52cpwrtdlwhhyfd4x88nttju4z","pubkey":"frontvalconspub1zcjduepqjd52lz3g3l8qu097dlemcwyqyhqh6a8ne3lhsmn6grn096v4ngss9u8c8y","value":{"denom":"front","amount":"1000000000000"}}}],"fee":{"amount":[],"gas":"200000"},"signatures":[{"pub_key":{"type":"tendermint/PubKeySecp256k1","value":"A1rCi7DNUZOtZUOVlEtrCxw/69r9Ny+YyFs7A3RrBEeT"},"signature":"FeCw/USNCqcP3O+P90GE85dVQYj7JgIdo0ELzSwOcfsDYvSTLP76wHY8EWwMtI7K5inVoads6vUv8c5x7AoWlA=="}],"memo":"15ebb6e9d92b652da59a99275a640947120aee34@192.168.68.239:26656"}}
