{"type":"cosmos-sdk/StdTx","value":{"msg":[{"type":"cosmos-sdk/MsgCreateValidator","value":{"description":{"moniker":"c29r3 | StakeTab","identity":"9BDCB96F2AB4EAA9","website":"https://staketab.com","security_contact":"","details":""},"commission":{"rate":"0.100000000000000000","max_rate":"1.000000000000000000","max_change_rate":"1.000000000000000000"},"min_self_delegation":"1","delegator_address":"front1fww0nm3ejlmgkk3kmpnch3la0plqnj6umzx09d","validator_address":"frontvaloper1fww0nm3ejlmgkk3kmpnch3la0plqnj6u0d5pva","pubkey":"frontvalconspub1zcjduepqw0dztx76zv9vxd9c2rk6m8cq4eah9ztpnfhdapht3srem26tkk8qe9hkjk","value":{"denom":"front","amount":"1000000000000"}}}],"fee":{"amount":[],"gas":"200000"},"signatures":[{"pub_key":{"type":"tendermint/PubKeySecp256k1","value":"Ay3wGxalt4k7skGQnGWh/s2Uu2PnDAeYZx5TQ1Pz1gr5"},"signature":"UkG4ZhiwowGXwEH1aY5bvVWwBXPc1ahGIeGja5K1GwkXqhAovkFuxO8AUddwUaGU4x0X40RQqlpp3ADANzyH3g=="}],"memo":"14bb49295f5c52a32fd6ccb186b9b247f79e6cbd@161.97.107.6:26656"}}
