{"type":"cosmos-sdk/StdTx","value":{"msg":[{"type":"cosmos-sdk/MsgCreateValidator","value":{"description":{"moniker":"Yurbason","identity":"","website":"","security_contact":"","details":""},"commission":{"rate":"0.100000000000000000","max_rate":"0.200000000000000000","max_change_rate":"0.010000000000000000"},"min_self_delegation":"1","delegator_address":"front1qhp5d3v67akfx4pz6a30lv06dqnga8dmcp7taj","validator_address":"frontvaloper1qhp5d3v67akfx4pz6a30lv06dqnga8dmvwv95z","pubkey":"frontvalconspub1zcjduepq4ecl9nzkd8akgwf7rx3h65p0twm6xl67q0mu4srw2agrjv8q9x8skkvr4s","value":{"denom":"front","amount":"1000000000000"}}}],"fee":{"amount":[],"gas":"200000"},"signatures":[{"pub_key":{"type":"tendermint/PubKeySecp256k1","value":"A68sPHxBnwV3uct3CAmOczcNChqNaQOD6e68HlTEkaA4"},"signature":"QqiX6ScFc8KsRpbhZGx0moZuCN/XmFzK4Ti9jpmhocE2PLP+0AGoYEN/1uFlqJjXEZjAFSpQH0Jx0zfSu++OfQ=="}],"memo":"560f5f9ee0797518753c5ae4738472dc7c37bfc8@65.21.60.61:26656"}}
