{"type":"cosmos-sdk/StdTx","value":{"msg":[{"type":"cosmos-sdk/MsgCreateValidator","value":{"description":{"moniker":"workolehnon","identity":"","website":"","security_contact":"","details":""},"commission":{"rate":"0.100000000000000000","max_rate":"0.200000000000000000","max_change_rate":"0.010000000000000000"},"min_self_delegation":"1","delegator_address":"front1k84gnvgzwrhr550fwpfuzhkj4gv0dy0tvl7y0k","validator_address":"frontvaloper1k84gnvgzwrhr550fwpfuzhkj4gv0dy0tcsv2xx","pubkey":"frontvalconspub1zcjduepqxhdlckp4nkqqza06k0pn5yq8s05mjcptztwes3smmemy7t8a4x2slp7vw5","value":{"denom":"front","amount":"1000000000000"}}}],"fee":{"amount":[],"gas":"200000"},"signatures":[{"pub_key":{"type":"tendermint/PubKeySecp256k1","value":"A0Opa01gNbgqqbjEbI+ckj/oakkrgnmUX8TGkRMaZO0e"},"signature":"kukYU3jGLgBp0cKHD9s+RYt2HMhDaeJuSWa1dhS8cXk/0+2SFCiu4ltDtqRdQfOimQP8o5D02onzJmGJZJuXgw=="}],"memo":"07d545fd444fe8e0615a8343d7329e41e481793f@10.164.0.4:26656"}}
