{"type":"cosmos-sdk/StdTx","value":{"msg":[{"type":"cosmos-sdk/MsgCreateValidator","value":{"description":{"moniker":"terrycao","identity":"","website":"","security_contact":"","details":""},"commission":{"rate":"0.100000000000000000","max_rate":"0.200000000000000000","max_change_rate":"0.010000000000000000"},"min_self_delegation":"1","delegator_address":"front153eawj84jrp03d8xtwv67z9m6ypkapz0pd92t2","validator_address":"frontvaloper153eawj84jrp03d8xtwv67z9m6ypkapz04zhyz6","pubkey":"frontvalconspub1zcjduepq9xzfhmcndzp5wwm0amfrvetjuzkgmca8ruzahwzfcrcpqyeqwftshj0gnj","value":{"denom":"front","amount":"1000000000000"}}}],"fee":{"amount":[],"gas":"200000"},"signatures":[{"pub_key":{"type":"tendermint/PubKeySecp256k1","value":"A4P/7QfwuVtjMs1D9Id6BgO80yH10ZHxVa3I2j37K96h"},"signature":"XrDOzGLHS333Prtvs/myBOp1PrvcKGPjZLT/flukrNQiQd/5jVEEwzy4TBYonnOp0IGafEyb4h5fg8bn88B6vQ=="}],"memo":"460d8c58519c1e9826791277aded8a262c5919f9@172.29.171.191:26656"}}
