{"type":"cosmos-sdk/StdTx","value":{"msg":[{"type":"cosmos-sdk/MsgCreateValidator","value":{"description":{"moniker":"NodesGuru","identity":"","website":"","security_contact":"","details":""},"commission":{"rate":"0.100000000000000000","max_rate":"0.200000000000000000","max_change_rate":"0.010000000000000000"},"min_self_delegation":"1","delegator_address":"front1sawgj3qrev9j55es3d6dw6usq0c82a6q6qm7qq","validator_address":"frontvaloper1sawgj3qrev9j55es3d6dw6usq0c82a6qw0fsfs","pubkey":"frontvalconspub1zcjduepq6fy3g3ntxkvwcxdu8j8zdm5adagktz5r7ey96sugwg667h6568rsgcpsqa","value":{"denom":"front","amount":"1000000000000"}}}],"fee":{"amount":[],"gas":"200000"},"signatures":[{"pub_key":{"type":"tendermint/PubKeySecp256k1","value":"AiAjZCYOwxRCEgn58aRkVZva9peE8+KLZx+YCUnNmEGp"},"signature":"n4axUlqzh7WUHLDxeNgLwiqYKI6nJxPTCqR2b81GbUlftpOVDNq4PhPvtOLl1etSO+waKtE6TP835EVhEj2cxA=="}],"memo":"4dc95840d28d8c037d63b5fa8caeff4a81dc08c8@104.236.214.132:26656"}}
