{"type":"cosmos-sdk/StdTx","value":{"msg":[{"type":"cosmos-sdk/MsgCreateValidator","value":{"description":{"moniker":"my_node","identity":"","website":"","security_contact":"","details":""},"commission":{"rate":"0.100000000000000000","max_rate":"0.200000000000000000","max_change_rate":"0.010000000000000000"},"min_self_delegation":"1","delegator_address":"front14sc2pp89xg52p47wwk9f5ne76zm348qxttuj8j","validator_address":"frontvaloper14sc2pp89xg52p47wwk9f5ne76zm348qxlywuwz","pubkey":"frontvalconspub1zcjduepqawqsvcfejgz6lyw7ndakw94m78h02xtka57xymrklkrvqg0ca29s7dapfn","value":{"denom":"front","amount":"1000000000000"}}}],"fee":{"amount":[],"gas":"200000"},"signatures":[{"pub_key":{"type":"tendermint/PubKeySecp256k1","value":"A/n6Oqtc8tupwdgMzXCitbGkB04EqvwLFFQpQLncGKtd"},"signature":"ETUhv8OZnMY6x+oFj3nfzHBPj9OiSY7g12LtuF40U4F/qH4Y/bW3+5LuGVnpt5s6zTI8KoXoRhdMHgzkJjZtOw=="}],"memo":"4aca93b569347045b977f642adb1df32509672c0@192.168.22.215:26656"}}
