{"type":"cosmos-sdk/StdTx","value":{"msg":[{"type":"cosmos-sdk/MsgCreateValidator","value":{"description":{"moniker":"fuhua","identity":"","website":"","security_contact":"","details":""},"commission":{"rate":"0.100000000000000000","max_rate":"0.200000000000000000","max_change_rate":"0.010000000000000000"},"min_self_delegation":"1","delegator_address":"front1f38gj8qcv4fsn2nyj98c4dkuzfrg4uf8ykfnq9","validator_address":"frontvaloper1f38gj8qcv4fsn2nyj98c4dkuzfrg4uf8semaf4","pubkey":"frontvalconspub1zcjduepq7q3n938zg3ud7v26y50mfaj6uwalwfd03hwfk2wu9ehw66wnlccsxz3zmp","value":{"denom":"front","amount":"1000000000000"}}}],"fee":{"amount":[],"gas":"200000"},"signatures":[{"pub_key":{"type":"tendermint/PubKeySecp256k1","value":"Ai6pv3QEk5uybVFcd+to6cSou/bVC0TMGS/2jpZRcSQr"},"signature":"r0rHwNYsx1fJguqaUEP6H95G6jiEawDc0+K6Z1ryt/t6hjY50rWpwbYUlNfAl0e6EtV+kcgw5mDWpumRI22tOg=="}],"memo":"342b357cc9f1eaa99dea84810ef4ba48fa8c87d9@108.61.158.112:26656"}}
