{"type":"cosmos-sdk/StdTx","value":{"msg":[{"type":"cosmos-sdk/MsgCreateValidator","value":{"description":{"moniker":"my_node","identity":"","website":"","security_contact":"","details":""},"commission":{"rate":"0.100000000000000000","max_rate":"0.200000000000000000","max_change_rate":"0.010000000000000000"},"min_self_delegation":"1","delegator_address":"front1ke8lehq6j3qgvvmma8054qsv4uj5a4k6unm9vc","validator_address":"frontvaloper1ke8lehq6j3qgvvmma8054qsv4uj5a4k6guft9g","pubkey":"frontvalconspub1zcjduepqnryjm6wjmv660kknladpjrypyuu45g5jv3jgxn5gxc3pgg7awa0q7z5jw5","value":{"denom":"front","amount":"1000000000000"}}}],"fee":{"amount":[],"gas":"200000"},"signatures":[{"pub_key":{"type":"tendermint/PubKeySecp256k1","value":"AufPoKEyMlK4syvIHZap1PnezYp+uw6R2HNwfhOlgNt4"},"signature":"d/H5Fm7alYhyDrWSsUp8HyBN+6vsQdKY2zlzX5KTJTcwuJy4yCGs2UOUFGws0vqqls/jD/PffcrSLCuseUl0WA=="}],"memo":"267e78cd97006015275808061af79d44883d6323@192.168.100.125:26656"}}
