{"type":"cosmos-sdk/StdTx","value":{"msg":[{"type":"cosmos-sdk/MsgCreateValidator","value":{"description":{"moniker":"my_node","identity":"","website":"","security_contact":"","details":""},"commission":{"rate":"0.100000000000000000","max_rate":"0.200000000000000000","max_change_rate":"0.010000000000000000"},"min_self_delegation":"1","delegator_address":"front1m0sesve0enutp0vt3dahgy0lqwl949lfaqjdxw","validator_address":"frontvaloper1m0sesve0enutp0vt3dahgy0lqwl949lff0qr07","pubkey":"frontvalconspub1zcjduepqjcl7vstr5pcej9z3y33hlylulwv0prqcltvvww0vczkgy8xu4lysr6rezc","value":{"denom":"front","amount":"1000000000000"}}}],"fee":{"amount":[],"gas":"200000"},"signatures":[{"pub_key":{"type":"tendermint/PubKeySecp256k1","value":"AhybqdqhiCW+tVlZduTg2Crz7D5MUFz3zczU/KrY1zsQ"},"signature":"UgEGlZh1Jl0Pf5g/3GI7N234cjmJa6wF/Tt+dwMklVJBUSipy0BYilV3T08v70lrszJv+8APXKWeMjmn2uXzYw=="}],"memo":"5521d5d063aca21bc8bbc166010526f4bc70058a@149.28.78.110:26656"}}
