{"type":"cosmos-sdk/StdTx","value":{"msg":[{"type":"cosmos-sdk/MsgCreateValidator","value":{"description":{"moniker":"D-noDe","identity":"","website":"","security_contact":"","details":""},"commission":{"rate":"0.100000000000000000","max_rate":"0.200000000000000000","max_change_rate":"0.010000000000000000"},"min_self_delegation":"1","delegator_address":"front17qf6std45stqsge83qungp7pv03tq67sk7qqut","validator_address":"frontvaloper17qf6std45stqsge83qungp7pv03tq67sz3jw4m","pubkey":"frontvalconspub1zcjduepqdw0uxvdxr7fyel4hwpz6hd004du2xy4tkdg39agm37ta0dfs6ruqcwmysa","value":{"denom":"front","amount":"1000000000000"}}}],"fee":{"amount":[],"gas":"200000"},"signatures":[{"pub_key":{"type":"tendermint/PubKeySecp256k1","value":"Aq1rEeqSnQlH6wdySNMG8Iu/OemxigTmJre4xKOmlGph"},"signature":"RgsaILtpc5Tr+2IHukMbDUGfeua8gu21pj8St61mz9oEf8BgSUlFlR0Fw7n56VW+sPOj0VaB7wfkack6UkClRQ=="}],"memo":"05e19e40b9016aae0f4448f0acf5d021d1d3a922@143.110.146.207:26656"}}
