{"type":"cosmos-sdk/StdTx","value":{"msg":[{"type":"cosmos-sdk/MsgCreateValidator","value":{"description":{"moniker":"oleg","identity":"","website":"","security_contact":"","details":""},"commission":{"rate":"0.100000000000000000","max_rate":"0.200000000000000000","max_change_rate":"0.010000000000000000"},"min_self_delegation":"1","delegator_address":"front1wh686xscw06kqx9c8vyvaa35damdzpzd44w05j","validator_address":"frontvaloper1wh686xscw06kqx9c8vyvaa35damdzpzdp6upaz","pubkey":"frontvalconspub1zcjduepq7hu6rhfgdf634902x693tjp9kdu75fg68fcjypgd00ffa3gqxnnsj5xqxm","value":{"denom":"front","amount":"1000000000000"}}}],"fee":{"amount":[],"gas":"200000"},"signatures":[{"pub_key":{"type":"tendermint/PubKeySecp256k1","value":"AnJaWk9ENrhlhCu2gmFrPj7aL6KWCO3zD0oCh7E7jdqz"},"signature":"7ixcefpIth7clQid0dVHwng3wyJFr9KTZiOpU1v7qY58ntA1nRL7so/8SmPW0VI2LLONPQQoTJlZnblYNan0Rw=="}],"memo":"0b522507c02f80541d24775def14c28e3e158909@185.125.217.93:26656"}}
