{"type":"cosmos-sdk/StdTx","value":{"msg":[{"type":"cosmos-sdk/MsgCreateValidator","value":{"description":{"moniker":"oleg","identity":"","website":"","security_contact":"","details":""},"commission":{"rate":"0.100000000000000000","max_rate":"0.200000000000000000","max_change_rate":"0.010000000000000000"},"min_self_delegation":"1","delegator_address":"front1m93h786c50uht2r8fjqq2mktl58ql43e8ugz5w","validator_address":"frontvaloper1m93h786c50uht2r8fjqq2mktl58ql43enn6va7","pubkey":"frontvalconspub1zcjduepqwu7rw0wenr4dmxx2ewkfgwext4jua56pdel4tke07r9syueqx75q05c9xd","value":{"denom":"front","amount":"1000000000000"}}}],"fee":{"amount":[],"gas":"200000"},"signatures":[{"pub_key":{"type":"tendermint/PubKeySecp256k1","value":"AvaSGK/fCjt7wb5ZbOMFuKwIZEfJl7a4p4bo6XALTBQc"},"signature":"Ig3RelSMrk69/dK2Xx0STC3MQ4iTUkKcwh2Es0s72tI8oU+YZL3YesT75uSGSc9ShINng0/VyRd0oSmi1PMajQ=="}],"memo":"46d01cabe22176c19a7c5c724d4b95449323095a@66.42.33.17:26656"}}
