{"type":"cosmos-sdk/StdTx","value":{"msg":[{"type":"cosmos-sdk/MsgCreateValidator","value":{"description":{"moniker":"my_node","identity":"","website":"","security_contact":"","details":""},"commission":{"rate":"0.100000000000000000","max_rate":"0.200000000000000000","max_change_rate":"0.010000000000000000"},"min_self_delegation":"1","delegator_address":"front1n0w0vfmfv89yp25czem3khgj3jpgewuf8xw6zq","validator_address":"frontvaloper1n0w0vfmfv89yp25czem3khgj3jpgewufnfu5ts","pubkey":"frontvalconspub1zcjduepqwnxw30kzhz9d548eue58cryrtdgy6aqw8rcftz07d0js3k8253sqqy0qc4","value":{"denom":"front","amount":"1000000000000"}}}],"fee":{"amount":[],"gas":"200000"},"signatures":[{"pub_key":{"type":"tendermint/PubKeySecp256k1","value":"A4sgb2+tJQT1jEfefVSOUzjkgLZA31Hq52a0Y+Xhy1Rk"},"signature":"Iq4Ea2TLU9VreKr5dnf/KWCxwlxySM0tQrUgS7YScFc+2Oc1kSotoL/F2jNBmBifZo3Ur4YByYSYBAv6oYGl4Q=="}],"memo":"400ef5fd3bb47a46c19f4d8225f325c21b0d6ec5@172.16.191.2:26656"}}
