{"type":"cosmos-sdk/StdTx","value":{"msg":[{"type":"cosmos-sdk/MsgCreateValidator","value":{"description":{"moniker":"sopov","identity":"","website":"","security_contact":"","details":""},"commission":{"rate":"0.100000000000000000","max_rate":"0.200000000000000000","max_change_rate":"0.010000000000000000"},"min_self_delegation":"1","delegator_address":"front1vghdw8f7vn8faj0rh2hmtz9d9z7w00u0k9cyf9","validator_address":"frontvaloper1vghdw8f7vn8faj0rh2hmtz9d9z7w00u0z222q4","pubkey":"frontvalconspub1zcjduepqdcxzq9f9xezj8y452tjn67axfal6y55ppnl6g4xg3tjnnpx2cqwqe5jc8g","value":{"denom":"front","amount":"1000000000000"}}}],"fee":{"amount":[],"gas":"200000"},"signatures":[{"pub_key":{"type":"tendermint/PubKeySecp256k1","value":"A1bnHm6nVjIRO3HnqG1/10oDmGeLw7BjoGkYGtkN+9U3"},"signature":"z6E36VvY6aqSdI1g68w+XUjJLBiVycDW5VEnAKr3OSZi6aGAhLSjxwLsvEsQaSgoF1Vuvryienk+RaE4G2bJPg=="}],"memo":"12f0024acbfef2d1d4205d394de35913a06ed002@94.130.76.82:26656"}}
