{"type":"cosmos-sdk/StdTx","value":{"msg":[{"type":"cosmos-sdk/MsgCreateValidator","value":{"description":{"moniker":"synkrazer","identity":"","website":"","security_contact":"","details":""},"commission":{"rate":"0.100000000000000000","max_rate":"0.200000000000000000","max_change_rate":"0.010000000000000000"},"min_self_delegation":"1","delegator_address":"front12wgngdqkmtuz0lhpu7jnl57shhz3mdrfl4rplz","validator_address":"frontvaloper12wgngdqkmtuz0lhpu7jnl57shhz3mdrft630kj","pubkey":"frontvalconspub1zcjduepq6luz5yuhee9e7tqsf9wyaz7xmugd4a79xs9hr564q4fg2ggm3pqsvw8yee","value":{"denom":"front","amount":"1000000000000"}}}],"fee":{"amount":[],"gas":"200000"},"signatures":[{"pub_key":{"type":"tendermint/PubKeySecp256k1","value":"A4zrzxXWOE2tLbB/1nhsuxAQCc8Ld2v5W1bQzlRgaxKV"},"signature":"2NoZf+OP2jO5biziD0yltlavaM42FENOkoUvA0ihkFAnH6qqSU30AG0PA3sbmC8XNjNLpAJIFelQd1o4fETiuw=="}],"memo":"319fc6b48fd4f13d8f89e1ad6e8e0d6f5ce25567@65.21.108.29:26656"}}
