{"type":"cosmos-sdk/StdTx","value":{"msg":[{"type":"cosmos-sdk/MsgCreateValidator","value":{"description":{"moniker":"hammerfest","identity":"","website":"","security_contact":"","details":""},"commission":{"rate":"0.100000000000000000","max_rate":"0.200000000000000000","max_change_rate":"0.010000000000000000"},"min_self_delegation":"1","delegator_address":"front1uk3vrkrtklk387gwemwxyclmltv6v59dsjl4a6","validator_address":"frontvaloper1uk3vrkrtklk387gwemwxyclmltv6v59dyadm52","pubkey":"frontvalconspub1zcjduepq7249jquuw2q87xfsqvcq4f2wc4vrcv9ufsjpx4aprszvusnftsds7fnvzx","value":{"denom":"front","amount":"1000000000000"}}}],"fee":{"amount":[],"gas":"200000"},"signatures":[{"pub_key":{"type":"tendermint/PubKeySecp256k1","value":"A7MoffH4XxtWCImg5jc8ul+kfN+eb/GpAvX2uj2U6AW5"},"signature":"FNgxS3hNBxT+oq4fu/62yGxUOM1ohU4E/f4ygggx8MlCroWFFJolRT5xv0VgYaiD5oqYjaIk6aJSQTULT5Jopg=="}],"memo":"1998210e616ac7f8b800b33269efd87968b986b8@135.181.95.138:26656"}}
