{"type":"cosmos-sdk/StdTx","value":{"msg":[{"type":"cosmos-sdk/MsgCreateValidator","value":{"description":{"moniker":"venera","identity":"","website":"","security_contact":"","details":""},"commission":{"rate":"0.100000000000000000","max_rate":"0.200000000000000000","max_change_rate":"0.010000000000000000"},"min_self_delegation":"1","delegator_address":"front1gx8ym3qle0hns2ge0c6axsk07s38w6s0pz6suu","validator_address":"frontvaloper1gx8ym3qle0hns2ge0c6axsk07s38w6s04dg74v","pubkey":"frontvalconspub1zcjduepqwsju2rtr5hmjggn63cvu9a9exed53f79p3s7u6dxp593hyylgllspexmlm","value":{"denom":"front","amount":"1000000000000"}}}],"fee":{"amount":[],"gas":"200000"},"signatures":[{"pub_key":{"type":"tendermint/PubKeySecp256k1","value":"A4YE7rmOOY/s28ZYdgRtOsZEmupPCmIuPmGlWaA8lmv+"},"signature":"U2YdtfzAWDXBAmADiKW5fnvMLEz/Hg095fF7b9NR0P0O6AuiLhDFJHM4vxDW14qwcIPU/K1w+10pFOu8uVnYvQ=="}],"memo":"5797b79a6b82ea307d57ffcf21a6dda138e0a7d4@10.128.0.8:26656"}}
