{"type":"cosmos-sdk/StdTx","value":{"msg":[{"type":"cosmos-sdk/MsgCreateValidator","value":{"description":{"moniker":"my_node","identity":"","website":"","security_contact":"","details":""},"commission":{"rate":"0.100000000000000000","max_rate":"0.200000000000000000","max_change_rate":"0.010000000000000000"},"min_self_delegation":"1","delegator_address":"front1tswzlds9hwa9zjky3vywc5z5feg9p8566dnj26","validator_address":"frontvaloper1tswzlds9hwa9zjky3vywc5z5feg9p856wzpur2","pubkey":"frontvalconspub1zcjduepqzk9025r9t6mjuxhhjgt42ksl3gal0glxg3q4zvp7cde3xf0pllhqf2dwpv","value":{"denom":"front","amount":"1000000000000"}}}],"fee":{"amount":[],"gas":"200000"},"signatures":[{"pub_key":{"type":"tendermint/PubKeySecp256k1","value":"A5vixHo6EGPnBOUBLXxuwy28etmn+lyjglgN/rXKZFYS"},"signature":"upC7zjBgV+bljhLi6cdtrwkLueibDLAuuFSMu+95FZ4cmswSlF7HGvpfvupwlyt6zZRAhSiQiZ8D+Cgq/ju09g=="}],"memo":"393b86813ea5ffea25b64781e2fd71533defd7f1@172.22.0.13:26656"}}
