{"type":"cosmos-sdk/StdTx","value":{"msg":[{"type":"cosmos-sdk/MsgCreateValidator","value":{"description":{"moniker":"bunnygangsta","identity":"","website":"","security_contact":"","details":""},"commission":{"rate":"0.100000000000000000","max_rate":"0.200000000000000000","max_change_rate":"0.010000000000000000"},"min_self_delegation":"1","delegator_address":"front1ah034x63pkuzzlxd373xkyjjhpfp4arx7ga7yg","validator_address":"frontvaloper1ah034x63pkuzzlxd373xkyjjhpfp4arx280sdc","pubkey":"frontvalconspub1zcjduepqpklkxk066dyj3gqw3szcducvalsdstls5wxl6dex03pjfl8w68nq49ryt2","value":{"denom":"front","amount":"1000000000000"}}}],"fee":{"amount":[],"gas":"200000"},"signatures":[{"pub_key":{"type":"tendermint/PubKeySecp256k1","value":"AypEs7408h/nBIrLMiUTkScVHnQPlgImluKRayu9iNwS"},"signature":"1MN5p72/gefadNkNOfBzlDhXl4WGhaw9qkaj5NMds49Gi5sLur908OsGTDXh/L0RPIq1/y2adIUEJUWKu0f3vQ=="}],"memo":"50ee449abd0e245d7a35a0687b542dae7a2f6202@10.128.0.23:26656"}}
