{"type":"cosmos-sdk/StdTx","value":{"msg":[{"type":"cosmos-sdk/MsgCreateValidator","value":{"description":{"moniker":"my_node","identity":"","website":"","security_contact":"","details":""},"commission":{"rate":"0.100000000000000000","max_rate":"0.200000000000000000","max_change_rate":"0.010000000000000000"},"min_self_delegation":"1","delegator_address":"front1pr5krlxl9skel7jdedrtajuxr6ncmffa7cmj0f","validator_address":"frontvaloper1pr5krlxl9skel7jdedrtajuxr6ncmffa2hfuxe","pubkey":"frontvalconspub1zcjduepq9l3nua6xh8c26wvm6094cz25xg3fl23ynwnnwz4969an0whdjfws8szsn5","value":{"denom":"front","amount":"1000000000000"}}}],"fee":{"amount":[],"gas":"200000"},"signatures":[{"pub_key":{"type":"tendermint/PubKeySecp256k1","value":"Awyn1cfjeCHmKSaZlisTRBpxRJGeDvPFPnN6JqRQEBJe"},"signature":"KZqR1voiklyiNJ5ww98Vv5kPOJV6q6X3w4oNxcGz+rAfYizLs4gq8nKBObQLOZcjityOH0aM9PRzWgNvVOV10A=="}],"memo":"107ddb44b709bd67ffafffc49110f4378443ca35@10.0.0.14:26656"}}
