{"type":"cosmos-sdk/StdTx","value":{"msg":[{"type":"cosmos-sdk/MsgCreateValidator","value":{"description":{"moniker":"my_node","identity":"","website":"","security_contact":"","details":""},"commission":{"rate":"0.100000000000000000","max_rate":"0.200000000000000000","max_change_rate":"0.010000000000000000"},"min_self_delegation":"1","delegator_address":"front146sydeha7c0y8r7gzg5cckc0t25w96trldjsm8","validator_address":"frontvaloper146sydeha7c0y8r7gzg5cckc0t25w96trtzq7jh","pubkey":"frontvalconspub1zcjduepqj06tqqu7u22l26pr9q9ps2ygvla46nn49tz5gmq6a0qxh4xnn9hs6dkwnk","value":{"denom":"front","amount":"1000000000000"}}}],"fee":{"amount":[],"gas":"200000"},"signatures":[{"pub_key":{"type":"tendermint/PubKeySecp256k1","value":"A8/vqgSA5DbhvF4Dq+1yafPiDnWStFjqssLjgDtm+/UJ"},"signature":"qC8ZY15OqdScyRqeqC7klnh9VHtzMwPcSa7gjJgEjVFJqCEI6xeLuAUGgvchG55cPk3NMlrW3m/bPH/6/byCGw=="}],"memo":"39fbcb6798dfd9fef1d412726c8a7e1ca62039f6@192.168.1.201:26656"}}
