{"type":"cosmos-sdk/StdTx","value":{"msg":[{"type":"cosmos-sdk/MsgCreateValidator","value":{"description":{"moniker":"NodesGuru","identity":"","website":"","security_contact":"","details":""},"commission":{"rate":"0.100000000000000000","max_rate":"0.200000000000000000","max_change_rate":"0.010000000000000000"},"min_self_delegation":"1","delegator_address":"front1l9500tav0v2sukyeasm83xcpz8xjgsw4fhaapd","validator_address":"frontvaloper1l9500tav0v2sukyeasm83xcpz8xjgsw4ac0nga","pubkey":"frontvalconspub1zcjduepqzaanml3g758mgw8tuxpnts78h5wauakf9upjt68ac6dxj7mnxttqfucj2s","value":{"denom":"front","amount":"1000000000000"}}}],"fee":{"amount":[],"gas":"200000"},"signatures":[{"pub_key":{"type":"tendermint/PubKeySecp256k1","value":"A4QFzeMvbb92xwLeXSpEAmAegN0uS71Iwh6SKZvdaZVh"},"signature":"J+BiYJ4qP68+YNbb424cBbhvAzmVZoLIURiJQPzTT/YYcTOu8dmH02UFgSc1WCscC+fYhYuA2OUmXGm9pn/6ZQ=="}],"memo":"22721f61630746e2959f8dc303e726fd32450cdd@104.236.214.76:26656"}}
