{"type":"cosmos-sdk/StdTx","value":{"msg":[{"type":"cosmos-sdk/MsgCreateValidator","value":{"description":{"moniker":"my_node","identity":"","website":"","security_contact":"","details":""},"commission":{"rate":"0.100000000000000000","max_rate":"0.200000000000000000","max_change_rate":"0.010000000000000000"},"min_self_delegation":"1","delegator_address":"front14zd3dr0l9sjnzxma0v8nquz9wer72khrscr4ep","validator_address":"frontvaloper14zd3dr0l9sjnzxma0v8nquz9wer72khryh3ms3","pubkey":"frontvalconspub1zcjduepq45n3kspzl2m4swuf39fdxhgt9xzkyfrrjll62ry0f000meazn2tsca8tv9","value":{"denom":"front","amount":"1000000000000"}}}],"fee":{"amount":[],"gas":"200000"},"signatures":[{"pub_key":{"type":"tendermint/PubKeySecp256k1","value":"A0+LmbBeTNX+z+di9kUiOEw1i9evBELlB/LUi7tSrtxB"},"signature":"MRgfRQcXXcurphTRJWy5C5CvlgJGkKGkP/r/diugH2Ret08W17pJZZeswyWadJfkydPqqX9iBDFG3qu4ZfZM9A=="}],"memo":"33ce5514fd5b4bbc104baf11097a352fd7b4f167@95.215.205.207:26656"}}
