{"type":"cosmos-sdk/StdTx","value":{"msg":[{"type":"cosmos-sdk/MsgCreateValidator","value":{"description":{"moniker":"TrxHype","identity":"","website":"","security_contact":"","details":""},"commission":{"rate":"0.100000000000000000","max_rate":"0.200000000000000000","max_change_rate":"0.010000000000000000"},"min_self_delegation":"1","delegator_address":"front1a3k56efhylgk97zew82sqvnsyt2kw97t0tn057","validator_address":"frontvaloper1a3k56efhylgk97zew82sqvnsyt2kw97tmyppaw","pubkey":"frontvalconspub1zcjduepqwd68yhx0rkyj00yu2qtuzqrhhyc0qsre5a0l74wqygkmh6cdye2seemq3q","value":{"denom":"front","amount":"1000000000000"}}}],"fee":{"amount":[],"gas":"200000"},"signatures":[{"pub_key":{"type":"tendermint/PubKeySecp256k1","value":"ApLLGovmvYcMKV0HrBmgxeiA/MEmoYQwOcGYYzy3u2Yu"},"signature":"OIaTUWla3h0AXfG9KDLkZUZeU4irOxWZl0rEltAqlgUD+OiJ4h/5npZeQlRcLpTlkfGO56IEeUhIMxiMRwgLAw=="}],"memo":"08ee67b6f0988ce2c966b4513f0969e2cfce67b0@185.230.143.102:26656"}}
