{"type":"cosmos-sdk/StdTx","value":{"msg":[{"type":"cosmos-sdk/MsgCreateValidator","value":{"description":{"moniker":"adv777","identity":"","website":"","security_contact":"","details":""},"commission":{"rate":"0.100000000000000000","max_rate":"0.200000000000000000","max_change_rate":"0.010000000000000000"},"min_self_delegation":"1","delegator_address":"front1tzy3wafwyt4q2wsxgysgz34295gcqpx9jes9aw","validator_address":"frontvaloper1tzy3wafwyt4q2wsxgysgz34295gcqpx9xkzt57","pubkey":"frontvalconspub1zcjduepqs5qj5967c8demeg90rrc9vkuznfchfw8p4ccg7qz3slt5x8xrk0s2cadl3","value":{"denom":"front","amount":"1000000000000"}}}],"fee":{"amount":[],"gas":"200000"},"signatures":[{"pub_key":{"type":"tendermint/PubKeySecp256k1","value":"A92mqD/hhpXw4rXImG63NlwKRsDXTcI9qPI9xbEoa23I"},"signature":"LYJambluVQYuBZYwnzP9ttEmGPK2nMaS+YmPCO+qzCYBKcNJRt4GbMQxeM7xqiSHx1xba6E/RhAQsfj93hx31g=="}],"memo":"08845c2d176c0d31f7d6c19a84eb6010b0c93afc@217.163.23.193:26656"}}
