{"type":"cosmos-sdk/StdTx","value":{"msg":[{"type":"cosmos-sdk/MsgCreateValidator","value":{"description":{"moniker":"frontier","identity":"","website":"","security_contact":"","details":""},"commission":{"rate":"0.100000000000000000","max_rate":"0.200000000000000000","max_change_rate":"0.010000000000000000"},"min_self_delegation":"1","delegator_address":"front1hpk48sv0wclxmr464p9jp9wqyt2v73yu9swjdf","validator_address":"frontvaloper1hpk48sv0wclxmr464p9jp9wqyt2v73yu3luuye","pubkey":"frontvalconspub1zcjduepqpp68l9hwx7daj3xsk286tw0avhpx0f3qhrrr6g96xg5wq36lcuvqspemf6","value":{"denom":"front","amount":"1000000000000"}}}],"fee":{"amount":[],"gas":"200000"},"signatures":[{"pub_key":{"type":"tendermint/PubKeySecp256k1","value":"AtvJ/wfqbitg2fGZ4IExC6C3NYxEI0DWV0uRl2sGfss3"},"signature":"r7KauZJD5dYOOzTdyfCop0/96Bw4oCc5jz8e528YevxPxP5d8UbyJV1vTG+Dd6hEB11yj/6PLW8rYGYXVHlt9Q=="}],"memo":"4040dbe70426a3e3073178f2cc273b9cd4f90d17@46.101.147.190:26656"}}