{"type":"cosmos-sdk/StdTx","value":{"msg":[{"type":"cosmos-sdk/MsgCreateValidator","value":{"description":{"moniker":"katheeE","identity":"","website":"","security_contact":"","details":""},"commission":{"rate":"0.100000000000000000","max_rate":"0.200000000000000000","max_change_rate":"0.010000000000000000"},"min_self_delegation":"1","delegator_address":"front12yywkh0vc3mfrfmh2n43u09r57ct6c82573l68","validator_address":"frontvaloper12yywkh0vc3mfrfmh2n43u09r57ct6c82q3r3nh","pubkey":"frontvalconspub1zcjduepqf55k8rufgyqphcly6l9uz4tlee8dfwvuefl6fxvw2cjjp44h9pgssam3ax","value":{"denom":"front","amount":"1000000000000"}}}],"fee":{"amount":[],"gas":"200000"},"signatures":[{"pub_key":{"type":"tendermint/PubKeySecp256k1","value":"A4/StepvYnptNP7prOsNXuNqqjGGH87oF1Yx5Axy+Zdy"},"signature":"t7p1hjEYXG0szMfxfE9aSlO6OKKraDue1YbAMtZANeJ4DR9BOlotnZqCQesLgAYDYInugxL/Es4W/fpO99G8hQ=="}],"memo":"2e0d9199cc166a2ca3753b9fa4bd24675f5dbfcf@172.31.25.139:26656"}}
