{"type":"cosmos-sdk/StdTx","value":{"msg":[{"type":"cosmos-sdk/MsgCreateValidator","value":{"description":{"moniker":"antoncrypto1","identity":"","website":"","security_contact":"","details":""},"commission":{"rate":"0.100000000000000000","max_rate":"0.200000000000000000","max_change_rate":"0.010000000000000000"},"min_self_delegation":"1","delegator_address":"front1h0eln6hudl7advcl0dw9rgna05s7gk04ttdd5m","validator_address":"frontvaloper1h0eln6hudl7advcl0dw9rgna05s7gk04lylrat","pubkey":"frontvalconspub1zcjduepq96k0rm7vmm6mmmcwvzsw2v5sl0n0ju93w997x05uxzan8477rx3s8c998r","value":{"denom":"front","amount":"1000000000000"}}}],"fee":{"amount":[],"gas":"200000"},"signatures":[{"pub_key":{"type":"tendermint/PubKeySecp256k1","value":"Ai3uMUAUv4tV3/JG3oLT3dL0+3kGMj+s+efYzXstxscp"},"signature":"PukmGpE96Cl4C+uzmWvE0rXTTWiLvLc+AdWDsnTdzKhjkiyd/FNaOwgZkzHEsOudCBFoYNYVzYtWu/Gplp2EsQ=="}],"memo":"0a352a570771cd1d42714bf7181bfde9645c9c9c@91.142.78.203:26656"}}
