{"type":"cosmos-sdk/StdTx","value":{"msg":[{"type":"cosmos-sdk/MsgCreateValidator","value":{"description":{"moniker":"cryptian","identity":"","website":"","security_contact":"","details":""},"commission":{"rate":"0.100000000000000000","max_rate":"0.200000000000000000","max_change_rate":"0.010000000000000000"},"min_self_delegation":"1","delegator_address":"front1z4yqfx0p5uc99a07rklqe53kc76nsarrwahemj","validator_address":"frontvaloper1z4yqfx0p5uc99a07rklqe53kc76nsarr6j9hjz","pubkey":"frontvalconspub1zcjduepqp4ehxgudcrt3vstjqdhxay0srmukv5aqldzm9eyc8jax3mxudafqr6n9u7","value":{"denom":"front","amount":"1000000000000"}}}],"fee":{"amount":[],"gas":"200000"},"signatures":[{"pub_key":{"type":"tendermint/PubKeySecp256k1","value":"AmIBUmyMFoB7ak9RlxvfCHnuO8Fj7uWDb2OQvEB0GV7h"},"signature":"Dg/l5C3/Bcg8dD78um6gvBIXNxDocjJLC2QK3gGkBVMLkd8rnzeD/QZvAVqT8COrWOTlH7JvMP4FuZPXRsI/VQ=="}],"memo":"55102335ca9f5a41f621e308574087483feac096@10.128.0.5:26656"}}
