{"type":"cosmos-sdk/StdTx","value":{"msg":[{"type":"cosmos-sdk/MsgCreateValidator","value":{"description":{"moniker":"danocean","identity":"","website":"","security_contact":"","details":""},"commission":{"rate":"0.100000000000000000","max_rate":"0.200000000000000000","max_change_rate":"0.010000000000000000"},"min_self_delegation":"1","delegator_address":"front1l6rykscs3jsaa7hkzqgh8hxjjqyz93d42qxnyd","validator_address":"frontvaloper1l6rykscs3jsaa7hkzqgh8hxjjqyz93d4705ada","pubkey":"frontvalconspub1zcjduepqt2sd3tkhdjr5pdgt679u75wyymr7skp0d7vzrq6ggkaglf9arxrsh7xsqu","value":{"denom":"front","amount":"1000000000000"}}}],"fee":{"amount":[],"gas":"200000"},"signatures":[{"pub_key":{"type":"tendermint/PubKeySecp256k1","value":"A7gTuC5foMCLTIyAz+nTguXWPDTD6hPHkoPTgE1s94j7"},"signature":"wVI7Zd41D8lDiyaJQHPhNX06QTVFSUoVgsipNerpWagCJzh40Fc0ut1m5Erdd57A/oZRR0gOqGCyJMTJLZZvJg=="}],"memo":"03ac5a88a4f91fe45d50bfbc2c9b81f9fd1d069f@172.17.0.1:26656"}}
