{"type":"cosmos-sdk/StdTx","value":{"msg":[{"type":"cosmos-sdk/MsgCreateValidator","value":{"description":{"moniker":"my_node","identity":"","website":"","security_contact":"","details":""},"commission":{"rate":"0.100000000000000000","max_rate":"0.200000000000000000","max_change_rate":"0.010000000000000000"},"min_self_delegation":"1","delegator_address":"front19x5fldatpu0g95fedxzrvcsy7czhdyv7p964tq","validator_address":"frontvaloper19x5fldatpu0g95fedxzrvcsy7czhdyv742gmzs","pubkey":"frontvalconspub1zcjduepq5m674g540mxywl65f2xh59ptkerek4ce2m5yue2lqf0fklqs3frq4fqlft","value":{"denom":"front","amount":"1000000000000"}}}],"fee":{"amount":[],"gas":"200000"},"signatures":[{"pub_key":{"type":"tendermint/PubKeySecp256k1","value":"AkQvmj4+/7pEeUFOh+sfRyRytKDcJx/slKe/Ku5hGhUd"},"signature":"MYlMWWg8+Ln6v7CIBkylFvee5D2vZsfgvzS9/c5RGQtmfco78rT+kf6lbsA+Wg+yUJmOJnntohMpbB720iqZ4Q=="}],"memo":"0a635902be5273c35c5837b272e5d150de21ba5f@192.168.20.38:26656"}}
