{"type":"cosmos-sdk/StdTx","value":{"msg":[{"type":"cosmos-sdk/MsgCreateValidator","value":{"description":{"moniker":"bambi","identity":"","website":"","security_contact":"","details":""},"commission":{"rate":"0.100000000000000000","max_rate":"0.200000000000000000","max_change_rate":"0.010000000000000000"},"min_self_delegation":"1","delegator_address":"front1hccdz4skc782e2zqmm4yt37c92vwhhwr2ma3pl","validator_address":"frontvaloper1hccdz4skc782e2zqmm4yt37c92vwhhwr750lg0","pubkey":"frontvalconspub1zcjduepqkkql3fpq8wjwsvtrjqd4enexrhyrqesd2syd5fck0jj7azq6tk7q2vkdu0","value":{"denom":"front","amount":"1000000000000"}}}],"fee":{"amount":[],"gas":"200000"},"signatures":[{"pub_key":{"type":"tendermint/PubKeySecp256k1","value":"AqLfei1uOZNCyoxhXgSucZTg8O/cZ6DbpPPXbMgGNDng"},"signature":"8o3SFwA1mXrpYDgZLytqvUWH4zxaHYIOjcmWe1uVwuQxX5c98N3kmtK2jx+xozPFLNDayJuEqqW65b5H6A7UEA=="}],"memo":"420789415ca9c93a1877398f4f4d98caf3ade64f@192.168.1.206:26656"}}
