{"type":"cosmos-sdk/StdTx","value":{"msg":[{"type":"cosmos-sdk/MsgCreateValidator","value":{"description":{"moniker":"radif","identity":"","website":"","security_contact":"","details":""},"commission":{"rate":"0.100000000000000000","max_rate":"0.200000000000000000","max_change_rate":"0.010000000000000000"},"min_self_delegation":"1","delegator_address":"front1fsv8xt6mt72p8zg97fw96p7kycuuvkjzrtapfv","validator_address":"frontvaloper1fsv8xt6mt72p8zg97fw96p7kycuuvkjzhy00qu","pubkey":"frontvalconspub1zcjduepqx6d82s8kfqs0px9c2eztuec2szvl09dglzu5y0w2evlq80jxmefqdfqjhw","value":{"denom":"front","amount":"1000000000000"}}}],"fee":{"amount":[],"gas":"200000"},"signatures":[{"pub_key":{"type":"tendermint/PubKeySecp256k1","value":"A/8lxox9ASOfX/KFmpBaJQDkqkCo7W5He2pt9goMzg0A"},"signature":"54LmBRCPaYgwaU0k8BeH7Y+haooLA8Iv/JbiG7JyU25SwPL8wbJwPGAgCa7In4vgzbH01gw/H9Kz3yUdcj6/Dw=="}],"memo":"53720db81ddbc0db300bbcad7890a9782c15c0c3@192.248.175.60:26656"}}
