{"type":"cosmos-sdk/StdTx","value":{"msg":[{"type":"cosmos-sdk/MsgCreateValidator","value":{"description":{"moniker":"Gregory","identity":"","website":"","security_contact":"","details":""},"commission":{"rate":"0.100000000000000000","max_rate":"0.200000000000000000","max_change_rate":"0.010000000000000000"},"min_self_delegation":"1","delegator_address":"front1w5k4zdmf856r99y0q06sxheu9l2tgk7fhd36lj","validator_address":"frontvaloper1w5k4zdmf856r99y0q06sxheu9l2tgk7frzr5kz","pubkey":"frontvalconspub1zcjduepq3ul6k0n936vr39wgy3va4q800rawj3cp3s4u5e5xvcwpy2chty3qhyc4s0","value":{"denom":"front","amount":"1000000000000"}}}],"fee":{"amount":[],"gas":"200000"},"signatures":[{"pub_key":{"type":"tendermint/PubKeySecp256k1","value":"AvNNANj0HTPocLOAB2cSXH7TQlyDi+RtlDzwyeTcggLz"},"signature":"5mDSEcx79VKfTvaiGoDXFifp/jZGUDs2uwtL3qMLU6dnBd5M88Wm17K9MBvNkUq5KRN2/mj+sKNcDWj0NPBW3g=="}],"memo":"34919886f62e8cf95d99d0fa3dd480ea80995cb7@141.164.38.226:26656"}}
