{"type":"cosmos-sdk/StdTx","value":{"msg":[{"type":"cosmos-sdk/MsgCreateValidator","value":{"description":{"moniker":"Mohak","identity":"","website":"","security_contact":"","details":""},"commission":{"rate":"0.100000000000000000","max_rate":"0.200000000000000000","max_change_rate":"0.010000000000000000"},"min_self_delegation":"1","delegator_address":"front1kqstxg6ql6u6esdu0qmqezvj28p5r73pja5lua","validator_address":"frontvaloper1kqstxg6ql6u6esdu0qmqezvj28p5r73pxjx34d","pubkey":"frontvalconspub1zcjduepq29fcpcaezkx6rlrun54vghuejtz5fdxhz864lhckmlyxgckt2hzq8lq6yc","value":{"denom":"front","amount":"1000000000000"}}}],"fee":{"amount":[],"gas":"200000"},"signatures":[{"pub_key":{"type":"tendermint/PubKeySecp256k1","value":"A05btLV97jPSwRxxkm0b0RVW9uDc6iQfxvtvhbIpw76a"},"signature":"d8y1ivsKPGGwjakNza/jXWaqWVdaFYdNfBhJUNJKnosQm7D77DX5PjzzcFJ+1D3Z4DiypWye2Me7NiuG/LlDRQ=="}],"memo":"1b794d434f0aa752db0165d3f579d72ec9a09d13@95.216.35.96:26656"}}
