{"type":"cosmos-sdk/StdTx","value":{"msg":[{"type":"cosmos-sdk/MsgCreateValidator","value":{"description":{"moniker":"almaz","identity":"","website":"","security_contact":"","details":""},"commission":{"rate":"0.100000000000000000","max_rate":"0.200000000000000000","max_change_rate":"0.010000000000000000"},"min_self_delegation":"1","delegator_address":"front120esn34480cxrt5f20w2wse0f0q8eq7yxa4e5p","validator_address":"frontvaloper120esn34480cxrt5f20w2wse0f0q8eq7yjj8ha3","pubkey":"frontvalconspub1zcjduepqvzcwdje8hcnwxhfvegqwkuuzme2lxxma6td7h2j299wuehy6pazsywr0rn","value":{"denom":"front","amount":"1000000000000"}}}],"fee":{"amount":[],"gas":"200000"},"signatures":[{"pub_key":{"type":"tendermint/PubKeySecp256k1","value":"A7swVdR5iQl9CzL54XBR5hCO6NxGH9BuPDAY/RE2n05P"},"signature":"XdFkOVlAEe8kpO4jSaWEnFGGcfnCZ6YFgGZ8X4/nTZRfrIfEV0qXnv6tDDLI6UvdsZtQg4boWm/9UzRVnGADvg=="}],"memo":"087520b04db13f0595f0618747e14005148352b8@185.117.152.209:26656"}}
