{"type":"cosmos-sdk/StdTx","value":{"msg":[{"type":"cosmos-sdk/MsgCreateValidator","value":{"description":{"moniker":"my_node","identity":"","website":"","security_contact":"","details":""},"commission":{"rate":"0.100000000000000000","max_rate":"0.200000000000000000","max_change_rate":"0.010000000000000000"},"min_self_delegation":"1","delegator_address":"front1kvehjckeq89cf4wzva8dc9d6ens2ezfqgtfm09","validator_address":"frontvaloper1kvehjckeq89cf4wzva8dc9d6ens2ezfquym4x4","pubkey":"frontvalconspub1zcjduepqjgysghf8wmfkrcfsftfdhz6zprcnfun6l9g0nayklldtkxv06h6s4z68nx","value":{"denom":"front","amount":"1000000000000"}}}],"fee":{"amount":[],"gas":"200000"},"signatures":[{"pub_key":{"type":"tendermint/PubKeySecp256k1","value":"AlIXIasLOkwskNQtucP5dZY5AO2ZjfQ+CKqSri4FuxVD"},"signature":"IyQbgD7i4T35a0gcdOgv/mg9QCEzHJOw11ffSPKyLaVLbG6mBTl+TIbsJ5/r+QJf20CtKTKYOaWiW2flT57gxw=="}],"memo":"0db0de782d01dd7c65a4dd3a7a3730d1c4a66713@152.228.219.202:26656"}}
