{"type":"cosmos-sdk/StdTx","value":{"msg":[{"type":"cosmos-sdk/MsgCreateValidator","value":{"description":{"moniker":"tianyi_flylower","identity":"","website":"","security_contact":"","details":""},"commission":{"rate":"0.100000000000000000","max_rate":"0.200000000000000000","max_change_rate":"0.010000000000000000"},"min_self_delegation":"1","delegator_address":"front1t34xk536p8yxq2375yxdn6scy5rysmhjjeppyw","validator_address":"frontvaloper1t34xk536p8yxq2375yxdn6scy5rysmhjxkn0d7","pubkey":"frontvalconspub1zcjduepq3qf95jgaxg3vm8qszeumxwmfw7h8wgfunr2w6permggm7z8rk9qq09zcjv","value":{"denom":"front","amount":"1000000000000"}}}],"fee":{"amount":[],"gas":"200000"},"signatures":[{"pub_key":{"type":"tendermint/PubKeySecp256k1","value":"A7WhB1Jykjz996TckL8oWcpM5XIzaoq5Byl5Nd2+BHWb"},"signature":"92gXLBtjqNbV8MlBtg6ymnM5FLpXH6OxAaOlz7vbmmYsQsGuruTrGNZthzPwNlPat9cYyApfBi0M7rsTZmUMLg=="}],"memo":"24a4f7a0781b464a9ba240ab5038ccbfe2d4653f@101.89.213.230:26656"}}
