{"type":"cosmos-sdk/StdTx","value":{"msg":[{"type":"cosmos-sdk/MsgCreateValidator","value":{"description":{"moniker":"staking.blue","identity":"","website":"","security_contact":"","details":""},"commission":{"rate":"0.100000000000000000","max_rate":"0.200000000000000000","max_change_rate":"0.010000000000000000"},"min_self_delegation":"1","delegator_address":"front1cxhzw4sfwt7azz3ww9c22w6xfqk2e8hufar7ln","validator_address":"frontvaloper1cxhzw4sfwt7azz3ww9c22w6xfqk2e8huaj3skr","pubkey":"frontvalconspub1zcjduepqhueat9ppgca88gku2e6r7dzyuqjpkapxz3k9jye59u9gxkwq7mzq80n788","value":{"denom":"front","amount":"1000000000000"}}}],"fee":{"amount":[],"gas":"200000"},"signatures":[{"pub_key":{"type":"tendermint/PubKeySecp256k1","value":"Aj0U6fhBn0eFT/lQHXrw4Aon0TSYbz2488YrN4oHkvfO"},"signature":"BEhJEiS2hAnz+o9ZgPnKbueiuhzvWdAlut+j7UTNP39ZPmhdSLykdZu0EkTg+b6rMFwRpWxgRvavyyTnDI43bA=="}],"memo":"01e5e5a6ac2efe508427e20d2946d07330d46a00@51.89.23.150:26656"}}
