{"type":"cosmos-sdk/StdTx","value":{"msg":[{"type":"cosmos-sdk/MsgCreateValidator","value":{"description":{"moniker":"polet","identity":"","website":"","security_contact":"","details":""},"commission":{"rate":"0.100000000000000000","max_rate":"0.200000000000000000","max_change_rate":"0.010000000000000000"},"min_self_delegation":"1","delegator_address":"front1csjeedl985247c0wgmygkv4wvp33wzjh5qtle7","validator_address":"frontvaloper1csjeedl985247c0wgmygkv4wvp33wzjhq0e3sw","pubkey":"frontvalconspub1zcjduepq7vcn9avzk0gvt3chwayq5fnck6eumj3urzgwug6u7mkdwxedzaqqa4mhzs","value":{"denom":"front","amount":"1000000000000"}}}],"fee":{"amount":[],"gas":"200000"},"signatures":[{"pub_key":{"type":"tendermint/PubKeySecp256k1","value":"A7Ch/rD/CrBHhSIV3/S5EZlTSd0vqBLS+zKwjqWx05zS"},"signature":"4DtcHWrHo0bPrvz7aK0btnGsnxUWYbdMfJuMJ8Fdfokc3twkLu3uAPgvDKrJcAZCiOMF2uuip8w3QXK+m7PBcg=="}],"memo":"2c886baed2f1e8755318c0b9bc9b6c1bff432ce7@135.181.197.147:26656"}}
