{"type":"cosmos-sdk/StdTx","value":{"msg":[{"type":"cosmos-sdk/MsgCreateValidator","value":{"description":{"moniker":"cryptoleo","identity":"","website":"","security_contact":"","details":""},"commission":{"rate":"0.100000000000000000","max_rate":"0.200000000000000000","max_change_rate":"0.010000000000000000"},"min_self_delegation":"1","delegator_address":"front1cnlp3xxuee4apjaef7vy96t5vejhk3ahmd5fw2","validator_address":"frontvaloper1cnlp3xxuee4apjaef7vy96t5vejhk3ah0zx886","pubkey":"frontvalconspub1zcjduepqd96smus2ua7yjplen2rk2krgfe2k5vtkyl49qfw7uwkjc790t0ks5w7t8m","value":{"denom":"front","amount":"1000000000000"}}}],"fee":{"amount":[],"gas":"200000"},"signatures":[{"pub_key":{"type":"tendermint/PubKeySecp256k1","value":"AoWYDyDAxamTfsfCIzVf//PA2zYUZsMfEpZK/1hc2a//"},"signature":"4x30w84WSjDbHdjxRQwSZfe8U0MuJ4ADkpE+6ruASFIV4e5YnWCridtM/U9Q8ZGFiTUHmM2x8xfeQ0JZMZWRCA=="}],"memo":"105ceb218a3a97a580053dac44248adec5565331@139.162.159.57:26656"}}
