{"type":"cosmos-sdk/StdTx","value":{"msg":[{"type":"cosmos-sdk/MsgCreateValidator","value":{"description":{"moniker":"mrNodex","identity":"","website":"","security_contact":"","details":""},"commission":{"rate":"0.100000000000000000","max_rate":"0.200000000000000000","max_change_rate":"0.010000000000000000"},"min_self_delegation":"1","delegator_address":"front136s4d5almwhdn5r7w5vkqtv960vsd0x9nfhqyg","validator_address":"frontvaloper136s4d5almwhdn5r7w5vkqtv960vsd0x98x9wdc","pubkey":"frontvalconspub1zcjduepqpnkhz9my2tqd87lzfgpqv5ch30d976pqt5uqfncc9574xykw970sagtj40","value":{"denom":"front","amount":"1000000000000"}}}],"fee":{"amount":[],"gas":"200000"},"signatures":[{"pub_key":{"type":"tendermint/PubKeySecp256k1","value":"Ail2qSShy/6M3p/29jQ0CWdqFATKvqniTcwF+q9yPvgG"},"signature":"7JtNwaOrumUe3LuXMJm1uZsY/W9yhe4+g1XNqPIsCcgrMMyNtL9w3SR5IOfbyVSYFO1Tb8tWYx1/KhV1rC3YVQ=="}],"memo":"358baf2f367d2a8e0e4694f0105694b36929166d@95.217.12.38:26656"}}
