{"type":"cosmos-sdk/StdTx","value":{"msg":[{"type":"cosmos-sdk/MsgCreateValidator","value":{"description":{"moniker":"my_node","identity":"","website":"","security_contact":"","details":""},"commission":{"rate":"0.100000000000000000","max_rate":"0.200000000000000000","max_change_rate":"0.010000000000000000"},"min_self_delegation":"1","delegator_address":"front1usht5l4c48pf0f83pw8uztu0x54v0y6nz2dn4t","validator_address":"frontvaloper1usht5l4c48pf0f83pw8uztu0x54v0y6nk9laum","pubkey":"frontvalconspub1zcjduepq9df2ud3auvg443mqfcj5j3ue8xun282sv3j5wllq9k76e9t73z9s49khnx","value":{"denom":"front","amount":"1000000000000"}}}],"fee":{"amount":[],"gas":"200000"},"signatures":[{"pub_key":{"type":"tendermint/PubKeySecp256k1","value":"ApOC1q0uutxhZcVzsIew6SEWl4Qfgk4ulu9EXpPxApCc"},"signature":"Nm65XP/cKMLQlaHChRwg91bBUtHrw3agVML5LlY0RBY81MgdBBL8TtuURXm3qaFiVlxUlpIp/xS3fia8OIrwYQ=="}],"memo":"28f55522ee010531d4ead2dc1ce6f49a6c157c36@192.168.32.129:26656"}}
