{"type":"cosmos-sdk/StdTx","value":{"msg":[{"type":"cosmos-sdk/MsgCreateValidator","value":{"description":{"moniker":"my_node","identity":"","website":"","security_contact":"","details":""},"commission":{"rate":"0.100000000000000000","max_rate":"0.200000000000000000","max_change_rate":"0.010000000000000000"},"min_self_delegation":"1","delegator_address":"front1l7ncp9nq6kkqj8syzh4kkmdzmkwqkss4zqg2e3","validator_address":"frontvaloper1l7ncp9nq6kkqj8syzh4kkmdzmkwqkss4k06ysp","pubkey":"frontvalconspub1zcjduepqnz8kplc3u6y0zcn7aw588n3uhsj0pwtl8hksle6ejuuffj76mqkqy4hy98","value":{"denom":"front","amount":"1000000000000"}}}],"fee":{"amount":[],"gas":"200000"},"signatures":[{"pub_key":{"type":"tendermint/PubKeySecp256k1","value":"AjSz8F8dOFHD2ZK1vqZIkb2vCG4BGnWNJBBFmuO/reqX"},"signature":"ppbInG2eKI+oXSYt1Zoo0KPsYv8zt4DZWLmsy1wEokJ2rDy8F3k57YRmNFFbAv5ACfLogTSTb/bWNZowaN2hdA=="}],"memo":"01ca54efb11084cb943f755abb735573df5dabeb@172.31.16.22:26656"}}
