{"type":"cosmos-sdk/StdTx","value":{"msg":[{"type":"cosmos-sdk/MsgCreateValidator","value":{"description":{"moniker":"NodesGuru","identity":"","website":"","security_contact":"","details":""},"commission":{"rate":"0.100000000000000000","max_rate":"0.200000000000000000","max_change_rate":"0.010000000000000000"},"min_self_delegation":"1","delegator_address":"front10wnd2c6dcashnk2sdvcg0ueykfjvnsuk2xlyqf","validator_address":"frontvaloper10wnd2c6dcashnk2sdvcg0ueykfjvnsuk7fd2fe","pubkey":"frontvalconspub1zcjduepqfuyzau6cqz59jwshmm29aw6ngnypma4smwgf2mkag88706dyhvtqe4svss","value":{"denom":"front","amount":"1000000000000"}}}],"fee":{"amount":[],"gas":"200000"},"signatures":[{"pub_key":{"type":"tendermint/PubKeySecp256k1","value":"A0i2kGaku9KVoZM3nAW3OPc1QdaSOaTfF8A37RHtDbge"},"signature":"HQLca9uVuqC+JZZ8z0tfqXmRTeBSt66DapwRgPJ4utojd66FxDkI4IoqvJH7jUATy7FF2oGeNC4a6IUVV8rUnQ=="}],"memo":"2e001ae4cdb1f52795608c0a09c71666cbe11df6@167.71.75.153:26656"}}
