{"type":"cosmos-sdk/StdTx","value":{"msg":[{"type":"cosmos-sdk/MsgCreateValidator","value":{"description":{"moniker":"my_node","identity":"","website":"","security_contact":"","details":""},"commission":{"rate":"0.100000000000000000","max_rate":"0.200000000000000000","max_change_rate":"0.010000000000000000"},"min_self_delegation":"1","delegator_address":"front1kqj9e4hu2mznw5s0fkemsxlh423hq3jdn9gxju","validator_address":"frontvaloper1kqj9e4hu2mznw5s0fkemsxlh423hq3jd826gmv","pubkey":"frontvalconspub1zcjduepqfxatzese5v6a0e6qtzl00dtw627vmt2dq2fwj6n3e6sw2evvrjwq6fj0dd","value":{"denom":"front","amount":"1000000000000"}}}],"fee":{"amount":[],"gas":"200000"},"signatures":[{"pub_key":{"type":"tendermint/PubKeySecp256k1","value":"A3SVeLLwyjRcKwTuG25RrR7HXxDps8cKObh2ZEy8Btfi"},"signature":"EDcUF2G8gO5FeaYMB/yuTTCXNQ7cLTsbDrNJ9ZLR4sA/3irQCndlPgtTQ3k5xZqVpzV/TcQ12lnBRrlBSLprZQ=="}],"memo":"3f8f7a0607c866e335752ff9fae54b3fede77676@192.168.230.128:26656"}}
