{"type":"cosmos-sdk/StdTx","value":{"msg":[{"type":"cosmos-sdk/MsgCreateValidator","value":{"description":{"moniker":"my_node","identity":"","website":"","security_contact":"","details":""},"commission":{"rate":"0.100000000000000000","max_rate":"0.200000000000000000","max_change_rate":"0.010000000000000000"},"min_self_delegation":"1","delegator_address":"front16mmg4auaujejfstrrvmkefpdr0zqajww8mkvxa","validator_address":"frontvaloper16mmg4auaujejfstrrvmkefpdr0zqajwwn5yz0d","pubkey":"frontvalconspub1zcjduepqmj9mwul53n8hfjs9z0gr6ugpamscafz7f5d7m5h4phf8sfctu54sdrrdqt","value":{"denom":"front","amount":"1000000000000"}}}],"fee":{"amount":[],"gas":"200000"},"signatures":[{"pub_key":{"type":"tendermint/PubKeySecp256k1","value":"A/oG9F9IKQE5TJ3WN7wHVswMpgc3fVm/8e4ZbhDRnAgg"},"signature":"ADvXS5IgDaF3uN4L2AeVPs6qN4qfQdjFPRUIYH/Ozz0jVQZzndtW19M1k7woA6IJeLR6AfVOX0hGz14tvfpkyA=="}],"memo":"0685318ee33567eea0bc31acae2746ae9b45d86e@10.140.0.5:26656"}}
