{"type":"cosmos-sdk/StdTx","value":{"msg":[{"type":"cosmos-sdk/MsgCreateValidator","value":{"description":{"moniker":"pashalaban","identity":"","website":"","security_contact":"","details":""},"commission":{"rate":"0.100000000000000000","max_rate":"0.200000000000000000","max_change_rate":"0.010000000000000000"},"min_self_delegation":"1","delegator_address":"front145rdja38juwsqxaqnpcq80gqyftyk5yvgssa8k","validator_address":"frontvaloper145rdja38juwsqxaqnpcq80gqyftyk5yvulznwx","pubkey":"frontvalconspub1zcjduepq6curu28w79m6anmrkxkskpscmtlz2k9ujke53drhym0cr83yuwcsdfflle","value":{"denom":"front","amount":"1000000000000"}}}],"fee":{"amount":[],"gas":"200000"},"signatures":[{"pub_key":{"type":"tendermint/PubKeySecp256k1","value":"AniPYisCY/wD81Aec7Vr2i6NVGzBxgBWM+CCj+rqDgu3"},"signature":"869UmUHIUCir9fAUCDTNXJgBoWCxHnACMdTkuJWQS0op7Fh5VD/tnU7dPDIIvMiBvVPiexoXNcFS0dwE/Mp4Pw=="}],"memo":"581f98a0cb9f26ba6726f629cd66b315e11a97f2@45.77.65.220:26656"}}
