{"type":"cosmos-sdk/StdTx","value":{"msg":[{"type":"cosmos-sdk/MsgCreateValidator","value":{"description":{"moniker":"Vlad_Dima_Bogdan","identity":"","website":"","security_contact":"","details":""},"commission":{"rate":"0.100000000000000000","max_rate":"0.200000000000000000","max_change_rate":"0.010000000000000000"},"min_self_delegation":"1","delegator_address":"front1dqzwnlpzgckf7npemtmfd6vrx326764pyn0mfk","validator_address":"frontvaloper1dqzwnlpzgckf7npemtmfd6vrx326764psua4qx","pubkey":"frontvalconspub1zcjduepqy0gtqxhrrgul77sxc69p5m2gspdpvjw90mutm6y9dxjssr7t2pqsx569cc","value":{"denom":"front","amount":"1000000000000"}}}],"fee":{"amount":[],"gas":"200000"},"signatures":[{"pub_key":{"type":"tendermint/PubKeySecp256k1","value":"AyN24SpnUXjYw6zR2+mi2aX9b75wwIvBWvKiAri12Yyc"},"signature":"CKB1Qu246WKDzzhy5ekXbKdUNgLyD+cdG4yl7Z/dvp1RbBhbRAROBQelh+8fjYyG6zNAh5zWvrjtM26vZyZzWw=="}],"memo":"32a02ae6a9254a6ff670a01815f436036b384c5b@88.99.33.204:26656"}}
