{"type":"cosmos-sdk/StdTx","value":{"msg":[{"type":"cosmos-sdk/MsgCreateValidator","value":{"description":{"moniker":"LazyLizard","identity":"","website":"","security_contact":"","details":""},"commission":{"rate":"0.100000000000000000","max_rate":"0.200000000000000000","max_change_rate":"0.010000000000000000"},"min_self_delegation":"1","delegator_address":"front12t6u2uzpze2h3z6agc5zs2he0cgfyvc7qx5ntd","validator_address":"frontvaloper12t6u2uzpze2h3z6agc5zs2he0cgfyvc75fxaza","pubkey":"frontvalconspub1zcjduepqjkvrdcwtag62rp3hpwgvls7at0csl22cwvy7kc965muf9ne00ruq2g32hf","value":{"denom":"front","amount":"1000000000000"}}}],"fee":{"amount":[],"gas":"200000"},"signatures":[{"pub_key":{"type":"tendermint/PubKeySecp256k1","value":"A5ICn5ZCJQoyeEUlWGOwySqTgNVDLiPs+n70JRUF7x7P"},"signature":"pEYHnO9X3ZjSMAx4dfH170/Etn2eGJzX4WKxQ/vqAcwTAADEoNBBepOTi+j7NNos+e78kdbOf2vZUTKZNk+K/g=="}],"memo":"24294fcd42140452862c00fbebb23bd530ae904c@157.245.77.101:26656"}}
