{"type":"cosmos-sdk/StdTx","value":{"msg":[{"type":"cosmos-sdk/MsgCreateValidator","value":{"description":{"moniker":"my_node","identity":"","website":"","security_contact":"","details":""},"commission":{"rate":"0.100000000000000000","max_rate":"0.200000000000000000","max_change_rate":"0.010000000000000000"},"min_self_delegation":"1","delegator_address":"front1cqjkppjs2s0t80kpdjmm4ff67dxuag8ssp7dfp","validator_address":"frontvaloper1cqjkppjs2s0t80kpdjmm4ff67dxuag8sywvrq3","pubkey":"frontvalconspub1zcjduepqq35wqz7ayykgxt27vcg7pt8l4h0ya7qe67vnqlfn6045mzncn7lqh3nwne","value":{"denom":"front","amount":"1000000000000"}}}],"fee":{"amount":[],"gas":"200000"},"signatures":[{"pub_key":{"type":"tendermint/PubKeySecp256k1","value":"AvfUWQdSKQEuGlreeW4sUhH/zNuVl14qqM8PGyEkXb3E"},"signature":"a/kJSNUAfhw8MZ8a1R2bGbRrSRTBoCvJ44etyWs/ckMgyBZraXnrvTzFA/Y0CrdSsBDNSDC6TE7IhJzjJxpEUg=="}],"memo":"124c772694daa1f8bba9068ef8de33e16b8c6c95@192.168.3.68:26656"}}
