{"type":"cosmos-sdk/StdTx","value":{"msg":[{"type":"cosmos-sdk/MsgCreateValidator","value":{"description":{"moniker":"NodesGuru","identity":"","website":"","security_contact":"","details":""},"commission":{"rate":"0.100000000000000000","max_rate":"0.200000000000000000","max_change_rate":"0.010000000000000000"},"min_self_delegation":"1","delegator_address":"front10fgswywytaz3huu0n92mkmej4l8vmuth2zamzn","validator_address":"frontvaloper10fgswywytaz3huu0n92mkmej4l8vmuth7d04tr","pubkey":"frontvalconspub1zcjduepqrx27elk3qqysnc2ak63j4ms5wdpa3zaqgq07zchmdzccjmme70fqcj60fq","value":{"denom":"front","amount":"1000000000000"}}}],"fee":{"amount":[],"gas":"200000"},"signatures":[{"pub_key":{"type":"tendermint/PubKeySecp256k1","value":"AlLbaDGUEeMN4dJdh7dQ/EmZL43Yob9CiBtwlQCWszDf"},"signature":"e8+fYrkQtWmLL5+wd5uVPQPPQGwIRuPllWPXUbXvWrJf4Ld1N4/BogMpRQXjqkT/esmEjjs92Mi/E0iszPGQpA=="}],"memo":"4ec99956753c831644f833f78f3ccfaf78c5f2a8@193.38.235.214:26656"}}
