{"type":"cosmos-sdk/StdTx","value":{"msg":[{"type":"cosmos-sdk/MsgCreateValidator","value":{"description":{"moniker":"1610876468","identity":"","website":"","security_contact":"","details":""},"commission":{"rate":"0.100000000000000000","max_rate":"0.200000000000000000","max_change_rate":"0.010000000000000000"},"min_self_delegation":"1","delegator_address":"front1w5ezu54zf65as2gwug2gqzcw2m0hw5c2nnjpf9","validator_address":"frontvaloper1w5ezu54zf65as2gwug2gqzcw2m0hw5c28uq0q4","pubkey":"frontvalconspub1zcjduepq8dhnwayfapmnsg6wm8w7fha3lh45aa3x0cgft57209kxeqwx2qssaxk88x","value":{"denom":"front","amount":"1000000000000"}}}],"fee":{"amount":[],"gas":"200000"},"signatures":[{"pub_key":{"type":"tendermint/PubKeySecp256k1","value":"A8fNhJsv8hJDtaezpNLhbjz1WRf0klyp4YxmjPdvXru3"},"signature":"Rys98vqb6XQvThGBWf3PqVVt6+SIgURae8USDS94btcdQbShqZS7EhdXTXbRNUGiiB4OKsSmo4+s9FS7w19+Wg=="}],"memo":"4fa41144c80c853117630385dae8a19eab8a0f8e@172.22.0.8:26656"}}
