{"type":"cosmos-sdk/StdTx","value":{"msg":[{"type":"cosmos-sdk/MsgCreateValidator","value":{"description":{"moniker":"Wakeup","identity":"","website":"","security_contact":"","details":""},"commission":{"rate":"0.100000000000000000","max_rate":"0.200000000000000000","max_change_rate":"0.010000000000000000"},"min_self_delegation":"1","delegator_address":"front138dfl66rqedqc624kqtqrnfept92mfa25pmex8","validator_address":"frontvaloper138dfl66rqedqc624kqtqrnfept92mfa2qwfh0h","pubkey":"frontvalconspub1zcjduepqr54wmf46at6gl3ghwhnrzf0fm5wg5y773rmyfq2q6d5wnsx0mt7qjqer8m","value":{"denom":"front","amount":"1000000000000"}}}],"fee":{"amount":[],"gas":"200000"},"signatures":[{"pub_key":{"type":"tendermint/PubKeySecp256k1","value":"Ax2z6uhvMlNB5enWfeuh/IHaN84EbeUEaGmTnnOAXtC6"},"signature":"hz4kKV7ZKmrpZXq1B5KsC4WTWwo30HcGLTxLIBGuIVVmsVpj81VMWVor0YRVthNtuD+c7maHb9iqlrgoa0XE/A=="}],"memo":"3d0cc84a6e8787cae5ecf22f8fba3aff906f9ca6@159.89.178.90:26656"}}
