{"type":"cosmos-sdk/StdTx","value":{"msg":[{"type":"cosmos-sdk/MsgCreateValidator","value":{"description":{"moniker":"quadratum","identity":"","website":"","security_contact":"","details":""},"commission":{"rate":"0.100000000000000000","max_rate":"0.200000000000000000","max_change_rate":"0.010000000000000000"},"min_self_delegation":"1","delegator_address":"front1jc38ee33p80s2m63w0qu779d4f9r2cqy9x4u9p","validator_address":"frontvaloper1jc38ee33p80s2m63w0qu779d4f9r2cqy3f8jv3","pubkey":"frontvalconspub1zcjduepq4nc4h6um0lhcx9cxndmsca42jwvyk6a2dnr4xw93aj85kukfkllqae9xk0","value":{"denom":"front","amount":"1000000000000"}}}],"fee":{"amount":[],"gas":"200000"},"signatures":[{"pub_key":{"type":"tendermint/PubKeySecp256k1","value":"AkmdeLEuUP9NVdHTj29jMVqNJZZrIBDKPUmHvvcgEiiO"},"signature":"ZVuxUxnB31/WfMjZ5QIPGEPnLNAL8w4K744zVBPf/mQW7VakUDWGArVC5WONCr+EpH0i8AJk0vUmsBStzbOX3w=="}],"memo":"1c8b4c1eba869331bdb2452f95c74137f08caed7@10.113.43.119:26656"}}
