{"type":"cosmos-sdk/StdTx","value":{"msg":[{"type":"cosmos-sdk/MsgCreateValidator","value":{"description":{"moniker":"srqn","identity":"","website":"","security_contact":"","details":""},"commission":{"rate":"0.100000000000000000","max_rate":"0.200000000000000000","max_change_rate":"0.010000000000000000"},"min_self_delegation":"1","delegator_address":"front1s63rz7x0u992rnrehk35vsynnkm7ag6z3340zs","validator_address":"frontvaloper1s63rz7x0u992rnrehk35vsynnkm7ag6z978ptq","pubkey":"frontvalconspub1zcjduepqcmpn77usgk6amq9k0x0r45y5s6d9s6m65pha9zaum0pp2q23yv8s9yrrm3","value":{"denom":"front","amount":"1000000000000"}}}],"fee":{"amount":[],"gas":"200000"},"signatures":[{"pub_key":{"type":"tendermint/PubKeySecp256k1","value":"A0ECb9NcgdjzkCMfGkw7I3WJMZdEVZUQBKEOKJ/zyeNz"},"signature":"QTYOJbZ+miu59AgbOlHLKdxguyyHO7P9uuJLvatgwu0CMmsTtPxP3syvDJ3juoVJkw2KHLOriX2ugx1dh70LQg=="}],"memo":"150fa4cc68d1f3109e594da4f3de5d8b799b5717@10.128.0.6:26656"}}
