{"type":"cosmos-sdk/StdTx","value":{"msg":[{"type":"cosmos-sdk/MsgCreateValidator","value":{"description":{"moniker":"my_node","identity":"","website":"","security_contact":"","details":""},"commission":{"rate":"0.100000000000000000","max_rate":"0.200000000000000000","max_change_rate":"0.010000000000000000"},"min_self_delegation":"1","delegator_address":"front1pgfcu5n4xhq4xymmaj798wvj8kn5put9ml53ap","validator_address":"frontvaloper1pgfcu5n4xhq4xymmaj798wvj8kn5put90sxl53","pubkey":"frontvalconspub1zcjduepqzucyemahs8vw2ruf80erzl479602t0qxew5pl8ge2lwq8zh6nhdqegjg7v","value":{"denom":"front","amount":"1000000000000"}}}],"fee":{"amount":[],"gas":"200000"},"signatures":[{"pub_key":{"type":"tendermint/PubKeySecp256k1","value":"AgGSq4e/EjjjnqclDmDCpXNHz8K2Z1DlO/a3JS76SQHb"},"signature":"MBjjCvvww4XSkKsm21KRbKmueeRSWsxROM3aeS8DVLd638YBRzzfk2+dvUbEl09+PdlIbSEBgWHRautMlYAs0w=="}],"memo":"0303f08f9389392a212874392a7c45ab1c3b70ae@158.247.197.117:26656"}}
