{"type":"cosmos-sdk/StdTx","value":{"msg":[{"type":"cosmos-sdk/MsgCreateValidator","value":{"description":{"moniker":"zni","identity":"","website":"","security_contact":"","details":""},"commission":{"rate":"0.100000000000000000","max_rate":"0.200000000000000000","max_change_rate":"0.010000000000000000"},"min_self_delegation":"1","delegator_address":"front10jmuzkcl7c33mazv8p3cufgqd72cw5jjhzndvc","validator_address":"frontvaloper10jmuzkcl7c33mazv8p3cufgqd72cw5jjrdpr9g","pubkey":"frontvalconspub1zcjduepq68andzlzypn5aw08eyve3gwr7kdka5v4tq66d4eq593849asph2sdad47f","value":{"denom":"front","amount":"1000000000000"}}}],"fee":{"amount":[],"gas":"200000"},"signatures":[{"pub_key":{"type":"tendermint/PubKeySecp256k1","value":"A/GgXrFV0JUXJ53idgTiiGG26NbYd0BtyeGVY/4qxTNe"},"signature":"y4Aq9vtxv2dtQTJnvk0bnM/svAgyNFbF0I7QUo1CYE0Y4v/cL3+tUaoUjichS+cWWEot42MkKoQUjjKJSVToUg=="}],"memo":"41a0a438248f1668fd053dceb9a20a3bbe7f4ea8@194.195.124.57:26656"}}
