{"type":"cosmos-sdk/StdTx","value":{"msg":[{"type":"cosmos-sdk/MsgCreateValidator","value":{"description":{"moniker":"cg","identity":"","website":"","security_contact":"","details":""},"commission":{"rate":"0.100000000000000000","max_rate":"0.200000000000000000","max_change_rate":"0.010000000000000000"},"min_self_delegation":"1","delegator_address":"front1sk84pkh0zrk3sxddhys22v7wlgaakfy9z097xy","validator_address":"frontvaloper1sk84pkh0zrk3sxddhys22v7wlgaakfy9kqhs05","pubkey":"frontvalconspub1zcjduepqcma7p745lz3jqensmcp2k5jqy646ylrcvpc3euus60tl3f6mjgss6fhyxf","value":{"denom":"front","amount":"1000000000000"}}}],"fee":{"amount":[],"gas":"200000"},"signatures":[{"pub_key":{"type":"tendermint/PubKeySecp256k1","value":"ArNEX4YOiGSxmj4E1Cr7Hlm+vjg3Luw3qQtNm3M7i1Gz"},"signature":"i+T8NvnwCiljRN6CarbFt9v1+/iXwJCO+uhLowJJoVdCeR4u00vHl27rrXRDnnGTVs2xJQdCNXulFJarJFiY0g=="}],"memo":"563963b1d686ed068c100ef9f4834bb0055160f3@157.90.134.145:26656"}}
