{"type":"cosmos-sdk/StdTx","value":{"msg":[{"type":"cosmos-sdk/MsgCreateValidator","value":{"description":{"moniker":"ArcLing","identity":"","website":"","security_contact":"","details":""},"commission":{"rate":"0.100000000000000000","max_rate":"0.200000000000000000","max_change_rate":"0.010000000000000000"},"min_self_delegation":"1","delegator_address":"front1yeesdl7rge4a3y4vfhlxgchvlzw7sjahjckvr7","validator_address":"frontvaloper1yeesdl7rge4a3y4vfhlxgchvlzw7sjahxhyz2w","pubkey":"frontvalconspub1zcjduepquypskmza9nc494wnzy5d6tn45suhhr25w9aecrucrumwvk8ycktsk5mmnk","value":{"denom":"front","amount":"1000000000000"}}}],"fee":{"amount":[],"gas":"200000"},"signatures":[{"pub_key":{"type":"tendermint/PubKeySecp256k1","value":"Ap2ccSvQOE4rpp3VpOmWmGctPuGUn0E2ty42bDfSMZKx"},"signature":"XqtUIqBMnLGNeELHkSWSsbGtlxOfdTnx+K053AbHV6wDmvmFbjzEdKWtwGb/Qql9k0l58GGCfLoyXvtnWd2PnQ=="}],"memo":"57e1a0954421754e3aa6ad7b746ac3fedc9fac97@134.122.88.209:26656"}}
