{"type":"cosmos-sdk/StdTx","value":{"msg":[{"type":"cosmos-sdk/MsgCreateValidator","value":{"description":{"moniker":"my_node","identity":"","website":"","security_contact":"","details":""},"commission":{"rate":"0.100000000000000000","max_rate":"0.200000000000000000","max_change_rate":"0.010000000000000000"},"min_self_delegation":"1","delegator_address":"front1hmg0uxu6ayjgt7ncr5etpm8fzlt27m69hvu9n6","validator_address":"frontvaloper1hmg0uxu6ayjgt7ncr5etpm8fzlt27m69rrwt62","pubkey":"frontvalconspub1zcjduepq747jprkkq8vcl9za9fwfed9lz70va3hv4azdg9fyunxukv2nnagq47ruw5","value":{"denom":"front","amount":"1000000000000"}}}],"fee":{"amount":[],"gas":"200000"},"signatures":[{"pub_key":{"type":"tendermint/PubKeySecp256k1","value":"AmbyGnpyKnrVVPNYPRgGhV+B+vz6kp5qkLYJ4+RoaX+d"},"signature":"WSRK+VY2eD+JjHwCcR9D7mX/DgnqTQ7p+y4FpJZt/HNqfDWKjzr3Z5KXrtzdPJIglRENjgxptwXL+Gx0JqfOxQ=="}],"memo":"046edf695a2063f0ebd70903f4b114feae09b538@149.28.78.110:26656"}}
