{"type":"cosmos-sdk/StdTx","value":{"msg":[{"type":"cosmos-sdk/MsgCreateValidator","value":{"description":{"moniker":"zamur","identity":"","website":"","security_contact":"","details":""},"commission":{"rate":"0.100000000000000000","max_rate":"0.200000000000000000","max_change_rate":"0.010000000000000000"},"min_self_delegation":"1","delegator_address":"front1pkt960n8e7qlsv5wk76hjajtpwr9radny4s8l5","validator_address":"frontvaloper1pkt960n8e7qlsv5wk76hjajtpwr9radns6zfky","pubkey":"frontvalconspub1zcjduepq4y9ndzn0aspuxgqq2sj095v7edqh42eu2r4l6gkc4slf6h2ev9kqy5qnwh","value":{"denom":"front","amount":"1000000000000"}}}],"fee":{"amount":[],"gas":"200000"},"signatures":[{"pub_key":{"type":"tendermint/PubKeySecp256k1","value":"AlRBZVCnuku+7Dlz3/8wPH5E3s60vKciz1k7w5v1jqYJ"},"signature":"bi54GhEU7xZXA8AfOGh2FiE+x9le62tbONlJI7t3DmNFtB1fC0sVVCVBUJU6jwf9b8DfsnTsZ20nexz2PeXlDQ=="}],"memo":"152cca2418930a187f2b6e8b89422d12e1ec70e6@95.179.163.60:26656"}}
