{"type":"cosmos-sdk/StdTx","value":{"msg":[{"type":"cosmos-sdk/MsgCreateValidator","value":{"description":{"moniker":"mynode","identity":"","website":"","security_contact":"","details":""},"commission":{"rate":"0.100000000000000000","max_rate":"0.200000000000000000","max_change_rate":"0.010000000000000000"},"min_self_delegation":"1","delegator_address":"front1yfqadx2tazds6m7n33wnwp8zrf6a0nm3eenszh","validator_address":"frontvaloper1yfqadx2tazds6m7n33wnwp8zrf6a0nm3dkp7t8","pubkey":"frontvalconspub1zcjduepqhukanvhezf6q2ws3xa7tem9fl6xddgfmjuku20q9xcu2064k6ppsqzgq4w","value":{"denom":"front","amount":"10000000"}}}],"fee":{"amount":[],"gas":"200000"},"signatures":[{"pub_key":{"type":"tendermint/PubKeySecp256k1","value":"Av0m/7Wmkd7BepRPNHeFWeqDBWDCe4MVjxeCnowu6VYu"},"signature":"RS436MboCb8FmeYiELnzB2kf/A7NEt5JfT+TXkPDJ5QOr6TbBk3CvL5O0/PJQxf+TNfONK7pGl+zrwrcYnz1Qg=="}],"memo":"14b2f56029fcde98b09fc4025e0db4a8790007ce@192.168.1.3:26656"}}
