{"type":"cosmos-sdk/StdTx","value":{"msg":[{"type":"cosmos-sdk/MsgCreateValidator","value":{"description":{"moniker":"EZlife","identity":"","website":"","security_contact":"","details":""},"commission":{"rate":"0.100000000000000000","max_rate":"0.200000000000000000","max_change_rate":"0.010000000000000000"},"min_self_delegation":"1","delegator_address":"front1rjeaejsz5ld87r2dqcw0lpwhpv0xhaged97knr","validator_address":"frontvaloper1rjeaejsz5ld87r2dqcw0lpwhpv0xhagee2vc6n","pubkey":"frontvalconspub1zcjduepqdr6ytufy20almjmq2qn0u6k9mp47yghrfaaw33nc9lm6x6n93vcsv6fgjd","value":{"denom":"front","amount":"1000000000000"}}}],"fee":{"amount":[],"gas":"200000"},"signatures":[{"pub_key":{"type":"tendermint/PubKeySecp256k1","value":"Aq8qEUOzFn3DejVwG2lRoac5OlH2MPm9+COv9RRRvU4f"},"signature":"xEPU6brLlo5Fxjvdx8vjeLOlxRB3vIQ2iWGMXMh9QG5fwbwK5mwgxEkoJd5sdqy840nNnUFZScF1cXgWEBlqMw=="}],"memo":"45609fb3ec4f9acc0af7e49a3c5f6e2d5f0de871@85.14.222.125:26656"}}
