{"type":"cosmos-sdk/StdTx","value":{"msg":[{"type":"cosmos-sdk/MsgCreateValidator","value":{"description":{"moniker":"fuzze","identity":"","website":"","security_contact":"","details":""},"commission":{"rate":"0.100000000000000000","max_rate":"0.200000000000000000","max_change_rate":"0.010000000000000000"},"min_self_delegation":"1","delegator_address":"front1lwnr2aq2z8dy330ttad62jm2h9ud7ty44q4uvs","validator_address":"frontvaloper1lwnr2aq2z8dy330ttad62jm2h9ud7ty4p08j9q","pubkey":"frontvalconspub1zcjduepq2qaeftdttmdgkaa59tlmyxh8hvzpk5e0k3yqne0e9e6vx4983qmscl0xev","value":{"denom":"front","amount":"1000000000000"}}}],"fee":{"amount":[],"gas":"200000"},"signatures":[{"pub_key":{"type":"tendermint/PubKeySecp256k1","value":"A1yRDs0PStMAI3bUpZz/GJvfHE2khblxlxtstmEKUe9q"},"signature":"T9UyAF3LRx4v+LGc6uwxa8tMEOgK1WwjNC/pDKNzp4Nc+W6/o2xx1tf3gplUlddeFigNYLFaqU/pf9fY63MzfA=="}],"memo":"06a0b11ca247b22bd98112507e5f0c1d57c5596a@104.236.62.58:26656"}}
