{"type":"cosmos-sdk/StdTx","value":{"msg":[{"type":"cosmos-sdk/MsgCreateValidator","value":{"description":{"moniker":"tatarinoff","identity":"","website":"","security_contact":"","details":""},"commission":{"rate":"0.100000000000000000","max_rate":"0.200000000000000000","max_change_rate":"0.010000000000000000"},"min_self_delegation":"1","delegator_address":"front1pt6qltwdrale6j9d36usd9mp6p6s0nsy233d79","validator_address":"frontvaloper1pt6qltwdrale6j9d36usd9mp6p6s0nsy77rrh4","pubkey":"frontvalconspub1zcjduepqpx75jhjwa34qsypm4rzr9nxjdh6qutr53yz4gl42k8yvfx50qc4s69wd92","value":{"denom":"front","amount":"1000000000000"}}}],"fee":{"amount":[],"gas":"200000"},"signatures":[{"pub_key":{"type":"tendermint/PubKeySecp256k1","value":"AxmatdKhJ36Ih/3Cyox5mpdyV5NbkFDQ8z0hRODaW8os"},"signature":"JDoblqvNW69jDmxcOLx6YRSu7Bwef/SndVFVwIqFpOcDQLAcLMPOh3SIAZNVBOAEk9EUqeLJJZadmVfoLO9mkg=="}],"memo":"3e9af09f454aee7adbecbe7b9b327147f656a422@10.128.0.3:26656"}}
