{"type":"cosmos-sdk/StdTx","value":{"msg":[{"type":"cosmos-sdk/MsgCreateValidator","value":{"description":{"moniker":"mustafaxos36","identity":"","website":"","security_contact":"","details":""},"commission":{"rate":"0.100000000000000000","max_rate":"0.200000000000000000","max_change_rate":"0.010000000000000000"},"min_self_delegation":"1","delegator_address":"front1fg65uz3jt5v2tanme7dev2f8j4hr3zgxhq2dhg","validator_address":"frontvaloper1fg65uz3jt5v2tanme7dev2f8j4hr3zgxr0cr7c","pubkey":"frontvalconspub1zcjduepqxlzv4444ywv7f8zrx6t5wy5rllj29fq9z3lphhdmgwu6m28r4m9qps0yp8","value":{"denom":"front","amount":"1000000000000"}}}],"fee":{"amount":[],"gas":"200000"},"signatures":[{"pub_key":{"type":"tendermint/PubKeySecp256k1","value":"A3Fe91ICMix4s1buZnJ0Pyjt4jRQGOLh0aoijvywKW0q"},"signature":"VXLvzTuCx2WcOivPuxo1vfI9176YXJ/femjet3fh5SoAk3mslNMnXRv3sNrXMay8DM1SsAtZ/A9UmiUceaPFzg=="}],"memo":"1e4c9a492153ef5e44e0074d94ba47756a50c606@159.89.90.83:26656"}}
