{"type":"cosmos-sdk/StdTx","value":{"msg":[{"type":"cosmos-sdk/MsgCreateValidator","value":{"description":{"moniker":"my_node","identity":"","website":"","security_contact":"","details":""},"commission":{"rate":"0.100000000000000000","max_rate":"0.200000000000000000","max_change_rate":"0.010000000000000000"},"min_self_delegation":"1","delegator_address":"front19gs9acd88d6f0u6alc3j0lqp3vjszxm4v6jkhk","validator_address":"frontvaloper19gs9acd88d6f0u6alc3j0lqp3vjszxm4c4qc7x","pubkey":"frontvalconspub1zcjduepqfdenut35c49vnn4y9fl9qln2d5qkj3yugkhqeyj0a4yxrsvlyugqww6qkm","value":{"denom":"front","amount":"1000000000000"}}}],"fee":{"amount":[],"gas":"200000"},"signatures":[{"pub_key":{"type":"tendermint/PubKeySecp256k1","value":"A6tPuIotLH1ndGFeMG1WgJPkxw9FLdDeACFRg8Dt9Zli"},"signature":"4YxWzMHcw+XhNnwo+4uhL63MdmU4JYvJp+8x9IhzqnMWWlOvJ1dQ+fV7nLNibZx/hugVljmgeccryoo8+iDK4g=="}],"memo":"032c65b705eed2d11917a527ec22c406db29a9e7@192.168.94.134:26656"}}
