{"type":"cosmos-sdk/StdTx","value":{"msg":[{"type":"cosmos-sdk/MsgCreateValidator","value":{"description":{"moniker":"jw","identity":"","website":"","security_contact":"","details":""},"commission":{"rate":"0.100000000000000000","max_rate":"0.200000000000000000","max_change_rate":"0.010000000000000000"},"min_self_delegation":"1","delegator_address":"front1ssw6w6kw0suuwswx7yxm8amjdjz44cuphfup6u","validator_address":"frontvaloper1ssw6w6kw0suuwswx7yxm8amjdjz44cuprxw0nv","pubkey":"frontvalconspub1zcjduepqwzkjqy4fzw4k5lnjxelr4m7wtxeaerdl5thr0naqppksuujdqszshp0nke","value":{"denom":"front","amount":"1000000000000"}}}],"fee":{"amount":[],"gas":"200000"},"signatures":[{"pub_key":{"type":"tendermint/PubKeySecp256k1","value":"A+kKW/DFS7BzQJMTLch8oLa2gAE/kDVqzo2ucNYCj1XW"},"signature":"2dOBlSKxd6BgTiGAVvrvTPJw51jGK5B8i9iLgzGxuyAnFTBJR2gJlaBLjfJ8oImqmpWXz+Wc/sST2WG25rgKVQ=="}],"memo":"0694284de96f3750ead16efa951ea93389b15bfd@10.8.71.184:26656"}}
