{"type":"cosmos-sdk/StdTx","value":{"msg":[{"type":"cosmos-sdk/MsgCreateValidator","value":{"description":{"moniker":"zsmagt","identity":"","website":"","security_contact":"","details":""},"commission":{"rate":"0.100000000000000000","max_rate":"0.200000000000000000","max_change_rate":"0.010000000000000000"},"min_self_delegation":"1","delegator_address":"front1gfexue6a57pngsvnsul4kt868eksrv5r09fkqj","validator_address":"frontvaloper1gfexue6a57pngsvnsul4kt868eksrv5rm2mcfz","pubkey":"frontvalconspub1zcjduepq62tjz8g5kmkpfleayxd7x3lh8f8kd464wyys6m3x7wcjyk02h8wsec43sh","value":{"denom":"front","amount":"1000000000000"}}}],"fee":{"amount":[],"gas":"200000"},"signatures":[{"pub_key":{"type":"tendermint/PubKeySecp256k1","value":"Atb+91Usx6rOTAXdLrG89Tu+N9vqNqqyQ0xGRqfx+IE8"},"signature":"6s1KdBpbzGpFlUHKHZ+IuQpBkEN1tNK16R7NoXAfUbxU2CRhNv19RhWpUm+YnzC76WjLJkfX6NDzH2gg8lf/OQ=="}],"memo":"389a9d5fa8a49e808f74419fdff0c0bdd0d32b67@103.140.126.248:26656"}}
