{"type":"cosmos-sdk/StdTx","value":{"msg":[{"type":"cosmos-sdk/MsgCreateValidator","value":{"description":{"moniker":"qtskm","identity":"","website":"","security_contact":"","details":""},"commission":{"rate":"0.100000000000000000","max_rate":"0.200000000000000000","max_change_rate":"0.010000000000000000"},"min_self_delegation":"1","delegator_address":"front1s4qakjqx8v9rqs0ndyr25fukge6y6334h2zkam","validator_address":"frontvaloper1s4qakjqx8v9rqs0ndyr25fukge6y6334r9sc5t","pubkey":"frontvalconspub1zcjduepqtvkzp99u7jeeskejkpamurmpa8a7th7njttqf7ljvrffecuuheys2kjxqx","value":{"denom":"front","amount":"1000000000000"}}}],"fee":{"amount":[],"gas":"200000"},"signatures":[{"pub_key":{"type":"tendermint/PubKeySecp256k1","value":"AhIgMPTCD08+AQXIvxZyn+jOX4Q47bP5+qsLDsHOo7NM"},"signature":"0zPDdp5J7dnSrVQRWDw+8rKptAahWF1J5DnlrWNiyFl7Vc0dRJhNDT8H3ErWiU/icHFrrPEqteKqhWA46fljwg=="}],"memo":"04b21423bea91284837e5a2161a2386e1e70f169@10.0.2.15:26656"}}
