{"type":"cosmos-sdk/StdTx","value":{"msg":[{"type":"cosmos-sdk/MsgCreateValidator","value":{"description":{"moniker":"my_node","identity":"","website":"","security_contact":"","details":""},"commission":{"rate":"0.100000000000000000","max_rate":"0.200000000000000000","max_change_rate":"0.010000000000000000"},"min_self_delegation":"1","delegator_address":"front1rfuks9lu384kw44fwddh63zvhuwuw3jhtk3877","validator_address":"frontvaloper1rfuks9lu384kw44fwddh63zvhuwuw3jhlerfhw","pubkey":"frontvalconspub1zcjduepqeuusqskaf5hukxhp8yhf93jn6sv0ampxc72mu6hge2ey3c3jrasqms0phg","value":{"denom":"front","amount":"1000000000000"}}}],"fee":{"amount":[],"gas":"200000"},"signatures":[{"pub_key":{"type":"tendermint/PubKeySecp256k1","value":"A8rTX5L0DgsppUncSQwQk2GWngrk+tS6sziLgtNLVtXp"},"signature":"eJR87g5HKC23Fsn75FXPL+12ZSGavosCQE5KpHAomZ9YZs0bk3/ZFkG3tAz6GLfLtIFKHj05gsX+okgdpy/67g=="}],"memo":"19a30802bea7c6fc280e8acec489d3bc276df338@10.128.0.7:26656"}}
