{"type":"cosmos-sdk/StdTx","value":{"msg":[{"type":"cosmos-sdk/MsgCreateValidator","value":{"description":{"moniker":"vanyakot2201","identity":"","website":"","security_contact":"","details":""},"commission":{"rate":"0.100000000000000000","max_rate":"0.200000000000000000","max_change_rate":"0.010000000000000000"},"min_self_delegation":"1","delegator_address":"front1dzl23tvwelju2xwuq9a5u0mr9qjvslfryw56z7","validator_address":"frontvaloper1dzl23tvwelju2xwuq9a5u0mr9qjvslfrspx5tw","pubkey":"frontvalconspub1zcjduepq6hyq6c8wln5srcaq5cm7vguc9kvpuhj9s4r2g7d4uqakyrsnlwuq7ud54u","value":{"denom":"front","amount":"1000000000000"}}}],"fee":{"amount":[],"gas":"200000"},"signatures":[{"pub_key":{"type":"tendermint/PubKeySecp256k1","value":"Aveqkqd3V8FTHcUO5uCONWIoLgf/0hAgj+h4VT/NzAUi"},"signature":"lo1NfLHvvpjRJv2g/IHdv3KeUKWMdVAi+/jrrl8HZVou4IKKyzrP3bxefr68w5CjdgiRwE29bKflBNg+XX5VDQ=="}],"memo":"2c700c4d286f99c84502bbd4ba08060b4c969ab8@45.88.77.195:26656"}}
