{"type":"cosmos-sdk/StdTx","value":{"msg":[{"type":"cosmos-sdk/MsgCreateValidator","value":{"description":{"moniker":"my_node","identity":"","website":"","security_contact":"","details":""},"commission":{"rate":"0.100000000000000000","max_rate":"0.200000000000000000","max_change_rate":"0.010000000000000000"},"min_self_delegation":"1","delegator_address":"front106yecz2q252jzxpdux3uu559j5ueeg33juffag","validator_address":"frontvaloper106yecz2q252jzxpdux3uu559j5ueeg33xnm85c","pubkey":"frontvalconspub1zcjduepq88std5yfpjn9dzjxuqwvn89vvr0jnhmz7v4xz7t6wu79mcpwxzdqsh2n0v","value":{"denom":"front","amount":"1000000000000"}}}],"fee":{"amount":[],"gas":"200000"},"signatures":[{"pub_key":{"type":"tendermint/PubKeySecp256k1","value":"AnIb5xVtzRF2SJx/pxkne8WaErs40XkKr4Iwl7gfxigt"},"signature":"26DLQ6qZnMIZ0efVD43rQMa/MPB0vhq5yAxuxBsfxFtAPysgAFd3lVtKvs6Q5LheE9eh8iksOwpVQZ20CNNU5g=="}],"memo":"20785192b192a976eaa8a09eaaa8cc1282effed2@10.140.0.10:26656"}}
