{"type":"cosmos-sdk/StdTx","value":{"msg":[{"type":"cosmos-sdk/MsgCreateValidator","value":{"description":{"moniker":"vasyl","identity":"","website":"","security_contact":"","details":""},"commission":{"rate":"0.100000000000000000","max_rate":"0.200000000000000000","max_change_rate":"0.010000000000000000"},"min_self_delegation":"1","delegator_address":"front135srqajaec5g8jdads9tdnk7kyuu6sj5pqcjwu","validator_address":"frontvaloper135srqajaec5g8jdads9tdnk7kyuu6sj5402u8v","pubkey":"frontvalconspub1zcjduepqj92nfc3zglua4gc5ax4yw0d5m0sp7q9wl0e6f27gmy5y9sdud0rqc0gg3p","value":{"denom":"front","amount":"1000000000000"}}}],"fee":{"amount":[],"gas":"200000"},"signatures":[{"pub_key":{"type":"tendermint/PubKeySecp256k1","value":"AgPq3bu54Mdzgf+fDY/vmY/krbdPZy51KSFL73Qv/pOO"},"signature":"avvVShHTZlAzynMm2RgijOfTW+cEj11ONkDPQln8cgF7/Ts5Wu7YMu3NQSLSg77ilFU0u/M4eKgJkAxH7zgHUA=="}],"memo":"275352e412e4d9d7a0ab4a5591dc73ea93b6a1c7@178.20.46.100:26656"}}
