{"type":"cosmos-sdk/StdTx","value":{"msg":[{"type":"cosmos-sdk/MsgCreateValidator","value":{"description":{"moniker":"smingr778","identity":"","website":"","security_contact":"","details":""},"commission":{"rate":"0.100000000000000000","max_rate":"0.200000000000000000","max_change_rate":"0.010000000000000000"},"min_self_delegation":"1","delegator_address":"front1ydryr24lxa69fzk9mkzyqrgnpj6t787h7mhpy8","validator_address":"frontvaloper1ydryr24lxa69fzk9mkzyqrgnpj6t787h2590dh","pubkey":"frontvalconspub1zcjduepq0fad49j36crx35p0wl9cfvjnk47qjg4j06x2vcv5l9mx5lnu78sse2dju3","value":{"denom":"front","amount":"1000000000000"}}}],"fee":{"amount":[],"gas":"200000"},"signatures":[{"pub_key":{"type":"tendermint/PubKeySecp256k1","value":"A1sKsU+MerjaW60xOUx/h7yn2XiSmW6kQyLsOHHN7Zyz"},"signature":"R/PByfUqKz072YuTcmytOzU5SH+SsHNCX24+c8puNBs7LmpKrsl/lFczgfiv+BtIE8YoeCxdbzP51q+Kk314gg=="}],"memo":"53e188665e964ff45c7594b0d775f4abede0349b@207.148.119.201:26656"}}
