{"type":"cosmos-sdk/StdTx","value":{"msg":[{"type":"cosmos-sdk/MsgCreateValidator","value":{"description":{"moniker":"VLT022","identity":"","website":"","security_contact":"","details":""},"commission":{"rate":"0.100000000000000000","max_rate":"0.200000000000000000","max_change_rate":"0.010000000000000000"},"min_self_delegation":"1","delegator_address":"front1s5y7e3ux70sjawrmznqzq092qvw8jema7gkr50","validator_address":"frontvaloper1s5y7e3ux70sjawrmznqzq092qvw8jema28ydal","pubkey":"frontvalconspub1zcjduepq8a39ugcnx2aq6q7l6n73tqmvv63umtfmflpkzy5ase986mlpaufqc3r2hx","value":{"denom":"front","amount":"1000000000000"}}}],"fee":{"amount":[],"gas":"200000"},"signatures":[{"pub_key":{"type":"tendermint/PubKeySecp256k1","value":"A/FuEJW2KrnhHsnx/ovugXOgAiIapwhTxSjxOQSoJSSw"},"signature":"AhKnRCTWQ9+Kf28QJCF3II0bUPE5lx7JmSdT7V7fNow0Cq3RI02HY+IZMe93P1VYAdj3KCIfw4Qq+W9fIpX5ig=="}],"memo":"0a6ef67188630d88e9a281f7ec88f53a3ce4ca76@46.161.38.88:26656"}}
