{"type":"cosmos-sdk/StdTx","value":{"msg":[{"type":"cosmos-sdk/MsgCreateValidator","value":{"description":{"moniker":"AliakseiWork","identity":"","website":"","security_contact":"","details":""},"commission":{"rate":"0.100000000000000000","max_rate":"0.200000000000000000","max_change_rate":"0.010000000000000000"},"min_self_delegation":"1","delegator_address":"front16dsfr7crjexepkx6hd8yvv8k4y9kkx54cgvsrj","validator_address":"frontvaloper16dsfr7crjexepkx6hd8yvv8k4y9kkx54v8772z","pubkey":"frontvalconspub1zcjduepq9s06dqlrmqwv7l23uhkew2kzfgrnqezd4ywv73euwrugj4nf8epshtuq9n","value":{"denom":"front","amount":"1000000000000"}}}],"fee":{"amount":[],"gas":"200000"},"signatures":[{"pub_key":{"type":"tendermint/PubKeySecp256k1","value":"Aoh1Y03KxZ5dbBvVOrEbp5E+J3dNwUM4GKmJZwmOawA2"},"signature":"10pcIVLClooJ00igdYrnsWl2Ar1GJ6gvMWgOA3GeFLdv+4QHRB7Mj86dHyhemyQbvUN9WM98CipRKMi7uxOh1g=="}],"memo":"0a13553073e1b3eeb1534cfc3f2ebf27dd31761b@172.104.28.175:26656"}}
