{"type":"cosmos-sdk/StdTx","value":{"msg":[{"type":"cosmos-sdk/MsgCreateValidator","value":{"description":{"moniker":"NodesGuru","identity":"","website":"","security_contact":"","details":""},"commission":{"rate":"0.100000000000000000","max_rate":"0.200000000000000000","max_change_rate":"0.010000000000000000"},"min_self_delegation":"1","delegator_address":"front1a3k89pt5yqgqc2mq50glm6tadr9dzrp259q0rv","validator_address":"frontvaloper1a3k89pt5yqgqc2mq50glm6tadr9dzrp2q2jp2u","pubkey":"frontvalconspub1zcjduepqcw4ck86ghhn5ktmx27z4vl5yrldp94dula5sah5dec2pxwy4x3jq6ga05g","value":{"denom":"front","amount":"1000000000000"}}}],"fee":{"amount":[],"gas":"200000"},"signatures":[{"pub_key":{"type":"tendermint/PubKeySecp256k1","value":"A6yd6E19H5hgydmLPZZsTNcnc7PPxdcnF/i7TdQrUqNk"},"signature":"aOz1AFiNgR0mnqkxoTb18MLt5yyJCetodptOoQ2qpAs8TDEPlBFOJ4KL+I7vhbKyi7TGJ5ZOCvSnGvgapfSigg=="}],"memo":"48ea4d1cf130c5d095661a152aee1eae4abe8527@193.38.235.214:26656"}}
