{"type":"cosmos-sdk/StdTx","value":{"msg":[{"type":"cosmos-sdk/MsgCreateValidator","value":{"description":{"moniker":"aptemuyc","identity":"","website":"","security_contact":"","details":""},"commission":{"rate":"0.100000000000000000","max_rate":"0.200000000000000000","max_change_rate":"0.010000000000000000"},"min_self_delegation":"1","delegator_address":"front1z24e5vfcjfadw0lhf6uqg8z6m6me9040kq4tka","validator_address":"frontvaloper1z24e5vfcjfadw0lhf6uqg8z6m6me9040z089ld","pubkey":"frontvalconspub1zcjduepqsxygyjlpcvrnt07uthclrytwjesapvtxl7jxu3h2gzce7gdqqcvskkc5ln","value":{"denom":"front","amount":"1000000000000"}}}],"fee":{"amount":[],"gas":"200000"},"signatures":[{"pub_key":{"type":"tendermint/PubKeySecp256k1","value":"AlL34Lr6VuKTkJKdY2lcSZoAXZ80FyObVGTlnPAKPrZx"},"signature":"59TYmvC3+F0Qd4mt+hcQ5ZXFweZn7+ZbjSGZrfLVm38hpfCI704E0WJmBNALsgTewypTFEb2+ElAUVrHpSZpzA=="}],"memo":"382cb336e589082091779e91c975b22148dd9251@75.119.134.183:26656"}}
