{"type":"cosmos-sdk/StdTx","value":{"msg":[{"type":"cosmos-sdk/MsgCreateValidator","value":{"description":{"moniker":"anything","identity":"","website":"","security_contact":"","details":""},"commission":{"rate":"0.100000000000000000","max_rate":"0.200000000000000000","max_change_rate":"0.010000000000000000"},"min_self_delegation":"1","delegator_address":"front1fqxc3078rlg4zrq5jlghd42lhjczwllf0vktga","validator_address":"frontvaloper1fqxc3078rlg4zrq5jlghd42lhjczwllfmry9pd","pubkey":"frontvalconspub1zcjduepqnazarmu3ge503yfsmfxzst654vd4yq6ykyzmjrms6e3ym2nqxmgqdfcj2e","value":{"denom":"front","amount":"1000000000000"}}}],"fee":{"amount":[],"gas":"200000"},"signatures":[{"pub_key":{"type":"tendermint/PubKeySecp256k1","value":"A9P+vJFw/zX3mx/1W+yhwZpEB5t4PrVdKb4vJtGHNIP/"},"signature":"PFRf1iS64opaQ/D/zpJbRi0JuFewvrPqnljqHD80qAMlRyCyQQRm9RfoRsfpqwOA8MyuXJFIooHQ0ydvQmi5bA=="}],"memo":"07cdc834c9ed00105fa7a7b02102c734e2637ab8@194.195.124.14:26656"}}
