{"type":"cosmos-sdk/StdTx","value":{"msg":[{"type":"cosmos-sdk/MsgCreateValidator","value":{"description":{"moniker":"ramuchi","identity":"","website":"","security_contact":"","details":""},"commission":{"rate":"0.100000000000000000","max_rate":"0.200000000000000000","max_change_rate":"0.010000000000000000"},"min_self_delegation":"1","delegator_address":"front1rxlkg3tex8xe7x7yh653r4knr82w57jgty0s4t","validator_address":"frontvaloper1rxlkg3tex8xe7x7yh653r4knr82w57jglta7um","pubkey":"frontvalconspub1zcjduepqept9pz5raq44jjpjwrq8rn58ynnyspmc7xx726t4zsqmdju06jgsmmp09q","value":{"denom":"front","amount":"1000000000000"}}}],"fee":{"amount":[],"gas":"200000"},"signatures":[{"pub_key":{"type":"tendermint/PubKeySecp256k1","value":"AqztQj1O6DH9bpr8L1CAcNX2WxyfuyfiV9xBGqXVbS5B"},"signature":"fR1ZMikNDhGZ0VD6kmI7QYuQUFZGYExqBpN5bQdKce4tXbxgUGj+0DbspCDO9z+vmy4YTHqu1VUpJtyf8yqV2g=="}],"memo":"44fb6220369c028584bc302cec9040a7659a6927@157.90.160.41:26656"}}
