{"type":"cosmos-sdk/StdTx","value":{"msg":[{"type":"cosmos-sdk/MsgCreateValidator","value":{"description":{"moniker":"my_node","identity":"","website":"","security_contact":"","details":""},"commission":{"rate":"0.100000000000000000","max_rate":"0.200000000000000000","max_change_rate":"0.010000000000000000"},"min_self_delegation":"1","delegator_address":"front1sywn50ftylc8r4tzerzx8nldvm9ymqgyyxpr8n","validator_address":"frontvaloper1sywn50ftylc8r4tzerzx8nldvm9ymqgysfndwr","pubkey":"frontvalconspub1zcjduepqyr39mgqs64l9c5n28cg8g6q640mwx3vp7nfvl945ewy5nat5kcpq36n7zm","value":{"denom":"front","amount":"1000000000000"}}}],"fee":{"amount":[],"gas":"200000"},"signatures":[{"pub_key":{"type":"tendermint/PubKeySecp256k1","value":"Angzy15j5tKFFlxmY1nKfd7DNyK5yLWl6xzEm+gC6Mi2"},"signature":"8vnpbaOfLfrtjbDM7KwAakkMLGVF9txkX8zgYNWb18V/XWkWVwanCPoxTMxcgCAzQum999yTUV2NH5hePdmNmA=="}],"memo":"498b227c0d3e09b9710d051268775019423c9ab7@46.101.166.238:26656"}}
