{"type":"cosmos-sdk/StdTx","value":{"msg":[{"type":"cosmos-sdk/MsgCreateValidator","value":{"description":{"moniker":"Salamander","identity":"","website":"","security_contact":"","details":""},"commission":{"rate":"0.100000000000000000","max_rate":"0.200000000000000000","max_change_rate":"0.010000000000000000"},"min_self_delegation":"1","delegator_address":"front1ganfq8nxu3glun3z0plu3e4ty4g0le9kzk83n2","validator_address":"frontvaloper1ganfq8nxu3glun3z0plu3e4ty4g0le9kke4l66","pubkey":"frontvalconspub1zcjduepqr6f9zg4v0pw7dglzpxv9f9t5cha7np3l3c3rac329fl45fx66q4shyp4vv","value":{"denom":"front","amount":"1000000000000"}}}],"fee":{"amount":[],"gas":"200000"},"signatures":[{"pub_key":{"type":"tendermint/PubKeySecp256k1","value":"A/lIzGipAPwb7a7BYDLSyNd+w12K5gOzbxx1Byw4A5vF"},"signature":"4iCcgTxy8fK1zfovRlTNnn+WPteYWJOH/EYVfdrP/nIQ+emIraYDQq4e0YgAB6uKFyTgm4ZH4R5HsSyoV3iYMA=="}],"memo":"13215c43fce47730577282cc337c2f67c2c8881e@213.136.89.232:26656"}}
