{"type":"cosmos-sdk/StdTx","value":{"msg":[{"type":"cosmos-sdk/MsgCreateValidator","value":{"description":{"moniker":"testnetfront","identity":"","website":"","security_contact":"","details":""},"commission":{"rate":"0.100000000000000000","max_rate":"0.200000000000000000","max_change_rate":"0.010000000000000000"},"min_self_delegation":"1","delegator_address":"front19rnfwjfrvemfyv558agqmu7cy64dt4vkrku7y2","validator_address":"frontvaloper19rnfwjfrvemfyv558agqmu7cy64dt4vkhewsd6","pubkey":"frontvalconspub1zcjduepqct3w8a6nufxxw6aa4hev8q2kjtx8r9u4kzy5nsssfc0e340mcu8srfaqv8","value":{"denom":"front","amount":"1000000000000"}}}],"fee":{"amount":[],"gas":"200000"},"signatures":[{"pub_key":{"type":"tendermint/PubKeySecp256k1","value":"Anxtyhvsrb5TqjhHaZsK1OLf7PbhQHVr+3X0bNngEMC6"},"signature":"ocheOOnw0jb8cmMpQpMO0hDeRHzj/TBZnPppjMZFvQwUO9EFL9fVxoNrQivQDOPseDqvBrolzNfuhzZOiUUyUw=="}],"memo":"28729170995fb0d00e4ef74c229d0341fd491191@80.240.22.28:26656"}}
