{"type":"cosmos-sdk/StdTx","value":{"msg":[{"type":"cosmos-sdk/MsgCreateValidator","value":{"description":{"moniker":"ushakov","identity":"2E3A8285E6B547B2","website":"https://stake2.me","security_contact":"","details":"individual staking service"},"commission":{"rate":"0.100000000000000000","max_rate":"0.500000000000000000","max_change_rate":"0.100000000000000000"},"min_self_delegation":"1","delegator_address":"front15z2xgtlxnglgf4ktdasg5uu35k3zz5885sxxnc","validator_address":"frontvaloper15z2xgtlxnglgf4ktdasg5uu35k3zz588ql5g6g","pubkey":"frontvalconspub1zcjduepqvwfjszka4046374xx7je8fwwauk56mwrpnjegym8p73gqe3nfe6qpqtphg","value":{"denom":"front","amount":"1000000000000"}}}],"fee":{"amount":[],"gas":"200000"},"signatures":[{"pub_key":{"type":"tendermint/PubKeySecp256k1","value":"AoP+4E+TsXi4QCSvYcfbo8PPMqHih4KtVrgdigXQo6+n"},"signature":"So/YTfYKmDjzON9sZ1K3V1aKikM5dOu4HaFZix6wX0kwIQRwEeh12IN/n8repvVFlweLGal/WXqVfAZAlOxsdw=="}],"memo":"0b29d6954ee9ab783a9cf77d009f835a776a79a4@94.130.53.99:26656"}}
