{"type":"cosmos-sdk/StdTx","value":{"msg":[{"type":"cosmos-sdk/MsgCreateValidator","value":{"description":{"moniker":"NodesGuruVadim5","identity":"","website":"","security_contact":"","details":""},"commission":{"rate":"0.100000000000000000","max_rate":"0.200000000000000000","max_change_rate":"0.010000000000000000"},"min_self_delegation":"1","delegator_address":"front1s77a83yp23fewy8s6yhqay2qamqmvmyg3ftw7y","validator_address":"frontvaloper1s77a83yp23fewy8s6yhqay2qamqmvmyg9xeqh5","pubkey":"frontvalconspub1zcjduepq3429u22ttza7g96n00fq5t03jrkfmd3en0gfls3ejlamcue2tmsqxcj9sv","value":{"denom":"front","amount":"1000000000000"}}}],"fee":{"amount":[],"gas":"200000"},"signatures":[{"pub_key":{"type":"tendermint/PubKeySecp256k1","value":"Ay+79WVN60Q2tOcQK/jlGUUBBxahAOKHWlw8JGKqkzeC"},"signature":"mHKlBbRqS/N5gV81yyjpLBstpRDynanlapDbeKbWcTh51XNdbiRGbyj1vGD1I7G9/2S2MGdVwTtaVKO9KqCaLg=="}],"memo":"199d79aa7dff69e2a22481c73ac4c67b5d457db7@142.93.102.109:26656"}}
