{"type":"cosmos-sdk/StdTx","value":{"msg":[{"type":"cosmos-sdk/MsgCreateValidator","value":{"description":{"moniker":"hahuhadevrim","identity":"","website":"","security_contact":"","details":""},"commission":{"rate":"0.100000000000000000","max_rate":"0.200000000000000000","max_change_rate":"0.010000000000000000"},"min_self_delegation":"1","delegator_address":"front17ckzd4w8hdlp2z7t64rrqdvw0vwwsq8kaeck78","validator_address":"frontvaloper17ckzd4w8hdlp2z7t64rrqdvw0vwwsq8kfk2chh","pubkey":"frontvalconspub1zcjduepqg900msnxtry95pk2mjhmllulyngy2cr9tgjtkrxm525lepn33gnq99uag6","value":{"denom":"front","amount":"1000000000000"}}}],"fee":{"amount":[],"gas":"200000"},"signatures":[{"pub_key":{"type":"tendermint/PubKeySecp256k1","value":"Ao4xhL6ECsA08b23lW7YBvTFGbn9ZEx6/rUgw67S3sTA"},"signature":"K9rkz75EshHloehznIV3L1Dx6lvGsH3K/9XjkT62k6UgorGgyu/MmEJ+cVOXn5QQdKfh74xuwMbjym0QRMjgeQ=="}],"memo":"528971f6b977bb4811745a14bc24a6cd89a31c17@138.68.90.118:26656"}}
