{"type":"cosmos-sdk/StdTx","value":{"msg":[{"type":"cosmos-sdk/MsgCreateValidator","value":{"description":{"moniker":"donadel","identity":"","website":"","security_contact":"","details":""},"commission":{"rate":"0.100000000000000000","max_rate":"0.200000000000000000","max_change_rate":"0.010000000000000000"},"min_self_delegation":"1","delegator_address":"front1ak64dzj9n9mpefsa4sg3gtzp0qed3eq6glsgzy","validator_address":"frontvaloper1ak64dzj9n9mpefsa4sg3gtzp0qed3eq6uszxt5","pubkey":"frontvalconspub1zcjduepqxw5t8d8y3ude2s6e3r64cvrw9th0zaeaxeslcp0h6v8a7cl35gps22knh0","value":{"denom":"front","amount":"1000000000000"}}}],"fee":{"amount":[],"gas":"200000"},"signatures":[{"pub_key":{"type":"tendermint/PubKeySecp256k1","value":"Ao8cJ4t2mCi2bkBZFf0nEaegpP4fOLAkds/OXFiAA1RC"},"signature":"2yQeKqUYwTBhYufn7UikAWI1URZeKPANJE0P1ODwI/EjQM9jo9hX4GburQ7TDA3dVniokFHuQvDNFHtXPZe1dA=="}],"memo":"502a498ba26695d46cb541f49afdfab0c38d0e00@95.179.251.200:26656"}}
