{"type":"cosmos-sdk/StdTx","value":{"msg":[{"type":"cosmos-sdk/MsgCreateValidator","value":{"description":{"moniker":"zazoley","identity":"","website":"","security_contact":"","details":""},"commission":{"rate":"0.100000000000000000","max_rate":"0.200000000000000000","max_change_rate":"0.010000000000000000"},"min_self_delegation":"1","delegator_address":"front1fj6klwhsuc48u9mzg2r4ayjpuza3g9gyxz6f83","validator_address":"frontvaloper1fj6klwhsuc48u9mzg2r4ayjpuza3g9gyjdg8wp","pubkey":"frontvalconspub1zcjduepqdwse5yufkspehn8k3865p5snadg4dwsmna9ntk39069r5lwqmgmqv0yq9k","value":{"denom":"front","amount":"1000000000000"}}}],"fee":{"amount":[],"gas":"200000"},"signatures":[{"pub_key":{"type":"tendermint/PubKeySecp256k1","value":"Aka7aaTLtL7X8dPRK50BIpXlE1vZj4WpUkEPRNUun+Nu"},"signature":"NxXCUOVXEJzr5+YpToibsgLX3d5llu5pNLQaY+RfFRFofds7AaDmtDnS+vsO4FeHospRNi+4sZe3412cK8PtMQ=="}],"memo":"581f55bfa1cdcd54d4da56043b24b0cfd8ef723c@185.137.234.111:26656"}}
