{"type":"cosmos-sdk/StdTx","value":{"msg":[{"type":"cosmos-sdk/MsgCreateValidator","value":{"description":{"moniker":"NodesGuru","identity":"","website":"","security_contact":"","details":""},"commission":{"rate":"0.100000000000000000","max_rate":"0.200000000000000000","max_change_rate":"0.010000000000000000"},"min_self_delegation":"1","delegator_address":"front1md8g94phw0cjd5wq6ynmlcx9m2daa3dsshy2v6","validator_address":"frontvaloper1md8g94phw0cjd5wq6ynmlcx9m2daa3dsycky92","pubkey":"frontvalconspub1zcjduepqn3rnc5ktjpsx8ssp0gag9ay79k69xm8ydsljnk3ynskfwpkmufkq3qfglm","value":{"denom":"front","amount":"1000000000000"}}}],"fee":{"amount":[],"gas":"200000"},"signatures":[{"pub_key":{"type":"tendermint/PubKeySecp256k1","value":"A+44v62hJ0OuhbWvaaQ12nt08wW/zotv88EGrq+72wO2"},"signature":"z4s6ALhVVvHgOfFSwHt4AMWgYUykdOf0bvSxX5bdvncwrQYdTIMS+QKiAXL4UUGIXLdOXUBKwx9+TivTYfUsww=="}],"memo":"1110e10759a1e8b3bf6beff6cbff485fa481cf58@167.71.71.250:26656"}}
