{"type":"cosmos-sdk/StdTx","value":{"msg":[{"type":"cosmos-sdk/MsgCreateValidator","value":{"description":{"moniker":"ico2","identity":"","website":"","security_contact":"","details":""},"commission":{"rate":"0.100000000000000000","max_rate":"0.200000000000000000","max_change_rate":"0.010000000000000000"},"min_self_delegation":"1","delegator_address":"front153g6zj9htgefxaqzzuh2emjgmgfad6xz8ven3w","validator_address":"frontvaloper153g6zj9htgefxaqzzuh2emjgmgfad6xznrtac7","pubkey":"frontvalconspub1zcjduepqdtc38kexxllgpcza5d5sv2nr78vpew75yyqnhanqgmxpn3dpvqrq4uppg8","value":{"denom":"front","amount":"1000000000000"}}}],"fee":{"amount":[],"gas":"200000"},"signatures":[{"pub_key":{"type":"tendermint/PubKeySecp256k1","value":"A53NUHdbQVpMZ0GAxSPK+h9sdxm3nSqDzRDWQd3xMzDJ"},"signature":"HzTtnilrvJf6vTRVHF+zj2wGfoZs5j+77SDPylHbn8Ek2Bij6AQGXnUE16nPjS5ewZ2a8985CAvH6r/aWXw/Sg=="}],"memo":"5685a1e372be43271ef15e5c0f9db39696707918@139.177.198.130:26656"}}
