{"type":"cosmos-sdk/StdTx","value":{"msg":[{"type":"cosmos-sdk/MsgCreateValidator","value":{"description":{"moniker":"Noda12345","identity":"","website":"","security_contact":"","details":""},"commission":{"rate":"0.100000000000000000","max_rate":"0.200000000000000000","max_change_rate":"0.010000000000000000"},"min_self_delegation":"1","delegator_address":"front1chhx84ylu7thpsn6s3jrvl069w0h9fazjdsxnq","validator_address":"frontvaloper1chhx84ylu7thpsn6s3jrvl069w0h9fazxzzg6s","pubkey":"frontvalconspub1zcjduepqz4dhxg0gaqa4sw6mysvndyyd05etnj7lyvp5xpd66a2dnzdq8wrqncqc5q","value":{"denom":"front","amount":"1000000000000"}}}],"fee":{"amount":[],"gas":"200000"},"signatures":[{"pub_key":{"type":"tendermint/PubKeySecp256k1","value":"A0CsdND0Qk4g0frJrwIpb1sFD/ItAExE7lWFxwydO4h4"},"signature":"YAhY8W3t0ZxSEre9GJizpui4x3rlZNzTNzh0Dl+aZS1EvBswABctmiYBqSc8sCOeiEfUAt25xguxKkhsQcF6aQ=="}],"memo":"0d6f2bc50c110f663e59b287f5b2f9bfa9bf82b6@193.38.235.214:26656"}}
