{"type":"cosmos-sdk/StdTx","value":{"msg":[{"type":"cosmos-sdk/MsgCreateValidator","value":{"description":{"moniker":"Svolode","identity":"","website":"","security_contact":"","details":""},"commission":{"rate":"0.100000000000000000","max_rate":"0.200000000000000000","max_change_rate":"0.010000000000000000"},"min_self_delegation":"1","delegator_address":"front10tm3tzjwje8h5vcds9cv2dzrjvgjmdq6khcedf","validator_address":"frontvaloper10tm3tzjwje8h5vcds9cv2dzrjvgjmdq6zc2hye","pubkey":"frontvalconspub1zcjduepq7q4yld4nduk75ekwd9u399du7zpmt7dhlqsc26c3m8gxgjaz60rqvdk4qw","value":{"denom":"front","amount":"1000000000000"}}}],"fee":{"amount":[],"gas":"200000"},"signatures":[{"pub_key":{"type":"tendermint/PubKeySecp256k1","value":"AjBnmf73QvZYQuuq9ARngAtxbvg2zr1lYECSTk5l27XW"},"signature":"Bc1VsNsY2QEdfMSh/Lz06HdqjDPu0JTwFgVg1ye7OjhkFp3rvHWw6yj0C/Fk901NO4K5eD5mylfdg0nayCAItw=="}],"memo":"16d0a3cd143c198383de5423cc342e5c7d2847c3@104.236.111.129:26656"}}
