{"type":"cosmos-sdk/StdTx","value":{"msg":[{"type":"cosmos-sdk/MsgCreateValidator","value":{"description":{"moniker":"FCN01","identity":"","website":"","security_contact":"","details":""},"commission":{"rate":"0.100000000000000000","max_rate":"0.200000000000000000","max_change_rate":"0.010000000000000000"},"min_self_delegation":"1","delegator_address":"front1mn3gs8qsvm0te78k6ldfefrk5tk298hk70phk5","validator_address":"frontvaloper1mn3gs8qsvm0te78k6ldfefrk5tk298hk2qnely","pubkey":"frontvalconspub1zcjduepqfp6asgumyd33atdwt3ulw225phf88zd5wcaa3lsp5a4cy9swvfnq9dlwmm","value":{"denom":"front","amount":"1000000000000"}}}],"fee":{"amount":[],"gas":"200000"},"signatures":[{"pub_key":{"type":"tendermint/PubKeySecp256k1","value":"A1DRyLM963pd/P2naNW1CAUTlnskeFgSP8LvIvYTtpHD"},"signature":"ocfjhagra9l3OCihH7hyg9t9R996X3ME1fd0gX2fejAtpU8GiEmuOLXPD/sqDGpr7qvJU164u6+iP4FOD8n/LA=="}],"memo":"532fb9cf0dc8140c64762127d6460f7711ba3775@46.161.38.110:26656"}}
