{"type":"cosmos-sdk/StdTx","value":{"msg":[{"type":"cosmos-sdk/MsgCreateValidator","value":{"description":{"moniker":"Joinfront","identity":"","website":"","security_contact":"","details":""},"commission":{"rate":"0.100000000000000000","max_rate":"0.200000000000000000","max_change_rate":"0.010000000000000000"},"min_self_delegation":"1","delegator_address":"front1g5mwqjgp0vg0zrmjzrxrxdmas5tymaqcthwhsk","validator_address":"frontvaloper1g5mwqjgp0vg0zrmjzrxrxdmas5tymaqclcueex","pubkey":"frontvalconspub1zcjduepq7fuzgjdce4yu77afxa9uge4n92vveyxcr7geckfn70kljapfm38s8fe03u","value":{"denom":"front","amount":"1000000000000"}}}],"fee":{"amount":[],"gas":"200000"},"signatures":[{"pub_key":{"type":"tendermint/PubKeySecp256k1","value":"A18Sj3n4wSMzos0ge04KoGFiZTldHRmeDLggPLLpEqu2"},"signature":"NV+cD3LPK3YoLvghbfH9phSXwrNVOb70bytqmZY4+2MaXzclNYMMAXa37A3YqL1QeE/pbD6C5/bYsFmrDisv1Q=="}],"memo":"257c1352654fae98f33ce087a4721952369697c4@209.250.246.250:26656"}}
