{"type":"cosmos-sdk/StdTx","value":{"msg":[{"type":"cosmos-sdk/MsgCreateValidator","value":{"description":{"moniker":"lff017","identity":"","website":"","security_contact":"","details":""},"commission":{"rate":"0.100000000000000000","max_rate":"0.200000000000000000","max_change_rate":"0.010000000000000000"},"min_self_delegation":"1","delegator_address":"front1mxa63gztquarg52lsvz8ntnf6uyd9nn2ar64xh","validator_address":"frontvaloper1mxa63gztquarg52lsvz8ntnf6uyd9nn2fvgm08","pubkey":"frontvalconspub1zcjduepqug77rawx2w8tdsvsvcmmkvvk5m6gctsvsr262dfy636u7k6yeutsd2nvu6","value":{"denom":"front","amount":"1000000000000"}}}],"fee":{"amount":[],"gas":"200000"},"signatures":[{"pub_key":{"type":"tendermint/PubKeySecp256k1","value":"Aw8ICnOsQ7q/XPIai9BMTr0y/LOnsWgDFyzugQLLfa6H"},"signature":"XIkL4yvuJaNzBu3BlWsx7JjJ/vtJkCgRAWmJiuoDEPReQwxaB8WMtQeSSxibLWzwywaigDX7qoeIj8LO0JcmRw=="}],"memo":"1442a43c702b4180e8fa446612e1e8c6055b4797@217.69.2.174:26656"}}
