{"type":"cosmos-sdk/StdTx","value":{"msg":[{"type":"cosmos-sdk/MsgCreateValidator","value":{"description":{"moniker":"lexusf","identity":"","website":"","security_contact":"","details":""},"commission":{"rate":"0.100000000000000000","max_rate":"0.200000000000000000","max_change_rate":"0.010000000000000000"},"min_self_delegation":"1","delegator_address":"front16r92m6e0vc7g7k7v5459cfck2h8n5jn7gs0tem","validator_address":"frontvaloper16r92m6e0vc7g7k7v5459cfck2h8n5jn7ula9st","pubkey":"frontvalconspub1zcjduepqxakdll2jtw0mk940v9kn58y2knrrdjfv9q6rtt865xylazrp34zspp62el","value":{"denom":"front","amount":"1000000000000"}}}],"fee":{"amount":[],"gas":"200000"},"signatures":[{"pub_key":{"type":"tendermint/PubKeySecp256k1","value":"Ai6+Z1sJtX35VpkFhjhsHBLHJyNTzMp3APfUzsDzRdsz"},"signature":"QZsoExqsV0FNyuDTMqo9ApuluMcJ57+mcXaRK5ftpURxcwcs28W95/VSYyeR9hNReghR/0RLOjZo7+4WJQa81g=="}],"memo":"27aabb8b2545d26929cf30025cb74b53bf7669b4@89.105.217.252:26656"}}
