{"type":"cosmos-sdk/StdTx","value":{"msg":[{"type":"cosmos-sdk/MsgCreateValidator","value":{"description":{"moniker":"lff011","identity":"","website":"","security_contact":"","details":""},"commission":{"rate":"0.100000000000000000","max_rate":"0.200000000000000000","max_change_rate":"0.010000000000000000"},"min_self_delegation":"1","delegator_address":"front1f6lns6tdx62gycn4h66z9avuh5fel02x09dskg","validator_address":"frontvaloper1f6lns6tdx62gycn4h66z9avuh5fel02xm2l7lc","pubkey":"frontvalconspub1zcjduepq7q7hyvna5d259cpz2jns9atxnlq2pu7jwtavfvhvtgfrq255m22sxt7mj7","value":{"denom":"front","amount":"1000000000000"}}}],"fee":{"amount":[],"gas":"200000"},"signatures":[{"pub_key":{"type":"tendermint/PubKeySecp256k1","value":"AxE5fsIJ4xZyCPfOSz29uCgYXmzG1rh/5bKdGb+FDyjC"},"signature":"5mDMOtqh/7gUrTr9AwLeuNmD+1ymNUGfwLL6+pzva5gBI8HvAYrP1Ww0o/FOWf847sGlgXy4eQoELVAzYpIacg=="}],"memo":"039314bc783d3288ab1e7f8a39e6fd05bbb5719a@140.82.32.109:26656"}}
