{"type":"cosmos-sdk/StdTx","value":{"msg":[{"type":"cosmos-sdk/MsgCreateValidator","value":{"description":{"moniker":"jujuboy","identity":"","website":"","security_contact":"","details":""},"commission":{"rate":"0.100000000000000000","max_rate":"0.200000000000000000","max_change_rate":"0.010000000000000000"},"min_self_delegation":"1","delegator_address":"front18k45pc3zwjd8pu57xmkj3n2ptswqku0qkkuqzj","validator_address":"frontvaloper18k45pc3zwjd8pu57xmkj3n2ptswqku0qzewwtz","pubkey":"frontvalconspub1zcjduepqav06nmv8weyw00hcrgrk2x9q00zrc2smuz0qtufv5vz4fl55rqts4mazaz","value":{"denom":"front","amount":"1000000000000"}}}],"fee":{"amount":[],"gas":"200000"},"signatures":[{"pub_key":{"type":"tendermint/PubKeySecp256k1","value":"A36wbHyHSbA0hUwtZn0YEmp56gAFC/a9EIGNE7mRs+KC"},"signature":"aqXbwsRm3XMAKDFVKDaPT+//35PJn7RUdiJOmWgzyK5ZOF2chQfToYAiJpSvTkrl7JXQtaSW4GhLYQ25i43Pxg=="}],"memo":"0ac1ccd12d7aaccccaf491a1bf1711a073da18d9@136.244.92.192:26656"}}
