{"type":"cosmos-sdk/StdTx","value":{"msg":[{"type":"cosmos-sdk/MsgCreateValidator","value":{"description":{"moniker":"trauchot","identity":"","website":"","security_contact":"","details":""},"commission":{"rate":"0.100000000000000000","max_rate":"0.200000000000000000","max_change_rate":"0.010000000000000000"},"min_self_delegation":"1","delegator_address":"front19kwds95sjaxx457d7e9vjqt860ppxt7vzru7zg","validator_address":"frontvaloper19kwds95sjaxx457d7e9vjqt860ppxt7vkvwstc","pubkey":"frontvalconspub1zcjduepqsfpnymxj3sr9ktt7qc5w39ne8ufyl0zqdum7ljva8nmk6qcrue9qmtxq3c","value":{"denom":"front","amount":"1000000000000"}}}],"fee":{"amount":[],"gas":"200000"},"signatures":[{"pub_key":{"type":"tendermint/PubKeySecp256k1","value":"A30RwtaeRm8ydQBy3NLPGL37AHcnURC/4fxlNoyENII1"},"signature":"S0rhjWb2SCVZOSfwIjEB7eVLzl9t+lBIDOb97Kec5WkZDhEE3fOSn6BeC5Jw5oAdpnJCL+I08gOc+qCkmt8QIw=="}],"memo":"5824243aad02e0e2ac1049fa18f67b77289c1508@195.2.85.50:26656"}}
