{"type":"cosmos-sdk/StdTx","value":{"msg":[{"type":"cosmos-sdk/MsgCreateValidator","value":{"description":{"moniker":"vmmoo","identity":"","website":"","security_contact":"","details":""},"commission":{"rate":"0.100000000000000000","max_rate":"0.200000000000000000","max_change_rate":"0.010000000000000000"},"min_self_delegation":"1","delegator_address":"front1mzvmsdv5rjt3duwc0glj9p670ggcjju4m57pq3","validator_address":"frontvaloper1mzvmsdv5rjt3duwc0glj9p670ggcjju40mv0fp","pubkey":"frontvalconspub1zcjduepq45uckzcaqy2ffkt9rkr5052zs6e5n8yy7w9kc66y0qmt6grv30yq7j6m4m","value":{"denom":"front","amount":"1000000000000"}}}],"fee":{"amount":[],"gas":"200000"},"signatures":[{"pub_key":{"type":"tendermint/PubKeySecp256k1","value":"AhKlTBKdtkopBgmvIqV0B3awK5ZlSLzMwD6HekcG16pq"},"signature":"A9tLburCWNXswCPnzg6YVmQxv/+kVs1aZ5aRFIuScvdBeBCs1o28PAsBeS/zsPWvOLxGmoKPfj0IIIWMlJuORg=="}],"memo":"338da1b67d54527c491eced067208b71e34923f1@10.0.2.15:26656"}}
