{"type":"cosmos-sdk/StdTx","value":{"msg":[{"type":"cosmos-sdk/MsgCreateValidator","value":{"description":{"moniker":"thedisemen","identity":"","website":"","security_contact":"","details":""},"commission":{"rate":"0.100000000000000000","max_rate":"0.200000000000000000","max_change_rate":"0.010000000000000000"},"min_self_delegation":"1","delegator_address":"front1hajjdsstuzvma0ec6kwkkuyjjph45mlaaslsh4","validator_address":"frontvaloper1hajjdsstuzvma0ec6kwkkuyjjph45mlafld779","pubkey":"frontvalconspub1zcjduepqusankuwf2n8emd5wff5nc29ndrr0e5hl733c52segpdruj33lgks6y65v6","value":{"denom":"front","amount":"1000000000000"}}}],"fee":{"amount":[],"gas":"200000"},"signatures":[{"pub_key":{"type":"tendermint/PubKeySecp256k1","value":"A2WKx9P3e0raMOh1zzEPz9XrP7cQJrCKQoj2YnltkKUT"},"signature":"mD6sF7l9//H9LBZG+kHvNeD8dvHF1lVARB0P2aFEGCZ6D7bxK3fFrzEISV3C/727pdXKVHrx8cnQQ78Q/f2d0g=="}],"memo":"39d5af5f163dae23fbd449bb37813683c8f8c3f9@49.12.41.82:26656"}}
