{"type":"cosmos-sdk/StdTx","value":{"msg":[{"type":"cosmos-sdk/MsgCreateValidator","value":{"description":{"moniker":"Wanderer Staking","identity":"84DCC0BB820394D1","website":"","security_contact":"","details":"Experienced Validator and IT DevOps."},"commission":{"rate":"0.100000000000000000","max_rate":"1.000000000000000000","max_change_rate":"1.000000000000000000"},"min_self_delegation":"1","delegator_address":"front1zvwmjeyy7lqzucpwzr9w3efxuel44sy22fkg0x","validator_address":"frontvaloper1zvwmjeyy7lqzucpwzr9w3efxuel44sy27xyxxk","pubkey":"frontvalconspub1zcjduepqz8a8wc3sa3sc5hfvuer7p6qqrr83x8kf2nlz85639zjquta22t8qdxdpyk","value":{"denom":"front","amount":"1000000000000"}}}],"fee":{"amount":[],"gas":"200000"},"signatures":[{"pub_key":{"type":"tendermint/PubKeySecp256k1","value":"A+vLvcAygSFkMdsTYzBc+V0Ir2ru6XxyTkjjvJ0Q7cU1"},"signature":"aR+jbW7p96RRhdRtmYo3LAuw8N79ONrO0TKgTrCJLLIdwTlzPtXYMcevbXWG6FR9BQzf5UA8O+H/BqyfPXTjkg=="}],"memo":"0fea48ed816e4b9e7c3c32a5bdd8d3f12387c9da@0.0.0.0:26656"}}
