{"type":"cosmos-sdk/StdTx","value":{"msg":[{"type":"cosmos-sdk/MsgCreateValidator","value":{"description":{"moniker":"my_node","identity":"","website":"","security_contact":"","details":""},"commission":{"rate":"0.100000000000000000","max_rate":"0.200000000000000000","max_change_rate":"0.010000000000000000"},"min_self_delegation":"1","delegator_address":"front1sp8pm42dysmevkck8rzqddcttvlada26evtezp","validator_address":"frontvaloper1sp8pm42dysmevkck8rzqddcttvlada26dreht3","pubkey":"frontvalconspub1zcjduepqvlt6lz2tqnlyglxnztgs6x4l4sj84zpqk269an0tfyr63nhxf4js8nq92l","value":{"denom":"front","amount":"1000000000000"}}}],"fee":{"amount":[],"gas":"200000"},"signatures":[{"pub_key":{"type":"tendermint/PubKeySecp256k1","value":"Apqdt9azv4vddZoyJV2gOWywklpKwZVoYjq67y1plYnZ"},"signature":"dfg/Z2isRYv8VjGRxjRgxnH7Tuh7IRHpApituCuTYNYwCzAN7EkF26SbQA2+Ev7NLCbj/FoQangb0taqiBmxyA=="}],"memo":"0d67e80c9f01b757b66983a4746eca0ce91fbfb3@192.168.1.201:26656"}}
