{"type":"cosmos-sdk/StdTx","value":{"msg":[{"type":"cosmos-sdk/MsgCreateValidator","value":{"description":{"moniker":"Vladok","identity":"","website":"","security_contact":"","details":""},"commission":{"rate":"0.100000000000000000","max_rate":"0.200000000000000000","max_change_rate":"0.010000000000000000"},"min_self_delegation":"1","delegator_address":"front1j8g88rpl702cl2ntg87jr9p4mcsqnnzjqjqqwp","validator_address":"frontvaloper1j8g88rpl702cl2ntg87jr9p4mcsqnnzj5ajw83","pubkey":"frontvalconspub1zcjduepqphtg52wwy3v7mrkp4c7uwzye2d054mcjtdffkqehc8z4x0qwrpuqsxnqn3","value":{"denom":"front","amount":"1000000000000"}}}],"fee":{"amount":[],"gas":"200000"},"signatures":[{"pub_key":{"type":"tendermint/PubKeySecp256k1","value":"AhlqyfvWj+xCcRtzatzdTAs+3SdJFKnJyK/U3hwmz/Tm"},"signature":"HL3J4j774iHKHoRIY3ueQa3hwFFuMspvmzGAqxgspPJUn3SeogrJYuRAttGsl/mXhjP+/SaS4zdUqn5GUC8qaQ=="}],"memo":"0544343947fce7b8f5c90c194688a17690753eea@139.177.180.99:26656"}}
