{"type":"cosmos-sdk/StdTx","value":{"msg":[{"type":"cosmos-sdk/MsgCreateValidator","value":{"description":{"moniker":"vishni","identity":"","website":"","security_contact":"","details":""},"commission":{"rate":"0.100000000000000000","max_rate":"0.200000000000000000","max_change_rate":"0.010000000000000000"},"min_self_delegation":"1","delegator_address":"front15ealaj7y5jry2aw6ghjdlhccpy7t3787f7ws0j","validator_address":"frontvaloper15ealaj7y5jry2aw6ghjdlhccpy7t3787a3u7xz","pubkey":"frontvalconspub1zcjduepqspugl8ecw6tcms272d4hvldunlknfej4f62ehdryn2vkqv42xs2qcv9v9t","value":{"denom":"front","amount":"1000000000000"}}}],"fee":{"amount":[],"gas":"200000"},"signatures":[{"pub_key":{"type":"tendermint/PubKeySecp256k1","value":"Azj06WF51LOlQ7ghwjd1AMzch9hkvxCoLkUbrWrlVNRm"},"signature":"0LmtmCbNETX/zOOe2MzT2uZll6Kbp1avdjwQFLCCKQd2B2Qx6A+wUwYaqS7yXZq4SWdlaRcg1ck1zwudfSHcYg=="}],"memo":"25c8de069deb165d7b5fdf572d1aaeb2156181c8@192.168.40.128:26656"}}
