{"type":"cosmos-sdk/StdTx","value":{"msg":[{"type":"cosmos-sdk/MsgCreateValidator","value":{"description":{"moniker":"antonio","identity":"","website":"","security_contact":"","details":""},"commission":{"rate":"0.100000000000000000","max_rate":"0.200000000000000000","max_change_rate":"0.010000000000000000"},"min_self_delegation":"1","delegator_address":"front1f7a54qwd0mah9wm0cuhwt3hyh0lk0quwmmnupq","validator_address":"frontvaloper1f7a54qwd0mah9wm0cuhwt3hyh0lk0quw05pjgs","pubkey":"frontvalconspub1zcjduepqjsu3dx23czccvlzvydngv7p5r40sen7ypfzt7xyz4j2em8v4kpqqtqclxa","value":{"denom":"front","amount":"1000000000000"}}}],"fee":{"amount":[],"gas":"200000"},"signatures":[{"pub_key":{"type":"tendermint/PubKeySecp256k1","value":"A9c/uJ9DRE/EfUV1b/j/s2TX5Q/OjDSzey2c/5v2RrNb"},"signature":"by18lSrPhsa7/hd7xKje1jPraqwWllobHPWbj8KXPW0mYkWWG56en+FnryjI7q63cndTxe2CDW0zx8id0EeK2A=="}],"memo":"35c6820fa5a6fcace6059befc966227218669c5d@45.88.105.152:26656"}}
