{"type":"cosmos-sdk/StdTx","value":{"msg":[{"type":"cosmos-sdk/MsgCreateValidator","value":{"description":{"moniker":"dengidoma","identity":"","website":"","security_contact":"","details":""},"commission":{"rate":"0.100000000000000000","max_rate":"0.200000000000000000","max_change_rate":"0.010000000000000000"},"min_self_delegation":"1","delegator_address":"front12ytg4uqctxa9z5v3jgntm6uu4knt8rhkyqex5n","validator_address":"frontvaloper12ytg4uqctxa9z5v3jgntm6uu4knt8rhks0tgar","pubkey":"frontvalconspub1zcjduepqjehae8x7m576c80mngnd8tquq4kccj0pr2x0pglqvw2ndjlgclvqz7xvqf","value":{"denom":"front","amount":"1000000000000"}}}],"fee":{"amount":[],"gas":"200000"},"signatures":[{"pub_key":{"type":"tendermint/PubKeySecp256k1","value":"A+eejDW6EVdGgdoLbJa+AQSw73AXfjFTDTtkokG3DDB5"},"signature":"QQc069B/v1lKFjBSbiZ83vMa8w3JcIb7OV/3M21rOqlnE37+MwCZcsqOoi8ypwAHtnpDbq1T8u5d2mffy2f53g=="}],"memo":"36579e2fbdf6d2d3bbb3b32c9ba7d23f53fbd4f1@45.90.217.128:26656"}}
