{"type":"cosmos-sdk/StdTx","value":{"msg":[{"type":"cosmos-sdk/MsgCreateValidator","value":{"description":{"moniker":"my_node","identity":"","website":"","security_contact":"","details":""},"commission":{"rate":"0.100000000000000000","max_rate":"0.200000000000000000","max_change_rate":"0.010000000000000000"},"min_self_delegation":"1","delegator_address":"front143xsd48xzukw2h8nypwu6y472tkc2qwxpx4ul3","validator_address":"frontvaloper143xsd48xzukw2h8nypwu6y472tkc2qwx4f8jkp","pubkey":"frontvalconspub1zcjduepqr8mm0tax5z50cuxh9n9fryuy3447nqqxgrklslh8q6r70e39h08sswyxfl","value":{"denom":"front","amount":"1000000000000"}}}],"fee":{"amount":[],"gas":"200000"},"signatures":[{"pub_key":{"type":"tendermint/PubKeySecp256k1","value":"A7iGF1sTFd0bMrT2DBLiM6t3J39qBspPzfVDmeExpdPu"},"signature":"OAfd6IXoYbsnq3CmkapwQOT/yJ08Gb+y3YRgAwXOkel9YCS/2ac8gP6lQyYRDR3PvU3dw9wL0ueaVQ5GdR0bxg=="}],"memo":"458c7349b43177aa44e3830f5ea554a9ab349377@172.22.131.109:26656"}}
