{"type":"cosmos-sdk/StdTx","value":{"msg":[{"type":"cosmos-sdk/MsgCreateValidator","value":{"description":{"moniker":"FRONT111","identity":"","website":"","security_contact":"","details":""},"commission":{"rate":"0.100000000000000000","max_rate":"0.200000000000000000","max_change_rate":"0.010000000000000000"},"min_self_delegation":"1","delegator_address":"front1dy3ys283dtxmy779g3kqzcp5q245krvu7nyynt","validator_address":"frontvaloper1dy3ys283dtxmy779g3kqzcp5q245krvu2uk26m","pubkey":"frontvalconspub1zcjduepqnypgjuhzx6r5rtt47d9qd7rxwxdqf2j27hxpugcctqnmw3urwz2srh5883","value":{"denom":"front","amount":"1000000000000"}}}],"fee":{"amount":[],"gas":"200000"},"signatures":[{"pub_key":{"type":"tendermint/PubKeySecp256k1","value":"AiPJBBmqTjI3K7BeiUzcGXrWmedkPvdlyvdCn9Rmyj8n"},"signature":"jO3yLwvKPezUyhPwRdGbdJRc8BROqk+FVtQS46y5YeteGuP+nDx9L1ENdeoD9dG3PKn5sRC0WYLyTqvYqDAzpA=="}],"memo":"38fd3a2777fd3d863af6ee017079db7ea5031b82@49.12.103.89:26656"}}
