{"type":"cosmos-sdk/StdTx","value":{"msg":[{"type":"cosmos-sdk/MsgCreateValidator","value":{"description":{"moniker":"moon","identity":"","website":"","security_contact":"","details":""},"commission":{"rate":"0.100000000000000000","max_rate":"0.200000000000000000","max_change_rate":"0.010000000000000000"},"min_self_delegation":"1","delegator_address":"front1ge5pg4m635j0zz2vj50gk7c244rmz0f4mtajwj","validator_address":"frontvaloper1ge5pg4m635j0zz2vj50gk7c244rmz0f40y0u8z","pubkey":"frontvalconspub1zcjduepqqxju09ehlncm9eyt4q2ythpqz9heqvjl3rkzsfy75gwjp3jcjefqk49zfm","value":{"denom":"front","amount":"1000000000000"}}}],"fee":{"amount":[],"gas":"200000"},"signatures":[{"pub_key":{"type":"tendermint/PubKeySecp256k1","value":"AjmUWT0LXJdC4/40JONoDQkeZJbcR8chbKP1MBJyfb+3"},"signature":"ctk+WhnkegwOFoA+lwlZI11anPA9XI4lnITEUMY0SMAaeBGkrArNph6e/ndD4BfDIVC2aIjGloZ4Je4+mTS6ug=="}],"memo":"41109ce0493aa42232d1e3af849e39c23c5b02f8@135.181.108.120:26656"}}
