{"type":"cosmos-sdk/StdTx","value":{"msg":[{"type":"cosmos-sdk/MsgCreateValidator","value":{"description":{"moniker":"plap","identity":"","website":"","security_contact":"","details":""},"commission":{"rate":"0.100000000000000000","max_rate":"0.200000000000000000","max_change_rate":"0.010000000000000000"},"min_self_delegation":"1","delegator_address":"front1lq3ugu62z77fphyrznwgupwzma7kunez5pfztk","validator_address":"frontvaloper1lq3ugu62z77fphyrznwgupwzma7kunezqwmvzx","pubkey":"frontvalconspub1zcjduepq4kpf8ds5khh9760l3vq3yc666ht9m8ju69886wqf73y9nfzh707s6wsfpe","value":{"denom":"front","amount":"1000000000000"}}}],"fee":{"amount":[],"gas":"200000"},"signatures":[{"pub_key":{"type":"tendermint/PubKeySecp256k1","value":"Aws1DsqzmxBwK56bBQhVPr8qF8NE8w5PNZI7iVyoF24q"},"signature":"9clVPVtLOnw5Wu6iP4egiY0FZD+DnjPz+j/N/UOPTMQi+RaCHYdFYendsRw7O61PJeNSdQzqU8LYmibhNU7YwQ=="}],"memo":"1c21a35bd07a54c787c2898b937c112d8a7984e0@185.244.181.220:26656"}}
