{"type":"cosmos-sdk/StdTx","value":{"msg":[{"type":"cosmos-sdk/MsgCreateValidator","value":{"description":{"moniker":"V006","identity":"","website":"","security_contact":"","details":""},"commission":{"rate":"0.100000000000000000","max_rate":"0.200000000000000000","max_change_rate":"0.010000000000000000"},"min_self_delegation":"1","delegator_address":"front106ljqpcewlnklgx07y54m8v4er9s0t2a52q65j","validator_address":"frontvaloper106ljqpcewlnklgx07y54m8v4er9s0t2aq9j5az","pubkey":"frontvalconspub1zcjduepqqusy0mwlj6adt0l7u2nag480hvyr5j906jxzw55gkt0x6lk0s4kqyya8s2","value":{"denom":"front","amount":"1000000000000"}}}],"fee":{"amount":[],"gas":"200000"},"signatures":[{"pub_key":{"type":"tendermint/PubKeySecp256k1","value":"A8sBwZFPxCxcjd/FRX7F4SsoB2k05qb8N84Wgui45JSv"},"signature":"axZXFEn4QhRp9LnImE6dblSBECMCPXuFyhH0slmrrVJKt9AbTXedKqxoK3ZYmkfvsVd6H44Qz25yVl1kGFb2xg=="}],"memo":"2c1ad8f50d45484a9c81e3dd61182ca3895b58d9@207.246.75.251:26656"}}
