{"type":"cosmos-sdk/StdTx","value":{"msg":[{"type":"cosmos-sdk/MsgCreateValidator","value":{"description":{"moniker":"unonduron","identity":"","website":"","security_contact":"","details":""},"commission":{"rate":"0.100000000000000000","max_rate":"0.200000000000000000","max_change_rate":"0.010000000000000000"},"min_self_delegation":"1","delegator_address":"front1eg0g5fa63dkzplqd9pah87p84vrwjwmq3sz29d","validator_address":"frontvaloper1eg0g5fa63dkzplqd9pah87p84vrwjwmq9lsyva","pubkey":"frontvalconspub1zcjduepq4ycq5jzuv6a2whxq9p6gd5wkhetfru4xxmy8ej2gacpry7swjpdqlme4g9","value":{"denom":"front","amount":"1000000000000"}}}],"fee":{"amount":[],"gas":"200000"},"signatures":[{"pub_key":{"type":"tendermint/PubKeySecp256k1","value":"A3PDswekQ972c6+Bo+nMaaj0XirouhEVMNLGKcQtnrRQ"},"signature":"3J9Xna/ks6XQ13IZ0fcGMP2YfaqV9v6jD/EAuKcv/SYS0N1s6bvg0hNXvNrgFOUpUMPSnczmA0romF7ooqNPTA=="}],"memo":"1784c2edd47560aea3e7593d17fb8fdbbe6c15ba@116.203.231.126:26656"}}
