{"type":"cosmos-sdk/StdTx","value":{"msg":[{"type":"cosmos-sdk/MsgCreateValidator","value":{"description":{"moniker":"suoyawangluo","identity":"","website":"","security_contact":"","details":""},"commission":{"rate":"0.100000000000000000","max_rate":"0.200000000000000000","max_change_rate":"0.010000000000000000"},"min_self_delegation":"1","delegator_address":"front1grd3urgdqkn3petnh0j637kl28wrsu2zty9uhf","validator_address":"frontvaloper1grd3urgdqkn3petnh0j637kl28wrsu2zlthj7e","pubkey":"frontvalconspub1zcjduepqtdudshxwlg2a84gcw3t4lkzq4pc2y8rwd0h9au7r7q42rylxjwgqwwy6yn","value":{"denom":"front","amount":"1000000000000"}}}],"fee":{"amount":[],"gas":"200000"},"signatures":[{"pub_key":{"type":"tendermint/PubKeySecp256k1","value":"AhW0oXoR1NBfl+W8lnZ2VJSbtsZ6VIqHoIabXZdDJTTR"},"signature":"yGamaKrKTyT6+H9ZFJ5yz3aw8oqBWZPZN4cPWCzMsjdZgYV8AW2TpJcOPbIQgH5u6rzTp16s16pCFFHhw331sg=="}],"memo":"34286026a6a803b8cdaf4fe47f239ea8c460d915@172.104.127.80:26656"}}
