{"type":"cosmos-sdk/StdTx","value":{"msg":[{"type":"cosmos-sdk/MsgCreateValidator","value":{"description":{"moniker":"dropthepain","identity":"","website":"","security_contact":"","details":""},"commission":{"rate":"0.100000000000000000","max_rate":"0.200000000000000000","max_change_rate":"0.010000000000000000"},"min_self_delegation":"1","delegator_address":"front1g59n2ftjhgfg25x4ynv36uvgl9xl8q7t5xvxya","validator_address":"frontvaloper1g59n2ftjhgfg25x4ynv36uvgl9xl8q7tqf7gdd","pubkey":"frontvalconspub1zcjduepq7whppm6f7jtkuf9nu4asasetaau7pxzp6lhsmhwqj8m7jkz6uqnqjsmc0e","value":{"denom":"front","amount":"1000000000000"}}}],"fee":{"amount":[],"gas":"200000"},"signatures":[{"pub_key":{"type":"tendermint/PubKeySecp256k1","value":"AvfWY3rFUFtDQiWclWSDj9ePWjvDV+efmX8tI5PD/Y3M"},"signature":"n54NtKvNrNr9AsYVbiv7VlxNfSzn5Js5MPS9O+mKNO8FOhGa9Amh18tVQWPgO2aOOunwgBeR85cBxIKh4cP8/Q=="}],"memo":"510d8febada87adf82ef9284635d8eab072b5911@138.201.135.79:26656"}}
