{"type":"cosmos-sdk/StdTx","value":{"msg":[{"type":"cosmos-sdk/MsgCreateValidator","value":{"description":{"moniker":"my_node","identity":"","website":"","security_contact":"","details":""},"commission":{"rate":"0.100000000000000000","max_rate":"0.200000000000000000","max_change_rate":"0.010000000000000000"},"min_self_delegation":"1","delegator_address":"front1vxpdtlpz79vyweysdxf83kqu9r4qr23v4g38mp","validator_address":"frontvaloper1vxpdtlpz79vyweysdxf83kqu9r4qr23vp8rfj3","pubkey":"frontvalconspub1zcjduepqnhqzdlspd42xjx66n38w2mg64empk88f62p3a5g5fedhchk73ujs3furyj","value":{"denom":"front","amount":"1000000000000"}}}],"fee":{"amount":[],"gas":"200000"},"signatures":[{"pub_key":{"type":"tendermint/PubKeySecp256k1","value":"AjnFJgvKmvgDiJoNQrxeIY3Pe71vPsAeQumm7Gy2rT+L"},"signature":"UhbqNGBMt1RQ6GM32zZLmmP77NwLLccPDQj2zZ/oszUU6s6OsODMXXtjuPioqd9i5RuiMitPkF5VCgdOlAA6SQ=="}],"memo":"23e0a30998829c26bc927fb5b9fe4dd0fd6b8711@141.164.53.118:26656"}}
