{"type":"cosmos-sdk/StdTx","value":{"msg":[{"type":"cosmos-sdk/MsgCreateValidator","value":{"description":{"moniker":"#inkin","identity":"","website":"","security_contact":"","details":""},"commission":{"rate":"0.100000000000000000","max_rate":"0.200000000000000000","max_change_rate":"0.010000000000000000"},"min_self_delegation":"1","delegator_address":"front1nn6v2dahzcu5csewu04qx9mzue5ym7cz3h5zm6","validator_address":"frontvaloper1nn6v2dahzcu5csewu04qx9mzue5ym7cz9cxvj2","pubkey":"frontvalconspub1zcjduepqzty36gzcyyf5wdnx0xpvln4j3mspuhgsn98m3pk7cm6z908ckycqug4etz","value":{"denom":"front","amount":"1000000000000"}}}],"fee":{"amount":[],"gas":"200000"},"signatures":[{"pub_key":{"type":"tendermint/PubKeySecp256k1","value":"AmN8jSE2glnmwTNYtpEkGmCMuObYrEVzcvIP+C+H/HF1"},"signature":"ZAegwJ8wZ7jXKu8WMW6jKnI4FNoYQZ5ieIyXMrRQMfNa/j0sTSIBcNfiWY0qRNc4C94A3E72I7gd/2vkNeYSGQ=="}],"memo":"ad42cfe0c42a90197cc9793b4f06090501fd3a1f@95.216.211.205:26656"}}
