{"type":"cosmos-sdk/StdTx","value":{"msg":[{"type":"cosmos-sdk/MsgCreateValidator","value":{"description":{"moniker":"my_node","identity":"","website":"","security_contact":"","details":""},"commission":{"rate":"0.100000000000000000","max_rate":"0.200000000000000000","max_change_rate":"0.010000000000000000"},"min_self_delegation":"1","delegator_address":"front1mrxz975xmfar882cn4ww8su58xmltgnlnyq75j","validator_address":"frontvaloper1mrxz975xmfar882cn4ww8su58xmltgnl8tjsaz","pubkey":"frontvalconspub1zcjduepqmnvtezpj5fwecqeumsdsyj2xxp42c5wasct5mztr269uulrp7paqpfd929","value":{"denom":"front","amount":"1000000000000"}}}],"fee":{"amount":[],"gas":"200000"},"signatures":[{"pub_key":{"type":"tendermint/PubKeySecp256k1","value":"A28rgrztDYx+OmQ+Lv8AY3Q72xIM0nJH6U0TD266HhYX"},"signature":"eJ9+uOykdzYpi8K+dbKR1B1RTv3PfjCes90wtvMOLfodSDECZKNE/Nu0KkyFFhBWb4lyz8XNzMBHG4dUGJBlVQ=="}],"memo":"0defb2749793f23aa2d10243514ea2431fe31007@172.17.0.2:26656"}}
