{"type":"cosmos-sdk/StdTx","value":{"msg":[{"type":"cosmos-sdk/MsgCreateValidator","value":{"description":{"moniker":"my_node","identity":"","website":"","security_contact":"","details":""},"commission":{"rate":"0.100000000000000000","max_rate":"0.200000000000000000","max_change_rate":"0.010000000000000000"},"min_self_delegation":"1","delegator_address":"front1gkjr4n5kp89vnrep7ek2d32m9vmx78q0c2dav8","validator_address":"frontvaloper1gkjr4n5kp89vnrep7ek2d32m9vmx78q0v9ln9h","pubkey":"frontvalconspub1zcjduepqfljuqyknk7r4j50dtt3k7wjj8r3z38fxryrefwetek0mlgk5zenqjes9k9","value":{"denom":"front","amount":"1000000000000"}}}],"fee":{"amount":[],"gas":"200000"},"signatures":[{"pub_key":{"type":"tendermint/PubKeySecp256k1","value":"ArXLg1KxzGq/tqdFeWKFK6+NBHcFebba0nIJjklRBpOk"},"signature":"0OYcaHRPHjNeCVjjFkr6tmzhbHsRfvaL3SdO7aAPgqAvOvkK+xXo3auA0+tIHPoLWUrrR2zr/xWgWGA+7m4klA=="}],"memo":"5784d5075f6cc1b97268483499e8e2c06ddfdbd2@164.90.164.2:26656"}}
