{"type":"cosmos-sdk/StdTx","value":{"msg":[{"type":"cosmos-sdk/MsgCreateValidator","value":{"description":{"moniker":"my_node","identity":"","website":"","security_contact":"","details":""},"commission":{"rate":"0.100000000000000000","max_rate":"0.200000000000000000","max_change_rate":"0.010000000000000000"},"min_self_delegation":"1","delegator_address":"front1n859wc98cjhgv3ezwxcxuwyzgjakpzzwg89z9j","validator_address":"frontvaloper1n859wc98cjhgv3ezwxcxuwyzgjakpzzwughvvz","pubkey":"frontvalconspub1zcjduepq0eua9h96klujjvw52r9cdd2nalj788ux0eq9ta86hpc62wpgp6ssn6wr0r","value":{"denom":"front","amount":"1000000000000"}}}],"fee":{"amount":[],"gas":"200000"},"signatures":[{"pub_key":{"type":"tendermint/PubKeySecp256k1","value":"AtSjfXScKOptAeyz7EiFd8w/jmo4We8Xov/Ik8Da+QR+"},"signature":"dD4+hk0yiyzs8QxKoEHRE5lalzCR4/hWFh1pzqvrt+Zn3lVMmD0FsDceYLVywZwKTVfF/xwOTadcsDbQfdnxHw=="}],"memo":"3775efe93707117ffcf68dba352aba61c98c76a4@10.128.0.2:26656"}}
