{"type":"cosmos-sdk/StdTx","value":{"msg":[{"type":"cosmos-sdk/MsgCreateValidator","value":{"description":{"moniker":"solosbit","identity":"","website":"","security_contact":"","details":""},"commission":{"rate":"0.100000000000000000","max_rate":"0.200000000000000000","max_change_rate":"0.010000000000000000"},"min_self_delegation":"1","delegator_address":"front1ngfzn3dc9xl5j63s5ncxnl5zhnynq4k62xa8df","validator_address":"frontvaloper1ngfzn3dc9xl5j63s5ncxnl5zhnynq4k67f0fye","pubkey":"frontvalconspub1zcjduepq6dc7786g4drfa2jwke2qjqwrxhjkt46v7d5fpq3spvf8da9vvedssxlyv8","value":{"denom":"front","amount":"1000000000000"}}}],"fee":{"amount":[],"gas":"200000"},"signatures":[{"pub_key":{"type":"tendermint/PubKeySecp256k1","value":"A0aDSln8n71zre0wzbHo5wIrAQcERopF/IoO1pYN5uRg"},"signature":"ppIbItLcFynZ4nj/zgOGt0vXNd2IMIWcr8j+aZ00eegOiHk1Y2Q8IbzZj7MfE1uUlpU2b+zIOJnOS4NJYEiutQ=="}],"memo":"27d06d6a6766f7428d1642bc22361e74e9e6aff8@10.128.0.5:26656"}}
