{"type":"cosmos-sdk/StdTx","value":{"msg":[{"type":"cosmos-sdk/MsgCreateValidator","value":{"description":{"moniker":"my_node","identity":"","website":"","security_contact":"","details":""},"commission":{"rate":"0.100000000000000000","max_rate":"0.200000000000000000","max_change_rate":"0.010000000000000000"},"min_self_delegation":"1","delegator_address":"front1szcwwas22qh8ekvekca2sp37jv7gst39jnlt7u","validator_address":"frontvaloper1szcwwas22qh8ekvekca2sp37jv7gst39xud9hv","pubkey":"frontvalconspub1zcjduepql3r3dt5vjfsw7e0v3dm2lrn2sr6u9zmmyedsw9yqftkaax0uthlqqau04v","value":{"denom":"front","amount":"1000000000000"}}}],"fee":{"amount":[],"gas":"200000"},"signatures":[{"pub_key":{"type":"tendermint/PubKeySecp256k1","value":"A+ThOuFyXz9dnNGlRE1fLtuYcWO+FhxDfKvhWh4ZuWTE"},"signature":"WJn66A9pq37tbrYfLjZ4pwjIBHzg3tGWa+/Knyz4CzNhSigMNfc2SzVThLbbV4ji7psBl883cWbVHcySbhmKwA=="}],"memo":"4cdd23e9832afe4b1dacc31915174b8edb4aacfd@192.168.2.158:26656"}}
