{"type":"cosmos-sdk/StdTx","value":{"msg":[{"type":"cosmos-sdk/MsgCreateValidator","value":{"description":{"moniker":"my_node","identity":"","website":"","security_contact":"","details":""},"commission":{"rate":"0.100000000000000000","max_rate":"0.200000000000000000","max_change_rate":"0.010000000000000000"},"min_self_delegation":"1","delegator_address":"front1wqpkn3n09dp3s0gn6tr6d0eqmnu6zj2k9tshaq","validator_address":"frontvaloper1wqpkn3n09dp3s0gn6tr6d0eqmnu6zj2k3yze5s","pubkey":"frontvalconspub1zcjduepquvxncw2wzahz32ypx3e2dc8lhtvz55catc6rt5csc8vyldzf8q2s26v3v9","value":{"denom":"front","amount":"1000000000000"}}}],"fee":{"amount":[],"gas":"200000"},"signatures":[{"pub_key":{"type":"tendermint/PubKeySecp256k1","value":"AstS7PDIs1ovNzLU5HGWVHs/lZsxM6h96rNyfl00CHXZ"},"signature":"Ajn4QlsQ2BHz9S0b7KLAx/3RnsD0xRfHMa5pCKJ6cnFSIytvUW3FFBR7m4rwrSV/oYkEc60/a7fYUHV+D5QVPg=="}],"memo":"11ee3440bd21711ffece0ffbe7a098ff6fcb5e62@91.205.175.147:26656"}}
