{"type":"cosmos-sdk/StdTx","value":{"msg":[{"type":"cosmos-sdk/MsgCreateValidator","value":{"description":{"moniker":"Bolonese","identity":"","website":"","security_contact":"","details":""},"commission":{"rate":"0.100000000000000000","max_rate":"0.200000000000000000","max_change_rate":"0.010000000000000000"},"min_self_delegation":"1","delegator_address":"front19ut9kkutnm7kh00700mwwxtdgsegm2tdnyf9pm","validator_address":"frontvaloper19ut9kkutnm7kh00700mwwxtdgsegm2td8tmtgt","pubkey":"frontvalconspub1zcjduepqz2rya2nq6fpu7v6a4kxd0epcluj6e4w5fye84y3jpj3myq7lx2jsfpagtp","value":{"denom":"front","amount":"1000000000000"}}}],"fee":{"amount":[],"gas":"200000"},"signatures":[{"pub_key":{"type":"tendermint/PubKeySecp256k1","value":"Ai2HtBrX50v6YQFb6GOwhQHCvoK6Hup11xCvTlHMGqHX"},"signature":"Nq1t6AntFOrVtqI04YaeJGOS8hjeYecU5M19rXXUJWE98M8VEyN5Z5e+R9Y+LtzWaTlp0ZaYQeyvLz+wEB3jLQ=="}],"memo":"0cf34b44a48c9275c21528ad68f7f3df79d61b1a@108.61.177.147:26656"}}
