{"type":"cosmos-sdk/StdTx","value":{"msg":[{"type":"cosmos-sdk/MsgCreateValidator","value":{"description":{"moniker":"my_node","identity":"","website":"","security_contact":"","details":""},"commission":{"rate":"0.100000000000000000","max_rate":"0.200000000000000000","max_change_rate":"0.010000000000000000"},"min_self_delegation":"1","delegator_address":"front124063rmlrpflp7s6545td9d2k04gjq2rn0050w","validator_address":"frontvaloper124063rmlrpflp7s6545td9d2k04gjq2r8qa6x7","pubkey":"frontvalconspub1zcjduepq0j6r30eg9sz4633d6tvcu02kratppaymxdwcdnj2zw00agcey8tqra87pt","value":{"denom":"front","amount":"1000000000000"}}}],"fee":{"amount":[],"gas":"200000"},"signatures":[{"pub_key":{"type":"tendermint/PubKeySecp256k1","value":"Ath6UKn7UTfTpn7PKzZr3kmVsYfwWsP+kRGjpK4u4lJ9"},"signature":"WrqERdhHv2BhlE+KrUdjQ+5XC3GYecSut5AzkEcEO+YOBMpIVsqPUExMoiUniq/dznfD7expKIRBYPZqPgVGMw=="}],"memo":"428da6274c2802c681bc4f30fe421e6c856a6f82@10.0.2.15:26656"}}
