{"type":"cosmos-sdk/StdTx","value":{"msg":[{"type":"cosmos-sdk/MsgCreateValidator","value":{"description":{"moniker":"moonstar","identity":"","website":"","security_contact":"","details":""},"commission":{"rate":"0.100000000000000000","max_rate":"0.200000000000000000","max_change_rate":"0.010000000000000000"},"min_self_delegation":"1","delegator_address":"front13vlnu4rs4f72hsx6ppp3y2kl0yd9ql3npaam2v","validator_address":"frontvaloper13vlnu4rs4f72hsx6ppp3y2kl0yd9ql3n4j04ru","pubkey":"frontvalconspub1zcjduepqx02f4sxt6nt5a5l7e2jflq9tlyqy00x7k2htgt52dq5dy5f6379sa758q4","value":{"denom":"front","amount":"1000000000000"}}}],"fee":{"amount":[],"gas":"200000"},"signatures":[{"pub_key":{"type":"tendermint/PubKeySecp256k1","value":"A40gn4Dk4w8nkj6cooBAwZgZ0vKS8OXItuBqM8QS1YHv"},"signature":"4roRV62ev3UaThe8UCb+tjPybAfNLYUrmk55JJkxoMRMWzhb5JMXyR1bNWc2fc5qyodL4Ba/WVBHJ9uKyCPkEA=="}],"memo":"0f6ae50248dcfb238f846c4e25e3aa67b9a2825a@172.17.0.14:26656"}}
