{"type":"cosmos-sdk/StdTx","value":{"msg":[{"type":"cosmos-sdk/MsgCreateValidator","value":{"description":{"moniker":"goto5k","identity":"","website":"","security_contact":"","details":""},"commission":{"rate":"0.100000000000000000","max_rate":"0.200000000000000000","max_change_rate":"0.010000000000000000"},"min_self_delegation":"1","delegator_address":"front10gqmxmw648kpa40ra50h0uelnlkkepj7ncrcdt","validator_address":"frontvaloper10gqmxmw648kpa40ra50h0uelnlkkepj78h3kym","pubkey":"frontvalconspub1zcjduepqxpp8ld3z6rug93lluucnf49e5000uhv2pgkgggf4shaqtmn48uvqsqjpzf","value":{"denom":"front","amount":"1000000000000"}}}],"fee":{"amount":[],"gas":"200000"},"signatures":[{"pub_key":{"type":"tendermint/PubKeySecp256k1","value":"A2VooVOE3qmWutZ9AwUpAwPEXUBnMkVGq5A7rU+iZgUU"},"signature":"JRYJUIFMPXphYkzaBY9Fl2fCBh2kQ5q3/pTgroRzeiJZlsHv8LYwmmbO+PJ6awO1q3ineZCkUOcosV8lAvlXGg=="}],"memo":"2f3c5e8ec1d5aab29487e06852652553bf5b9e70@195.2.84.158:26656"}}
