{"type":"cosmos-sdk/StdTx","value":{"msg":[{"type":"cosmos-sdk/MsgCreateValidator","value":{"description":{"moniker":"barin","identity":"","website":"","security_contact":"","details":""},"commission":{"rate":"0.100000000000000000","max_rate":"0.200000000000000000","max_change_rate":"0.010000000000000000"},"min_self_delegation":"1","delegator_address":"front19cwhpduf8k63tfxhlxkjvy7k9paa4cs27p47ep","validator_address":"frontvaloper19cwhpduf8k63tfxhlxkjvy7k9paa4cs22w8ss3","pubkey":"frontvalconspub1zcjduepqq2j8w4z09edyzpya096t2w7xf0vkcw6sqav7q2qu7x2qwlurxu6qtmr8y5","value":{"denom":"front","amount":"1000000000000"}}}],"fee":{"amount":[],"gas":"200000"},"signatures":[{"pub_key":{"type":"tendermint/PubKeySecp256k1","value":"AkTYZfR2/GnCg1pC+junTUQRW4/v0Qa4ZA1k5ue/Ka+6"},"signature":"VbP4aVG6a0qHWAqNjiQEPaMESd3HhX3mYjSRQVNl1gxZ3m0+4gBHGB2Dk3jFKuF4KZ7ISbeuig9HgKgywX6vgQ=="}],"memo":"3171a57db546f8eccacee7ced73ae42bafffa736@172.22.0.13:26656"}}
