{"type":"cosmos-sdk/StdTx","value":{"msg":[{"type":"cosmos-sdk/MsgCreateValidator","value":{"description":{"moniker":"chefoak","identity":"","website":"","security_contact":"","details":""},"commission":{"rate":"0.100000000000000000","max_rate":"0.200000000000000000","max_change_rate":"0.010000000000000000"},"min_self_delegation":"1","delegator_address":"front19wa6gt705a7akt8tezke96wm006jtg2dppfrac","validator_address":"frontvaloper19wa6gt705a7akt8tezke96wm006jtg2d4wmd5g","pubkey":"frontvalconspub1zcjduepqxf2xsfp2yjqtfd06f34fhnnwkyuaxra2qzny90xh7hvyhy5f36kszf4fne","value":{"denom":"front","amount":"1000000000000"}}}],"fee":{"amount":[],"gas":"200000"},"signatures":[{"pub_key":{"type":"tendermint/PubKeySecp256k1","value":"AqWIqnyuzhgOF9/YHhqXa7UXxMlG4DsN2ctlGmZdWvER"},"signature":"SYwyuN5tedqeK6vIsAUpkZULF0vI9wd+5RRtVBqS+51pMtSt/A6cZDayYGDd1M/lMrthJeAP+sJv+gEzW78Oew=="}],"memo":"38c805972d173ad0c9e78b18175869f9574a00c3@10.166.0.2:26656"}}
