{"type":"cosmos-sdk/StdTx","value":{"msg":[{"type":"cosmos-sdk/MsgCreateValidator","value":{"description":{"moniker":"frindora","identity":"","website":"","security_contact":"","details":""},"commission":{"rate":"0.100000000000000000","max_rate":"0.200000000000000000","max_change_rate":"0.010000000000000000"},"min_self_delegation":"1","delegator_address":"front125xyclh676uczfqkrgtpc5e574rmqe3c3q2nd4","validator_address":"frontvaloper125xyclh676uczfqkrgtpc5e574rmqe3c90cay9","pubkey":"frontvalconspub1zcjduepqtqg23uwxyspfemtxc3aen6ssuhpyt3ux0afle2evek9sac5k5r0sft7kd2","value":{"denom":"front","amount":"1000000000000"}}}],"fee":{"amount":[],"gas":"200000"},"signatures":[{"pub_key":{"type":"tendermint/PubKeySecp256k1","value":"A8MAbAagKRfnGUYynLV1j0hoEPl/x+1aVswB5i3dwDrY"},"signature":"8iwTVzgkauWd69/C6qfTfsYD67zEgDY6jVmByf7K94Js5d4R1OrprOQbuijtiOArX4FbxNqjZ74Fe9YC9dEMCQ=="}],"memo":"4f0285ce50d56c3d90aeea4d671695a93088eac4@172.17.0.5:26656"}}
