{
   "type":"cosmos-sdk/StdTx",
   "value":{
      "msg":[
         {
            "type":"cosmos-sdk/MsgCreateValidator",
            "value":{
               "description":{
                  "moniker":"optimusalgo91Node",
                  "identity":"",
                  "website":"",
                  "security_contact":"",
                  "details":""
               },
               "commission":{
                  "rate":"0.100000000000000000",
                  "max_rate":"0.200000000000000000",
                  "max_change_rate":"0.010000000000000000"
               },
               "min_self_delegation":"1",
               "delegator_address":"front1fmn8skkhes689tt4wusr5z7mzky7f79exw0738",
               "validator_address":"frontvaloper1fmn8skkhes689tt4wusr5z7mzky7f79ejpasch",
               "pubkey":"frontvalconspub1zcjduepqft8cwfva56kapjwprtqxtklfdqn3r4s877rz7nt7fczh4uwznzcq4upkqx",
               "value":{
                  "denom":"front",
                  "amount":"1000000000000"
               }
            }
         }
      ],
      "fee":{
         "amount":[
            
         ],
         "gas":"200000"
      },
      "signatures":[
         {
            "pub_key":{
               "type":"tendermint/PubKeySecp256k1",
               "value":"A5S0u8AiqKDy2CbDEh6HA10lNXqHUSQuv5NdkD9a+gQl"
            },
            "signature":"dmWw86Y7hvYKojkwZYZVMb8qWmUcoC1K6hTjVu28Ub9NTJClslob+3ane3oQc/ONIaas5aJtkOs/nKUZxF61Fw=="
         }
      ],
      "memo":"228fd22094068b1b8ab9eb086f7d254db8b33fb2@173.249.27.122:26656"
   }
}
