{"type":"cosmos-sdk/StdTx","value":{"msg":[{"type":"cosmos-sdk/MsgCreateValidator","value":{"description":{"moniker":"IIgor","identity":"","website":"","security_contact":"","details":""},"commission":{"rate":"0.100000000000000000","max_rate":"0.200000000000000000","max_change_rate":"0.010000000000000000"},"min_self_delegation":"1","delegator_address":"front1a35wt6vgl6sk79ekvjhmfkx6eflzjg2gtu327t","validator_address":"frontvaloper1a35wt6vgl6sk79ekvjhmfkx6eflzjg2glnryhm","pubkey":"frontvalconspub1zcjduepqrul04gg96y6s086s9dpw2mvg0h8k0g2e77fs3hztz4ttd0wnxjjqks3yll","value":{"denom":"front","amount":"1000000000000"}}}],"fee":{"amount":[],"gas":"200000"},"signatures":[{"pub_key":{"type":"tendermint/PubKeySecp256k1","value":"A9yLxnhLlS8YKiO5h0NbVubXYsNpsDdwsCc/l+NHZkV6"},"signature":"wPCr20QdtYEuqPGoxJ0h/bETThIYH51dRSzoMV5chtUsA82W651Or7AvMTwWb346YcddANJewYlHpAvjge4tfw=="}],"memo":"2a9d5bd26e1c1a25797f9fc7a77200027afff8c7@89.163.223.48:26656"}}
