{"type":"cosmos-sdk/StdTx","value":{"msg":[{"type":"cosmos-sdk/MsgCreateValidator","value":{"description":{"moniker":"2021kdb","identity":"","website":"","security_contact":"","details":""},"commission":{"rate":"0.100000000000000000","max_rate":"0.200000000000000000","max_change_rate":"0.010000000000000000"},"min_self_delegation":"1","delegator_address":"front1t670lveh3yh4s5wxn7fx6psdef0vxvctju06yq","validator_address":"frontvaloper1t670lveh3yh4s5wxn7fx6psdef0vxvctxna5ds","pubkey":"frontvalconspub1zcjduepqtwy0mv9yz3psma8ge7pllx7pacvfhr72mprtvvgx4kmgnlywymmq63fyw5","value":{"denom":"front","amount":"1000000000000"}}}],"fee":{"amount":[],"gas":"200000"},"signatures":[{"pub_key":{"type":"tendermint/PubKeySecp256k1","value":"Az3cnaJBe4zA8wisSgUjc9edJrSAj2ij2lZ43k6sPKeo"},"signature":"G+Fnmdlm/VXwFYyQKrmz8fnw7jpVYueqmG+yfUt7NuNqtYkjrzdJaZZyUHssZ0TfRZboZa0Cbk55GBk7UlivSA=="}],"memo":"43fe229bc8e69c0cb0b243a102c6e01508ddcc64@139.180.178.91:26656"}}
