{"type":"cosmos-sdk/StdTx","value":{"msg":[{"type":"cosmos-sdk/MsgCreateValidator","value":{"description":{"moniker":"musxos12","identity":"","website":"","security_contact":"","details":""},"commission":{"rate":"0.100000000000000000","max_rate":"0.200000000000000000","max_change_rate":"0.010000000000000000"},"min_self_delegation":"1","delegator_address":"front1a0z6j9jtgxst3gsq84gppqp8wzwqndhv4tngm8","validator_address":"frontvaloper1a0z6j9jtgxst3gsq84gppqp8wzwqndhvpypxjh","pubkey":"frontvalconspub1zcjduepq93f8ncmqz9esqhzprlzqhdp6d2v82k0raessn3mcdwhvlwplc32svu5zve","value":{"denom":"front","amount":"1000000000000"}}}],"fee":{"amount":[],"gas":"200000"},"signatures":[{"pub_key":{"type":"tendermint/PubKeySecp256k1","value":"A7f43zXPg7g/Tg3+8Q8BbPBQbhqyJsUZ4h0DG++iD9c9"},"signature":"C+rz7FCMCdF3CY0E2I+IwxjyqzZd0vXU3QGLYE35LZNT7MiF3tVJjOq7T3nRrIVhuO746HydfiJqnzhDuW9PPQ=="}],"memo":"1702f268646958750fabe6b14d0fd9d4fea769a4@165.227.141.217:26656"}}
