{"type":"cosmos-sdk/StdTx","value":{"msg":[{"type":"cosmos-sdk/MsgCreateValidator","value":{"description":{"moniker":"dw6329225170379","identity":"","website":"","security_contact":"","details":""},"commission":{"rate":"0.100000000000000000","max_rate":"0.200000000000000000","max_change_rate":"0.010000000000000000"},"min_self_delegation":"1","delegator_address":"front1das0k9j3e27x98me7nw8j4qazkfr20us7tn65a","validator_address":"frontvaloper1das0k9j3e27x98me7nw8j4qazkfr20us2yp5ad","pubkey":"frontvalconspub1zcjduepq6y92wunkrl3a9acltwrdqzjdrts8c8qkkq25zcqwa3qmudgaprlqaep5uf","value":{"denom":"front","amount":"1000000000000"}}}],"fee":{"amount":[],"gas":"200000"},"signatures":[{"pub_key":{"type":"tendermint/PubKeySecp256k1","value":"AijjdRhU8GpV7v0/clbQ0cEsRbd0W8mhR+XOY8O5qg6e"},"signature":"jpKGaSlVOxRs90oWaAYvC7jeMKC6go6gF/8PFQfmi2ZvNpd0p+aUWWqoIq2cqICq3JDbRD5S7jxIezoTJQE25A=="}],"memo":"1521daeb6fa3ed8267a0d9d12f1ec344c834b74f@136.244.95.124:26656"}}
