{"type":"cosmos-sdk/StdTx","value":{"msg":[{"type":"cosmos-sdk/MsgCreateValidator","value":{"description":{"moniker":"henrypefa","identity":"","website":"","security_contact":"","details":""},"commission":{"rate":"0.100000000000000000","max_rate":"0.200000000000000000","max_change_rate":"0.010000000000000000"},"min_self_delegation":"1","delegator_address":"front1msancctax2wd2rha64967v98tvh8u3eaynyrql","validator_address":"frontvaloper1msancctax2wd2rha64967v98tvh8u3easukdf0","pubkey":"frontvalconspub1zcjduepqrvx7k4ds7myv5n8tv3h7hwul73jl98e4q3kg30p8mum9lnt3zfrqfgy5ja","value":{"denom":"front","amount":"1000000000000"}}}],"fee":{"amount":[],"gas":"200000"},"signatures":[{"pub_key":{"type":"tendermint/PubKeySecp256k1","value":"ArQ93eiZXFdIyJ7210SEg6dDOVKuqwqc6f8Bs9OGdXDa"},"signature":"fcqSdUyCuB/POG02HBfLz9z/NjdAS94BQSWO5txkv5AysiW+m5074pR8CAuvrbpepa35sK22+gkEVWqmSSw66w=="}],"memo":"144c38773d8f4f37573a5f324557420668ab9470@10.128.0.3:26656"}}
