{"type":"cosmos-sdk/StdTx","value":{"msg":[{"type":"cosmos-sdk/MsgCreateValidator","value":{"description":{"moniker":"kagami_node","identity":"","website":"","security_contact":"","details":""},"commission":{"rate":"0.100000000000000000","max_rate":"0.200000000000000000","max_change_rate":"0.010000000000000000"},"min_self_delegation":"1","delegator_address":"front1xl0fz62cu00r45t8v2kt0edltd7uplmzzpupyg","validator_address":"frontvaloper1xl0fz62cu00r45t8v2kt0edltd7uplmzkww0dc","pubkey":"frontvalconspub1zcjduepqdhwup30nryumhtudt8h8mwcs2fxk656998jmeaaeqqw8acwgx5gskgtazv","value":{"denom":"front","amount":"1000000000000"}}}],"fee":{"amount":[],"gas":"200000"},"signatures":[{"pub_key":{"type":"tendermint/PubKeySecp256k1","value":"Au+vizHMEZ+NBtvc3bqNTD+EZkFBDjaOCOk7gsVMMmwh"},"signature":"U2HXslVzS9Qt1f1wxgvAqjsq8w7rLXYtltzx7G4627ZDtNGNk+hSbs6f1Yx7ILO+Ubyoa4dvvSZaJmzzXbKE3w=="}],"memo":"409617a23c31a68fc19e3e2c631e0756354cf46d@207.148.103.11:26656"}}
