{"type":"cosmos-sdk/StdTx","value":{"msg":[{"type":"cosmos-sdk/MsgCreateValidator","value":{"description":{"moniker":"t0ltek","identity":"","website":"","security_contact":"","details":""},"commission":{"rate":"0.100000000000000000","max_rate":"0.200000000000000000","max_change_rate":"0.010000000000000000"},"min_self_delegation":"1","delegator_address":"front1j9jqhvuddqewt4aa47njlqhkc4q0jqq96stcp2","validator_address":"frontvaloper1j9jqhvuddqewt4aa47njlqhkc4q0jqq9wlekg6","pubkey":"frontvalconspub1zcjduepqyrwl8772yudmsfen4hdfuyn43g6sxk8f97a5rrex8kmlfjuln9qqt3ag3h","value":{"denom":"front","amount":"1000000000000"}}}],"fee":{"amount":[],"gas":"200000"},"signatures":[{"pub_key":{"type":"tendermint/PubKeySecp256k1","value":"AkRydxxHdtxBui37z8vL2zRafXesdReuygknbZfczF6t"},"signature":"CEGiIDejgGwkvx22k0V83/xvx0m66OGUxQtKYPrs+9ceYwAjX6xDHvensNHRZHEh9ze2fDuD+aZrxJ1YOwkwaQ=="}],"memo":"3fb6444dc96677144e266bb6dc488bc930268c7f@140.82.34.137:26656"}}
