{"type":"cosmos-sdk/StdTx","value":{"msg":[{"type":"cosmos-sdk/MsgCreateValidator","value":{"description":{"moniker":"my_node","identity":"","website":"","security_contact":"","details":""},"commission":{"rate":"0.100000000000000000","max_rate":"0.200000000000000000","max_change_rate":"0.010000000000000000"},"min_self_delegation":"1","delegator_address":"front1y48f92haq8xfh9hr6hcd0f79qww83nuvhe6qru","validator_address":"frontvaloper1y48f92haq8xfh9hr6hcd0f79qww83nuvrkgw2v","pubkey":"frontvalconspub1zcjduepqvuvh8rcw6d45w8erhsdpv3qyqzwydkkk0skwjk703wfnz4dk49vshp9q28","value":{"denom":"front","amount":"1000000000000"}}}],"fee":{"amount":[],"gas":"200000"},"signatures":[{"pub_key":{"type":"tendermint/PubKeySecp256k1","value":"A78RtIFp4/HDWoDDGWXzFQbq1MyLLr1lIJDoDD9wDP/s"},"signature":"kdAVoTpG5DMyrkuUaYbJNzUUNimulgl6Kw5QsI4eyTcSj/liThkqJmInxCW6UNXXgmr+Rutmsrp9wGVE1yJuBA=="}],"memo":"2fc11f4f02dbc0a8a19ab5af69a0066f6288fc6c@143.198.78.78:26656"}}
