{"type":"cosmos-sdk/StdTx","value":{"msg":[{"type":"cosmos-sdk/MsgCreateValidator","value":{"description":{"moniker":"my_node","identity":"","website":"","security_contact":"","details":""},"commission":{"rate":"0.100000000000000000","max_rate":"0.200000000000000000","max_change_rate":"0.010000000000000000"},"min_self_delegation":"1","delegator_address":"front10andhulc307vyn3ykf65h7zmez9n6z94nvvwpg","validator_address":"frontvaloper10andhulc307vyn3ykf65h7zmez9n6z948r7qgc","pubkey":"frontvalconspub1zcjduepq34577jxqpz0k5j04eumnhz57rxdflmjfts846hwf36kx0pslxphszjac9e","value":{"denom":"front","amount":"1000000000000"}}}],"fee":{"amount":[],"gas":"200000"},"signatures":[{"pub_key":{"type":"tendermint/PubKeySecp256k1","value":"A5iYUlb7ZN4fatH1glP+dfASoYT1i4wypGn4QA3gDJMZ"},"signature":"Q5c6RCPForUeWgK4GJkaZZANxOCl8dzi+pghj3qSF4kFeFSMhmdrb1CW8mZOUYP8KQBClLknSxLuzst7/NUVcQ=="}],"memo":"3d05feb2e69f24e6d91bc5cab630d39e51df0275@10.0.2.15:26656"}}
