{"type":"cosmos-sdk/StdTx","value":{"msg":[{"type":"cosmos-sdk/MsgCreateValidator","value":{"description":{"moniker":"axil","identity":"","website":"","security_contact":"","details":""},"commission":{"rate":"0.100000000000000000","max_rate":"0.200000000000000000","max_change_rate":"0.010000000000000000"},"min_self_delegation":"1","delegator_address":"front15wv7w7se805e8zqxzf7v3c4f4w38e8cl0twvp2","validator_address":"frontvaloper15wv7w7se805e8zqxzf7v3c4f4w38e8clmyuzg6","pubkey":"frontvalconspub1zcjduepqh534lj3z6qtj6huzqu4vrn9c8p9c7h0kskakuh6869n9atmmsraslz6jqq","value":{"denom":"front","amount":"1000000000000"}}}],"fee":{"amount":[],"gas":"200000"},"signatures":[{"pub_key":{"type":"tendermint/PubKeySecp256k1","value":"Al8Dl/wxeoeeoQXrRF5crd8opm1v5sy1OkavpqpdxFvH"},"signature":"T+1E0HIkrXx97fTuZ7YA0vs33zl3mFNPGC0LPfZZPQtNFxBCME2YxglXwmU6ubXLTeUvpix0TaiwD7UA64vxZw=="}],"memo":"53b914f172e9e52372e54add23dfab3dd6e00528@185.87.50.230:26656"}}
