{"type":"cosmos-sdk/StdTx","value":{"msg":[{"type":"cosmos-sdk/MsgCreateValidator","value":{"description":{"moniker":"yegor","identity":"","website":"","security_contact":"","details":""},"commission":{"rate":"0.100000000000000000","max_rate":"0.200000000000000000","max_change_rate":"0.010000000000000000"},"min_self_delegation":"1","delegator_address":"front1tu7q9kav4w2m3evc0paq0hdj3yr29crw563ejx","validator_address":"frontvaloper1tu7q9kav4w2m3evc0paq0hdj3yr29crwq4rhmk","pubkey":"frontvalconspub1zcjduepqh5r5n3ds8hk7nf5gxwymmqkw7zsgyx7xunqmph2z0ec4dudkvkgqt70neu","value":{"denom":"front","amount":"1000000000000"}}}],"fee":{"amount":[],"gas":"200000"},"signatures":[{"pub_key":{"type":"tendermint/PubKeySecp256k1","value":"AkM71cpUup9Ky+9hDY2NIKaN95gktkCj2Rb4OwShkg9R"},"signature":"3J1HlF+7mG6wNhVZ5gKFuY4LGfX59p4GdJY+nsA6OOIkEAlB/r/UBrK58MjmCzFgkEdkxVccA3ST6kzXNJNZgQ=="}],"memo":"28b0caa16bd1108f1fcd18122530b7e725913ab2@116.202.19.187:26656"}}
