{"type":"cosmos-sdk/StdTx","value":{"msg":[{"type":"cosmos-sdk/MsgCreateValidator","value":{"description":{"moniker":"guohanyang","identity":"","website":"","security_contact":"","details":""},"commission":{"rate":"0.100000000000000000","max_rate":"0.200000000000000000","max_change_rate":"0.010000000000000000"},"min_self_delegation":"1","delegator_address":"front1a9st92qmt6dwyuehn0r54c7l56lm2m5h8w2hs9","validator_address":"frontvaloper1a9st92qmt6dwyuehn0r54c7l56lm2m5hnpcee4","pubkey":"frontvalconspub1zcjduepqu8qxut4qytmptg7dfu7nswtwsr260fgysur3wdccamvnrg8qe4pq8asgcw","value":{"denom":"front","amount":"1000000000000"}}}],"fee":{"amount":[],"gas":"200000"},"signatures":[{"pub_key":{"type":"tendermint/PubKeySecp256k1","value":"AlaKhnhLFzzps4+km063OE1jCjVBEK5z1gKUSazTImCH"},"signature":"RuKlgkPk/ZuKGV2qTKceB5rlksQP+qoKooGU1h3kPf4djHMeYlCEAaP3GkR845QzD/3pIToQ9bH2Ekr/Wq9GDg=="}],"memo":"11ee178674f387fbeb46e8c3bf5fd2e55b84f2fa@144.202.109.186:26656"}}
