{"type":"cosmos-sdk/StdTx","value":{"msg":[{"type":"cosmos-sdk/MsgCreateValidator","value":{"description":{"moniker":"my_node","identity":"","website":"","security_contact":"","details":""},"commission":{"rate":"0.100000000000000000","max_rate":"0.200000000000000000","max_change_rate":"0.010000000000000000"},"min_self_delegation":"1","delegator_address":"front1lunhmpn0mf5m6ngl458t0vv3sgmfultke6c0up","validator_address":"frontvaloper1lunhmpn0mf5m6ngl458t0vv3sgmfultkd42p43","pubkey":"frontvalconspub1zcjduepqjcrlcusfxzmfeaeu59j52k3hukscqy539a6lfeyr062u5m54h4vq7hvqz6","value":{"denom":"front","amount":"1000000000000"}}}],"fee":{"amount":[],"gas":"200000"},"signatures":[{"pub_key":{"type":"tendermint/PubKeySecp256k1","value":"A/kJ0m6YqxbGTfBUkpQ111u+TWEKgqV5qsvB2wCOHhSv"},"signature":"b+RMFmIVKglYnQ2tJYHRxPYPRKq3HUEw5LhEoEBQftwwX0BDG25ov8yH7R+B1gMNzFsOx23STD0Vd789iqYVDQ=="}],"memo":"5832ddbd30ddfc3e6c9865011fb4f53ce182d53e@86.105.252.206:26656"}}
