{"type":"cosmos-sdk/StdTx","value":{"msg":[{"type":"cosmos-sdk/MsgCreateValidator","value":{"description":{"moniker":"my_node","identity":"","website":"","security_contact":"","details":""},"commission":{"rate":"0.100000000000000000","max_rate":"0.200000000000000000","max_change_rate":"0.010000000000000000"},"min_self_delegation":"1","delegator_address":"front13xuxxvzjuy8w892uuk9waej0tg3wwqrclq2ezq","validator_address":"frontvaloper13xuxxvzjuy8w892uuk9waej0tg3wwqrct0chts","pubkey":"frontvalconspub1zcjduepqy3cpwsmp6v0uk4kpvnrk2zxt5vz33jdmxmmdx98h4wdjruk00v0qgl8kfj","value":{"denom":"front","amount":"1000000000000"}}}],"fee":{"amount":[],"gas":"200000"},"signatures":[{"pub_key":{"type":"tendermint/PubKeySecp256k1","value":"Aw9PISa/AzuGXSUTW/eTUjShM7wdiOJE60vhI4lwcoRQ"},"signature":"J+HNKiZVnT0pdsD6V4pJNSFKwzTsSrndJCevGVjjTahWRrpuxQj8YjuI9AsDK5WjXhGoLgoQGKTR9bS7CmDOjQ=="}],"memo":"4627810eeafe28135242d9dd656930df38b40856@192.168.203.130:26656"}}
