{"type":"cosmos-sdk/StdTx","value":{"msg":[{"type":"cosmos-sdk/MsgCreateValidator","value":{"description":{"moniker":"goofoff","identity":"","website":"","security_contact":"","details":""},"commission":{"rate":"0.100000000000000000","max_rate":"0.200000000000000000","max_change_rate":"0.010000000000000000"},"min_self_delegation":"1","delegator_address":"front1gjwhcq4ysgdur0lmen538q277mhk5y392cc3r3","validator_address":"frontvaloper1gjwhcq4ysgdur0lmen538q277mhk5y397h2l2p","pubkey":"frontvalconspub1zcjduepqh65j5yk9wnjpnqyfara2l3vpq6elrxrk7aa437qdevcqd03k97ksf0aj50","value":{"denom":"front","amount":"1000000000000"}}}],"fee":{"amount":[],"gas":"200000"},"signatures":[{"pub_key":{"type":"tendermint/PubKeySecp256k1","value":"AjvrSswZcpHOfwcfsgSzUPlQ38VjGs4xL/mlHbhazAri"},"signature":"HB6kI2x0yKdTMcGB07dzMI/tO19YFPxeXRU1ZHTQYTtjx1ygdZs5CSNNFO8N1I5Y6mZnqCK9DdavLdLs0Rih8w=="}],"memo":"4f85fbda305e9f93eaac5a42fe20d0a5f4682c6b@172.17.0.1:26656"}}
