{"type":"cosmos-sdk/StdTx","value":{"msg":[{"type":"cosmos-sdk/MsgCreateValidator","value":{"description":{"moniker":"my_node","identity":"","website":"","security_contact":"","details":""},"commission":{"rate":"0.100000000000000000","max_rate":"0.200000000000000000","max_change_rate":"0.010000000000000000"},"min_self_delegation":"1","delegator_address":"front1hqxh5t89djzzphc26pvx4tynvdjwedxzjjgwmm","validator_address":"frontvaloper1hqxh5t89djzzphc26pvx4tynvdjwedxzxa6qjt","pubkey":"frontvalconspub1zcjduepqg3gr8vm8ng9708j3lm4rcz27tg9342d926zqlgwtmw0vq4rlcqgqcgqxx8","value":{"denom":"front","amount":"1000000000000"}}}],"fee":{"amount":[],"gas":"200000"},"signatures":[{"pub_key":{"type":"tendermint/PubKeySecp256k1","value":"Ao+0qk+ALKNyWzvi6cMOOqwL/RUkWcIOWe5B4zmu+mN5"},"signature":"NXpFjRt7D9PgD8ui33ckJiVMzOYrVWQQdYL4yPr1gZhUoIDGu0eRGp99Jm860jh94KR9BkosCPNSsFHxGj578A=="}],"memo":"28cee5123d85ec9f68d3328670b44b454d276c7a@161.97.160.29:26656"}}
