{"type":"cosmos-sdk/StdTx","value":{"msg":[{"type":"cosmos-sdk/MsgCreateValidator","value":{"description":{"moniker":"kkholimi","identity":"","website":"","security_contact":"","details":""},"commission":{"rate":"0.100000000000000000","max_rate":"0.200000000000000000","max_change_rate":"0.010000000000000000"},"min_self_delegation":"1","delegator_address":"front1cj422hc5wnvfpllw8702gn7lzjdmszq9q3css3","validator_address":"frontvaloper1cj422hc5wnvfpllw8702gn7lzjdmszq95727ep","pubkey":"frontvalconspub1zcjduepqzs8894k697mpetakrxaq9l4rg2ksnz6xfhl90xtfg9jsk627x3aq3ac082","value":{"denom":"front","amount":"1000000000000"}}}],"fee":{"amount":[],"gas":"200000"},"signatures":[{"pub_key":{"type":"tendermint/PubKeySecp256k1","value":"ApCzFBjrlniwvkJbpPM8cDZjX6GScw0nvt9ZKOfsGx9S"},"signature":"d7n8wMqLDobLCNXGlQU2hWtbJB29NwgPO/5Ykjz7ark4xyAlmmYtFBX6wKWV6UNOYBR4qP7Jxyh/BixZBYSOcg=="}],"memo":"02c03af1649084922bbc363b8e754af99133fb08@172.31.64.1:26656"}}
