{"type":"cosmos-sdk/StdTx","value":{"msg":[{"type":"cosmos-sdk/MsgCreateValidator","value":{"description":{"moniker":"shinebrightplease","identity":"","website":"","security_contact":"","details":""},"commission":{"rate":"0.100000000000000000","max_rate":"0.200000000000000000","max_change_rate":"0.010000000000000000"},"min_self_delegation":"1","delegator_address":"front1d5qdyq7jx0j5dyuxhj3h3vl0juf8y2efn32hq7","validator_address":"frontvaloper1d5qdyq7jx0j5dyuxhj3h3vl0juf8y2ef87cefw","pubkey":"frontvalconspub1zcjduepq5yaxumasy6nnv5jey3tjvth8x764w93nxe0map2kl72frvlh67tss75pss","value":{"denom":"front","amount":"1000000000000"}}}],"fee":{"amount":[],"gas":"200000"},"signatures":[{"pub_key":{"type":"tendermint/PubKeySecp256k1","value":"AikgYoK+0z1rFqNpzpXHJ8yZ3QYnRN4h+fqkF3CFlqku"},"signature":"ZczRQ9GWux++TeVRXN1KoF+NtLMrZRlZomrbwc04XGNLq4G5p7Sgaw5R79faEMTL82JPnVdAT1ee8Ca2cxt5ew=="}],"memo":"1113e786350e2c556df4780a88b83f0649e5c2a6@138.197.6.19:26656"}}
