{"type":"cosmos-sdk/StdTx","value":{"msg":[{"type":"cosmos-sdk/MsgCreateValidator","value":{"description":{"moniker":"fOrest94","identity":"","website":"","security_contact":"","details":""},"commission":{"rate":"0.100000000000000000","max_rate":"0.200000000000000000","max_change_rate":"0.010000000000000000"},"min_self_delegation":"1","delegator_address":"front1etxhxhruaeakvxxws5vap78m0aqenvr5at5a52","validator_address":"frontvaloper1etxhxhruaeakvxxws5vap78m0aqenvr5fyxna6","pubkey":"frontvalconspub1zcjduepqrlpl5d6wypkknk90kyjle6mgwz7ugkntadwtfc0hj8jl7u0lmlwqkqp63y","value":{"denom":"front","amount":"1000000000000"}}}],"fee":{"amount":[],"gas":"200000"},"signatures":[{"pub_key":{"type":"tendermint/PubKeySecp256k1","value":"AjI86zW1zuYRcm0lGpTpuLm0UPLLpbyRg3b29OzfFbb7"},"signature":"TgbH9xoddUZr8DIvOw+9C+FPPj13RoUXWvZ/9a7D8W8jQ82NopIX2qHeBCGgsSBuzS4apxJi+eg+IfJtdoPfzw=="}],"memo":"06a0cccfe9243e097c52e9d69a36464f4df03466@185.125.218.146:26656"}}
