{"type":"cosmos-sdk/StdTx","value":{"msg":[{"type":"cosmos-sdk/MsgCreateValidator","value":{"description":{"moniker":"hpzxk","identity":"","website":"","security_contact":"","details":""},"commission":{"rate":"0.100000000000000000","max_rate":"0.200000000000000000","max_change_rate":"0.010000000000000000"},"min_self_delegation":"1","delegator_address":"front10aw28afgqmwtt7xjaq0ke6t007w058zu6kwvat","validator_address":"frontvaloper10aw28afgqmwtt7xjaq0ke6t007w058zuweuz5m","pubkey":"frontvalconspub1zcjduepq9zlk2jzxy7xkjv032xvavgf8ysn9dejnrgwwaz50a5rkh34r6mgs4y60pz","value":{"denom":"front","amount":"1000000000000"}}}],"fee":{"amount":[],"gas":"200000"},"signatures":[{"pub_key":{"type":"tendermint/PubKeySecp256k1","value":"A+7RlznX6lS5w95q00lyAwRAWQXz5ULn8rfCIcxXwrf/"},"signature":"soaW5JvrvIRjyhUQNTvhnZkrdXDu1xUGlnmqPQOgrjYTerRl1qyY79CHASLPYZhFYWZ/1e/IRnfXMknK8Vn6dg=="}],"memo":"32728fd1366735af1338755f02bf72ee196f9c85@46.4.102.70:26656"}}
