{"type":"cosmos-sdk/StdTx","value":{"msg":[{"type":"cosmos-sdk/MsgCreateValidator","value":{"description":{"moniker":"NodesGuru","identity":"","website":"","security_contact":"","details":""},"commission":{"rate":"0.100000000000000000","max_rate":"0.200000000000000000","max_change_rate":"0.010000000000000000"},"min_self_delegation":"1","delegator_address":"front1yedp5a57ald524wxct95dwkuhn2p52xht6v523","validator_address":"frontvaloper1yedp5a57ald524wxct95dwkuhn2p52xhl476rp","pubkey":"frontvalconspub1zcjduepq8d4fe2duh0hhd226n6th6lhw3007665755cuwuyrpj2c2ql0f7cq093lgq","value":{"denom":"front","amount":"1000000000000"}}}],"fee":{"amount":[],"gas":"200000"},"signatures":[{"pub_key":{"type":"tendermint/PubKeySecp256k1","value":"A1Izis6BO4FcBZj59MOZY9xPWMUCwQahvI+E//pZwTZ3"},"signature":"h0UQXsVPiLEa0Lnm+AJlozOPmW8MWLrwS4ZPO5wH9jkVh4v1G5wB8hTCucZN6B6ItkO5EpE+mPEa7ybIKKS0zw=="}],"memo":"34a3e362ae149f5e58284fcda7a84cadacf97c16@193.38.235.214:26656"}}
