{"type":"cosmos-sdk/StdTx","value":{"msg":[{"type":"cosmos-sdk/MsgCreateValidator","value":{"description":{"moniker":"my_node","identity":"","website":"","security_contact":"","details":""},"commission":{"rate":"0.100000000000000000","max_rate":"0.200000000000000000","max_change_rate":"0.010000000000000000"},"min_self_delegation":"1","delegator_address":"front1gn2r68umyun72jstjq7v064ss6u6h4r6ylk85l","validator_address":"frontvaloper1gn2r68umyun72jstjq7v064ss6u6h4r6ssyfa0","pubkey":"frontvalconspub1zcjduepqcssu85d4g5lj49vxqlajmm6grdcfu462ezjny7eygezz2xf8u0ksd0j0f3","value":{"denom":"front","amount":"1000000000000"}}}],"fee":{"amount":[],"gas":"200000"},"signatures":[{"pub_key":{"type":"tendermint/PubKeySecp256k1","value":"AtaPx+82P2d/sSDBloPkMCdkr8rTjZq114W8naHsGKf9"},"signature":"cu2VcwjBwgPT/TuaELKoStvDQUMx7rk99JjfkvuRShpkuJVhNJXz+lgCQdNCjTFLD6rQlhvAI3z/0lSaq1E3ag=="}],"memo":"3a880c778603368a9c6717d9bca1af84bd2d067c@10.0.2.15:26656"}}
