{"type":"cosmos-sdk/StdTx","value":{"msg":[{"type":"cosmos-sdk/MsgCreateValidator","value":{"description":{"moniker":"my_node","identity":"","website":"","security_contact":"","details":""},"commission":{"rate":"0.100000000000000000","max_rate":"0.200000000000000000","max_change_rate":"0.010000000000000000"},"min_self_delegation":"1","delegator_address":"front1q0fhd5cma6pgu2hv56mnhjprx5p6ktu23ehcdv","validator_address":"frontvaloper1q0fhd5cma6pgu2hv56mnhjprx5p6ktu29k9kyu","pubkey":"frontvalconspub1zcjduepqd5ls4mk5xx4asm5j2xvzc2mhhqyxgjnxznetmx2sq7waauh7acvsv2yqgj","value":{"denom":"front","amount":"1000000000000"}}}],"fee":{"amount":[],"gas":"200000"},"signatures":[{"pub_key":{"type":"tendermint/PubKeySecp256k1","value":"Ani4lxOIwBRahTuyxf8JqfCd+4jf0NyHxQD7/08HfydN"},"signature":"kB+0o4F8L5aHs/un/smSHtHIDEs1nNen0kxzReZCget6uWUWAmWcn9uzIVm0pXIkgawJjyo397eBWaezt8ShrQ=="}],"memo":"00264b94be56516242abbbdcfe09620613df9db3@172.22.0.3:26656"}}
