{"type":"cosmos-sdk/StdTx","value":{"msg":[{"type":"cosmos-sdk/MsgCreateValidator","value":{"description":{"moniker":"my_node","identity":"","website":"","security_contact":"","details":""},"commission":{"rate":"0.100000000000000000","max_rate":"0.200000000000000000","max_change_rate":"0.010000000000000000"},"min_self_delegation":"1","delegator_address":"front10ge6ackn6zpxztas0eq3ljwg3eaawk5k5zzhes","validator_address":"frontvaloper10ge6ackn6zpxztas0eq3ljwg3eaawk5kqdsesq","pubkey":"frontvalconspub1zcjduepqu9wcnye6ne0cd4udzwllw6rm06c53xkuq27ke5k2tzckk6wxh8lqs8tjry","value":{"denom":"front","amount":"1000000000000"}}}],"fee":{"amount":[],"gas":"200000"},"signatures":[{"pub_key":{"type":"tendermint/PubKeySecp256k1","value":"A0bL9dAwJVKaHv2Y7OIcCzMsvLg0sjBGWI07+cfHJyIC"},"signature":"AFmjrtFCd93Q8vupfT5r5jsZ4wdJBQIkFvOISVYBazpgMyfAgXsbSCJJc8izssrxEQALC+lTNuUZdLnnOr6fxg=="}],"memo":"4640244480c92223c0a744a24af7c01de1236eb7@192.168.0.28:26656"}}
