{"type":"cosmos-sdk/StdTx","value":{"msg":[{"type":"cosmos-sdk/MsgCreateValidator","value":{"description":{"moniker":"Stakely.io-Pacobits","identity":"","website":"","security_contact":"","details":""},"commission":{"rate":"0.100000000000000000","max_rate":"0.200000000000000000","max_change_rate":"0.010000000000000000"},"min_self_delegation":"1","delegator_address":"front1qe835hcdlxhs0g4ahdey6d5cc90uz88gau8l4y","validator_address":"frontvaloper1qe835hcdlxhs0g4ahdey6d5cc90uz88gfn43u5","pubkey":"frontvalconspub1zcjduepqrxjnlz900hdxzagaym577nglt23nse5k7hshfsw2kzp8udd9cruqzpac64","value":{"denom":"front","amount":"1000000000000"}}}],"fee":{"amount":[],"gas":"200000"},"signatures":[{"pub_key":{"type":"tendermint/PubKeySecp256k1","value":"A96I0lPd0B14+IvlrdtaCbp64cSrzgvKOxf88aLR3V0d"},"signature":"6heT785zLIYEuxEfGrZy+NpCdj3nDboG6ZYqxZQdPlRgZk3tWDkRq02JgoUokG31fBmwgwyTa+2AFoflmj4vHA=="}],"memo":"3628cf2de7739b55afe729c8ed653716204037cc@173.249.40.137:26656"}}
