{"type":"cosmos-sdk/StdTx","value":{"msg":[{"type":"cosmos-sdk/MsgCreateValidator","value":{"description":{"moniker":"NodesGuru","identity":"","website":"","security_contact":"","details":""},"commission":{"rate":"0.100000000000000000","max_rate":"0.200000000000000000","max_change_rate":"0.010000000000000000"},"min_self_delegation":"1","delegator_address":"front13px99kcxszqv99txz2gnkn9z4pgrx2s7q93gcs","validator_address":"frontvaloper13px99kcxszqv99txz2gnkn9z4pgrx2s752rx3q","pubkey":"frontvalconspub1zcjduepqvqacwmd295s34ztt7yyrs85la3z7lwwhwgej742ydxpyj9ft9sxqv2vnq7","value":{"denom":"front","amount":"1000000000000"}}}],"fee":{"amount":[],"gas":"200000"},"signatures":[{"pub_key":{"type":"tendermint/PubKeySecp256k1","value":"AttNOi9ctoFCLMFCpnnOko//dXlTf7cokpAvG3+ZvH4Q"},"signature":"i42T924SyEBQPqSTWI33JKOvSmHNzqrBpdoja8D8Oe5yganTeWorL2aH0r3mBfXwQxAyLOn5AxZ8SWN9I9uf9g=="}],"memo":"46f8679eb625d1a73f33def6e92dc041ff74bd40@79.133.42.116:26656"}}
