{"type":"cosmos-sdk/StdTx","value":{"msg":[{"type":"cosmos-sdk/MsgCreateValidator","value":{"description":{"moniker":"my_node","identity":"","website":"","security_contact":"","details":""},"commission":{"rate":"0.100000000000000000","max_rate":"0.200000000000000000","max_change_rate":"0.010000000000000000"},"min_self_delegation":"1","delegator_address":"front1awewl7yeqcyy2sh4m27mulsn3jpap5cxwsf648","validator_address":"frontvaloper1awewl7yeqcyy2sh4m27mulsn3jpap5cx6lm5uh","pubkey":"frontvalconspub1zcjduepqj2c25pxqzuyxny80nxwpstnd66ps9vgugt037l2ufcfz0sn8dhls4lfqz4","value":{"denom":"front","amount":"1000000000000"}}}],"fee":{"amount":[],"gas":"200000"},"signatures":[{"pub_key":{"type":"tendermint/PubKeySecp256k1","value":"AhuwXN7efb+OiZ1JWOoGG6x7vALFWfuE2Ew2ncAXeMby"},"signature":"XplPyzAuRBKYZk9ceu0ngHAh9vlo7Chi+A0ZPNnW5D08mEzWb/e5l0H49ZcEe5bHmj1VOG3/v+0X65JcdXiq/w=="}],"memo":"2ba8292320591b7b39de660f489977e7ce42cdbb@10.7.88.70:26656"}}
