{"type":"cosmos-sdk/StdTx","value":{"msg":[{"type":"cosmos-sdk/MsgCreateValidator","value":{"description":{"moniker":"GerpSoa","identity":"","website":"","security_contact":"","details":""},"commission":{"rate":"0.100000000000000000","max_rate":"0.200000000000000000","max_change_rate":"0.010000000000000000"},"min_self_delegation":"1","delegator_address":"front1ssee08t0asgnnnxt7hnqlecscp589qa0hk4wg5","validator_address":"frontvaloper1ssee08t0asgnnnxt7hnqlecscp589qa0re8qpy","pubkey":"frontvalconspub1zcjduepqkan3lq93ujdj0cud737xe52y5rc6pt5hg6av0z55um7j6v34jqaqdy3v47","value":{"denom":"front","amount":"1000000000000"}}}],"fee":{"amount":[],"gas":"200000"},"signatures":[{"pub_key":{"type":"tendermint/PubKeySecp256k1","value":"A58ouMuxs7sOhScd35/9NOSA8gFTc7R31BingEvZ2vHA"},"signature":"GBztd3OOschMyAu0pKrf5lTEpReBteg0pmcmkEb0TtpGJHWeQb4Wesc0cGI1THQAfMSm7futh23+8ekVcu102Q=="}],"memo":"270e398f25c1ed75ae4d9ed77d1fbb8e06e20bee@81.68.170.44:26656"}}
