{"type":"cosmos-sdk/StdTx","value":{"msg":[{"type":"cosmos-sdk/MsgCreateValidator","value":{"description":{"moniker":"sergiasida","identity":"","website":"","security_contact":"","details":""},"commission":{"rate":"0.100000000000000000","max_rate":"0.200000000000000000","max_change_rate":"0.010000000000000000"},"min_self_delegation":"1","delegator_address":"front12u54k5p6neljydcrgs9tweqfwuede66r7skx7s","validator_address":"frontvaloper12u54k5p6neljydcrgs9tweqfwuede66r2lyghq","pubkey":"frontvalconspub1zcjduepqh8kams0fpdr4tfqgl8l2m06xd57wddp248pn3hqcrlp8n2mtsnls62ccaw","value":{"denom":"front","amount":"1000000000000"}}}],"fee":{"amount":[],"gas":"200000"},"signatures":[{"pub_key":{"type":"tendermint/PubKeySecp256k1","value":"A6Z2FyPM1JLeIIg8MjkFOyuFcWERoEccqsAgJ3TdlGeF"},"signature":"xGiXdQLcrPhWDGVrSCZsD3LCTT3pnIVetDmuU1ZLEbFtNoyJX/AzdZHjWk68MhXNgGrKeBWRNDGdlIpQCrk2AQ=="}],"memo":"359b7e477dda316e9d63e0ad81244a65f28f1e3d@172.31.26.68:26656"}}
