{"type":"cosmos-sdk/StdTx","value":{"msg":[{"type":"cosmos-sdk/MsgCreateValidator","value":{"description":{"moniker":"mihasib","identity":"","website":"","security_contact":"","details":""},"commission":{"rate":"0.100000000000000000","max_rate":"0.200000000000000000","max_change_rate":"0.010000000000000000"},"min_self_delegation":"1","delegator_address":"front1jnafjnnfxysr44a70f2ylghhj4emjakve4wady","validator_address":"frontvaloper1jnafjnnfxysr44a70f2ylghhj4emjakvd6uny5","pubkey":"frontvalconspub1zcjduepqf9upf43whpsa9jx49v4s8lhj756jw8uew9rcq6m508g040z8k72q3gy5z7","value":{"denom":"front","amount":"1000000000000"}}}],"fee":{"amount":[],"gas":"200000"},"signatures":[{"pub_key":{"type":"tendermint/PubKeySecp256k1","value":"ArnJECctg34kDZlYcC3shL3qnr0mZicR+n5PET3f/YNe"},"signature":"7QlNB5ujm4vjYV9e3syvLr3xkOnQykAIdIfB7LsZokgvOjNtV4vaf6J4rVPLPS/gNBOwgx0HL56Gvwm2j+zEtA=="}],"memo":"23c2415f5032ae94c7e42ea548ee25af0398e757@89.163.148.195:26656"}}
