{"type":"cosmos-sdk/StdTx","value":{"msg":[{"type":"cosmos-sdk/MsgCreateValidator","value":{"description":{"moniker":"Making.cash","identity":"D21C8FB25FE081AA","website":"","security_contact":"","details":"Making.cash offers the easiest way to stake and earn better rewards over time. Delegate your  with us to help secure this networks and earn staking rewards."},"commission":{"rate":"0.100000000000000000","max_rate":"1.000000000000000000","max_change_rate":"1.000000000000000000"},"min_self_delegation":"1","delegator_address":"front1sqzgaj0jkudfq5cqhef5zc2wl37x3h6wkgc3c9","validator_address":"frontvaloper1sqzgaj0jkudfq5cqhef5zc2wl37x3h6wz82l34","pubkey":"frontvalconspub1zcjduepqn85aspju4sephaqukw0qqjw2kq8774mhgzfr77q6zesqap88wzps9qhv3r","value":{"denom":"front","amount":"1000000000000"}}}],"fee":{"amount":[],"gas":"200000"},"signatures":[{"pub_key":{"type":"tendermint/PubKeySecp256k1","value":"A9q7HTwEDrHkrrKgM48vF+rNGcxYIFNskL9f91imFcfP"},"signature":"/XVipqHWkvZvjUcn0PUsrXiKmmH2hPceO571x8JSsd0nwpu7xaH60m4GAuKQvcmAy6rLX5I8VPUmJgGFvQhTpw=="}],"memo":"2838a781f1d67f4df52b53c86a270075ae8ae73e@135.181.182.96:26656"}}
