{"type":"cosmos-sdk/StdTx","value":{"msg":[{"type":"cosmos-sdk/MsgCreateValidator","value":{"description":{"moniker":"skv3rna","identity":"","website":"","security_contact":"","details":""},"commission":{"rate":"0.100000000000000000","max_rate":"0.200000000000000000","max_change_rate":"0.010000000000000000"},"min_self_delegation":"1","delegator_address":"front1nqjcrxrjd2ragse5tzgktky8kcgu4hd0y20yyt","validator_address":"frontvaloper1nqjcrxrjd2ragse5tzgktky8kcgu4hd0s9a2dm","pubkey":"frontvalconspub1zcjduepq86dnwsn9028e2gcq3f3wskc8qvnau6pugvs0d3qrszgw48dhd8vse293g2","value":{"denom":"front","amount":"1000000000000"}}}],"fee":{"amount":[],"gas":"200000"},"signatures":[{"pub_key":{"type":"tendermint/PubKeySecp256k1","value":"A5WSrhWpG7n/PGLA62EHlD9y2jXlI9UgHmxw6Rr4ueaR"},"signature":"NNveJKvGICyKw4ubdp+9b1f7QKXZbCJlwWUyAsDC6fhzR7xtpEAUWm60+9s5LkbOm3iPSsBrDuxxk/bg1e3q0w=="}],"memo":"34f75f3da0ba5272ef4884560a6300946c12b4a1@45.63.117.98:26656"}}
