{"type":"cosmos-sdk/StdTx","value":{"msg":[{"type":"cosmos-sdk/MsgCreateValidator","value":{"description":{"moniker":"V001","identity":"","website":"","security_contact":"","details":""},"commission":{"rate":"0.100000000000000000","max_rate":"0.200000000000000000","max_change_rate":"0.010000000000000000"},"min_self_delegation":"1","delegator_address":"front1elmku9jz7khyhnuq7ay5dkdvg9aef5tet0f5xc","validator_address":"frontvaloper1elmku9jz7khyhnuq7ay5dkdvg9aef5telqm60g","pubkey":"frontvalconspub1zcjduepqvvzujqr2ughquvs0ma5ry3tny0gn46cpcrru0dccfduvd5vht9rsypzzpl","value":{"denom":"front","amount":"1000000000000"}}}],"fee":{"amount":[],"gas":"200000"},"signatures":[{"pub_key":{"type":"tendermint/PubKeySecp256k1","value":"A8GHk9ONe+q8jOy306DaYB+tjavvnUeiDAob60vdJm2h"},"signature":"lpoW7boNiqEwFRlH18dOVQVxuqQGbQCSQV925fEQWxAdYL9xKtKvaVhE2fBtjXsSBmGmtubRfm4+/OalgG9CqQ=="}],"memo":"154b88fbbf7e308a4cbcbbd1cd9fc7d3aeca5a01@144.202.97.42:26656"}}
