{"type":"cosmos-sdk/StdTx","value":{"msg":[{"type":"cosmos-sdk/MsgCreateValidator","value":{"description":{"moniker":"techbrain","identity":"","website":"","security_contact":"","details":""},"commission":{"rate":"0.100000000000000000","max_rate":"0.200000000000000000","max_change_rate":"0.010000000000000000"},"min_self_delegation":"1","delegator_address":"front1qakhts86kq08vdxpvcsj2yhawac9z6vzs4lthd","validator_address":"frontvaloper1qakhts86kq08vdxpvcsj2yhawac9z6vzy6d97a","pubkey":"frontvalconspub1zcjduepqy79px9kav73pngdczaml5ydrkmxk8yzqe74wyqamywxex65penwq9kdwyt","value":{"denom":"front","amount":"1000000000000"}}}],"fee":{"amount":[],"gas":"200000"},"signatures":[{"pub_key":{"type":"tendermint/PubKeySecp256k1","value":"A1D2BUUMVX94ZsB0AKrGqjoTd7g15PBjroHQCnaihVCZ"},"signature":"5qgwosEFeW4kuCrrSgR3FkqchFcPfVCMqnL6N1svqE9fVhnzAt7mcFHYUj5HWcFSX8uu2ng3oQ/uAoxpYx6w3g=="}],"memo":"14dff61ace400d788ab5c433854d96de63bcd42e@95.179.143.133:26656"}}
