{"type":"cosmos-sdk/StdTx","value":{"msg":[{"type":"cosmos-sdk/MsgCreateValidator","value":{"description":{"moniker":"frontier777","identity":"","website":"","security_contact":"","details":""},"commission":{"rate":"0.100000000000000000","max_rate":"0.200000000000000000","max_change_rate":"0.010000000000000000"},"min_self_delegation":"1","delegator_address":"front1c7wsc0zugtlf8t965zq0l9jqqen4m2785sh578","validator_address":"frontvaloper1c7wsc0zugtlf8t965zq0l9jqqen4m278ql96hh","pubkey":"frontvalconspub1zcjduepqrdwe0gztuxw0y7705mfe2h5jcfy0usnhzpgjtudzunlgjh5sal5sppwfmw","value":{"denom":"front","amount":"1000000000000"}}}],"fee":{"amount":[],"gas":"200000"},"signatures":[{"pub_key":{"type":"tendermint/PubKeySecp256k1","value":"Ay/52UECOzrRw3f5sd9rXXk18Hri0vjdE2OkDpNh8OYY"},"signature":"yPo6cr3fAbIqN8HFyB65XgVFo3pJumEaXI6wXIyhHNBc1GV4eW2qzwvxjFhhqTGjSp/RHj+DXs/bEKJtEcB62g=="}],"memo":"11c41615b1900c08acb25e44f606d3b4c59cab71@65.21.59.194:26656"}}
