{"type":"cosmos-sdk/StdTx","value":{"msg":[{"type":"cosmos-sdk/MsgCreateValidator","value":{"description":{"moniker":"jheleznoff","identity":"","website":"","security_contact":"","details":""},"commission":{"rate":"0.100000000000000000","max_rate":"0.200000000000000000","max_change_rate":"0.010000000000000000"},"min_self_delegation":"1","delegator_address":"front1pxfsp2tdujx7csa6zuepg6mjzjyjqu7gsxahzl","validator_address":"frontvaloper1pxfsp2tdujx7csa6zuepg6mjzjyjqu7gyf0et0","pubkey":"frontvalconspub1zcjduepqjs0lz9pp8s685sdfj2vth4h2evdjkxnfd2mgp6h3ne9eg0mv66gqv2ntf6","value":{"denom":"front","amount":"1000000000000"}}}],"fee":{"amount":[],"gas":"200000"},"signatures":[{"pub_key":{"type":"tendermint/PubKeySecp256k1","value":"A82ImWWTNNbqYz5Y2F13CsuaoVx0cUyURgJYC3VjVCOn"},"signature":"8v6XP1jFqq9y+NhTc8GPlEaGf+E5tPrCE6Rq/u+TLUdQbLbiIqsQDdbGMP042qMqo6yj+6XgTdtCkBB2RWhVkQ=="}],"memo":"1d8453fc9812dde1d30c39f3344649b11e95a281@135.181.102.4:26656"}}
