  {"type":"cosmos-sdk/StdTx","value":{"msg":[{"type":"cosmos-sdk/MsgCreateValidator","value":{"description":{"moniker":"xyy","identity":"","website":"","security_contact":"","details":""},"commission":{"rate":"0.100000000000000000","max_rate":"0.200000000000000000","max_change_rate":"0.010000000000000000"},"min_self_delegation":"1","delegator_address":"front1r3mlygdphx7nrctw9nnvnlh8nq5u4czy2u7hhz","validator_address":"frontvaloper1r3mlygdphx7nrctw9nnvnlh8nq5u4czy7nve7j","pubkey":"frontvalconspub1zcjduepqfthzmy09erhazgpn77udt0zlk3a0jdfrr02m0589z5s6u0vutanqwmamsa","value":{"denom":"front","amount":"1000000000000"}}}],"fee":{"amount":[],"gas":"200000"},"signatures":[{"pub_key":{"type":"tendermint/PubKeySecp256k1","value":"AimocuYoM7TXX1yKiCCCGXX7GYVV0bamNevpEdFvB0zH"},"signature":"Ip/MjwDgsyxpMuH9llmP3vqbSiCv5OOPCS/fI0NFge4MBNee6a7/ZSLPUYaMqDGkyzM1W7DhR7sjIa+uXQ0R6w=="}],"memo":"47621f0193882b03f3f55c142cf3e618964c08ef@10.170.0.2:26656"}}        
