{"type":"cosmos-sdk/StdTx","value":{"msg":[{"type":"cosmos-sdk/MsgCreateValidator","value":{"description":{"moniker":"zhuk","identity":"","website":"","security_contact":"","details":""},"commission":{"rate":"0.100000000000000000","max_rate":"0.200000000000000000","max_change_rate":"0.010000000000000000"},"min_self_delegation":"1","delegator_address":"front1kdgtakfdstjqxc6xdtda6cny2c0ll9cuatvucx","validator_address":"frontvaloper1kdgtakfdstjqxc6xdtda6cny2c0ll9cufy7j3k","pubkey":"frontvalconspub1zcjduepqhcg87alcak680tdp3xhus79fq3phlx6725f7wvtkz6c9hwnr6s5scjsadg","value":{"denom":"front","amount":"1000000000000"}}}],"fee":{"amount":[],"gas":"200000"},"signatures":[{"pub_key":{"type":"tendermint/PubKeySecp256k1","value":"A0Pa9v4iQCVp/EWIL7zcBnRU7N3+O1vHG7n98ynJnN7W"},"signature":"wmwpXTO25FTSxeK/Pnaw17bqkaJvgkgyQt1c2UOn1w8r/6aNlWWw6zPP49BLnFzTXAthn8xwMDDO0pXf8rocsQ=="}],"memo":"a50ef7a1558bdbd853ccfd7e409205e4f57a876d@176.9.53.185:26656"}}
