{"type":"cosmos-sdk/StdTx","value":{"msg":[{"type":"cosmos-sdk/MsgCreateValidator","value":{"description":{"moniker":"zhuxianxi","identity":"","website":"","security_contact":"","details":""},"commission":{"rate":"0.100000000000000000","max_rate":"0.200000000000000000","max_change_rate":"0.010000000000000000"},"min_self_delegation":"1","delegator_address":"front142gjzfl5sgdpmjnq044dupjnmd662ucunnels3","validator_address":"frontvaloper142gjzfl5sgdpmjnq044dupjnmd662ucu8ut3ep","pubkey":"frontvalconspub1zcjduepqfq2t52npyhppqhp34eh9km52z329qd6wugkx4g785avkrlgud0msp0yeqv","value":{"denom":"front","amount":"1000000000000"}}}],"fee":{"amount":[],"gas":"200000"},"signatures":[{"pub_key":{"type":"tendermint/PubKeySecp256k1","value":"Ak0mvCe/aAfOvXdPn3Dvv3w3ltAXc55sqH1lDuZcxNsA"},"signature":"HigdkEbrRraHq7MDUc2rpswnCEU/T/qoO+o9Py9rkBIDPOAGbJMO1p+wBOEQ4lJOFoKTouCxTP4EZ+xBoEqTRg=="}],"memo":"37d5ca80a6cd63333559967d4d1560290764f471@10.170.0.2:26656"}}
