{"type":"cosmos-sdk/StdTx","value":{"msg":[{"type":"cosmos-sdk/MsgCreateValidator","value":{"description":{"moniker":"Alexvgso","identity":"","website":"","security_contact":"","details":""},"commission":{"rate":"0.100000000000000000","max_rate":"0.200000000000000000","max_change_rate":"0.010000000000000000"},"min_self_delegation":"1","delegator_address":"front1t9v8ue2wk57avp58t9wwd09v2yqurlthcxl3lu","validator_address":"frontvaloper1t9v8ue2wk57avp58t9wwd09v2yqurlthvfdlkv","pubkey":"frontvalconspub1zcjduepqyzyyqqeufz6292qkqfw0gdxu5adkn9wg3x9mxha6srvr79wrfdlq7sg09d","value":{"denom":"front","amount":"1000000000000"}}}],"fee":{"amount":[],"gas":"200000"},"signatures":[{"pub_key":{"type":"tendermint/PubKeySecp256k1","value":"Arn6fxP/nQynMyO19AIITt5j9g1U/DCMk/Tqgx12HGCB"},"signature":"O+fBwJu26OkFGoqIW9ErQn8yRalH1ygvqHLDmgb6L9JljsJ2FsfnDrxCoatvYc0D6a43Qpw3ybdFLCuK1YSp2g=="}],"memo":"05e73988f2fd49ad42c8f5a4aed57cdabbd49fb3@188.166.28.65:26656"}}
