{"type":"cosmos-sdk/StdTx","value":{"msg":[{"type":"cosmos-sdk/MsgCreateValidator","value":{"description":{"moniker":"Lex_Prime","identity":"0A7562DD5E1432EF","website":"https://t.me/lexxxprime","security_contact":"","details":""},"commission":{"rate":"0.100000000000000000","max_rate":"0.500000000000000000","max_change_rate":"0.10000000000000000"},"min_self_delegation":"1","delegator_address":"front1r9g796vt0a3sl02xvq85dsk7ghvu5n6uetgwuu","validator_address":"frontvaloper1r9g796vt0a3sl02xvq85dsk7ghvu5n6udy6q4v","pubkey":"frontvalconspub1zcjduepqw55kr0lma2asmszstu56haqstheue9ke6slq6hg6qvgvhx3sycksaaxz5q","value":{"denom":"front","amount":"1000000000000"}}}],"fee":{"amount":[],"gas":"200000"},"signatures":[{"pub_key":{"type":"tendermint/PubKeySecp256k1","value":"AuzXoWloTRRvncaf00T6GckHbY4srXG9YhdTdebqYQtX"},"signature":"EoLU5752A43y6z5WpDIdnUxL0zxKPufUb8HoLdRY7ucNp7Y2Krkd8EBKae3lyjrmJmBFC87dq3LlAd7OtbIyPA=="}],"memo":"4c21edc722a69f6d2979e60b0f451dab143396fb@161.97.85.36:26656"}}
