{"type":"cosmos-sdk/StdTx","value":{"msg":[{"type":"cosmos-sdk/MsgCreateValidator","value":{"description":{"moniker":"BettyzGarcias86","identity":"","website":"","security_contact":"","details":""},"commission":{"rate":"0.100000000000000000","max_rate":"0.200000000000000000","max_change_rate":"0.010000000000000000"},"min_self_delegation":"1","delegator_address":"front1p2l8626zcvf780sratg9prda7zdys5gngd3clg","validator_address":"frontvaloper1p2l8626zcvf780sratg9prda7zdys5gnuzrkkc","pubkey":"frontvalconspub1zcjduepq8c4l2y6pytdxuwr53t2fkxagj683v9tj4t8zsgdmhja874yfq4csvz9aa0","value":{"denom":"front","amount":"1000000000000"}}}],"fee":{"amount":[],"gas":"200000"},"signatures":[{"pub_key":{"type":"tendermint/PubKeySecp256k1","value":"A93OO8eWviZ4B/GiFzMjN3vZbUpfYnKC2IBLohKHBns3"},"signature":"lKy/gOM8Q2qZbTz0xEjb1QZGwtmSpbmUyqZfZDvwpZIbdMzQRHYGzwpoRU1fPn8QoDBckc/wtzfwan6SIE/R0g=="}],"memo":"275f1d453eb2b316cba46850abfcc5185bbd9594@10.170.0.2:26656"}}
