{"type":"cosmos-sdk/StdTx","value":{"msg":[{"type":"cosmos-sdk/MsgCreateValidator","value":{"description":{"moniker":"mqzai","identity":"","website":"","security_contact":"","details":""},"commission":{"rate":"0.100000000000000000","max_rate":"0.200000000000000000","max_change_rate":"0.010000000000000000"},"min_self_delegation":"1","delegator_address":"front17ru77v5ml5g4j9j6lpjtfqp9twxunzsnsl69xm","validator_address":"frontvaloper17ru77v5ml5g4j9j6lpjtfqp9twxunzsnysgt0t","pubkey":"frontvalconspub1zcjduepqynlcussc3dcwk6jmdzpv7gwgh0juv26mycv5vh95w5mx65j54hpq65x73m","value":{"denom":"front","amount":"1000000000000"}}}],"fee":{"amount":[],"gas":"200000"},"signatures":[{"pub_key":{"type":"tendermint/PubKeySecp256k1","value":"A0DXSBfPqxzWjzJGv2utQaLq+cdjMx0DkXbmYgme7nSf"},"signature":"uOY8pMbr6vEo8B9gjYRQgr5IEF7m6DO6JnpvAJfseDwsu5TN7Njyly50yvDcLmsLFSDgK4gZ3R+bLF1zTL5+mw=="}],"memo":"1715f832038e19a1fe938e473bd45eb30cbfc6d3@139.180.143.213:26656"}}
