{"type":"cosmos-sdk/StdTx","value":{"msg":[{"type":"cosmos-sdk/MsgCreateValidator","value":{"description":{"moniker":"VLT026","identity":"","website":"","security_contact":"","details":""},"commission":{"rate":"0.100000000000000000","max_rate":"0.200000000000000000","max_change_rate":"0.010000000000000000"},"min_self_delegation":"1","delegator_address":"front1jdr22wwn4kxeghjsdgv5ttxuvzg0vj9xyxjhmd","validator_address":"frontvaloper1jdr22wwn4kxeghjsdgv5ttxuvzg0vj9xsfqeja","pubkey":"frontvalconspub1zcjduepqxv0aess7pz08nhs63try3z9dgjvq9yq6ss62ueq7ujc0ks6jtuzsrv96am","value":{"denom":"front","amount":"1000000000000"}}}],"fee":{"amount":[],"gas":"200000"},"signatures":[{"pub_key":{"type":"tendermint/PubKeySecp256k1","value":"AgfX8AE2gvj3uAALe0dztLB9xsC7dxAyKKwP81VZ0azQ"},"signature":"AmUFMFLJTLsA7qQkO5TmTWDmzKgycAGbEjkADP/hy/MsXLqZLrGcKhr7Y6smAgkSQbUnDOBr5bJ1YdxVS7T0Mw=="}],"memo":"53bb2d32f5bcb77cd9190d80c09d8fa90de26f33@46.161.38.92:26656"}}
