{"type":"cosmos-sdk/StdTx","value":{"msg":[{"type":"cosmos-sdk/MsgCreateValidator","value":{"description":{"moniker":"crvliu","identity":"","website":"","security_contact":"","details":""},"commission":{"rate":"0.100000000000000000","max_rate":"0.200000000000000000","max_change_rate":"0.010000000000000000"},"min_self_delegation":"1","delegator_address":"front17c6z84suptpljavhfur6lfqs0c5uqtgd2gqqx7","validator_address":"frontvaloper17c6z84suptpljavhfur6lfqs0c5uqtgd78jw0w","pubkey":"frontvalconspub1zcjduepqlr4r4y53kltlk66u8sz5cudcmp2uj50dswkdxxatzzs8uqneksus7qu5d4","value":{"denom":"front","amount":"1000000000000"}}}],"fee":{"amount":[],"gas":"200000"},"signatures":[{"pub_key":{"type":"tendermint/PubKeySecp256k1","value":"AgRZLZhHM8FxtqldoF5LGs39LW4T/+cQ8hO5Hx6mY8Kf"},"signature":"ZwrVmzu4OQhu4DTlDdzwNmFI8C4caAuSprj4wt2Oa+leCV93RWZU4zzt5C4xBGGycRZuDFyg9A+AsO9r/ba3Eg=="}],"memo":"06eb954d20ac42edc0d0c2f514cbab25a4b35875@172.17.0.2:26656"}}
