{"type":"cosmos-sdk/StdTx","value":{"msg":[{"type":"cosmos-sdk/MsgCreateValidator","value":{"description":{"moniker":"2477gsq","identity":"","website":"","security_contact":"","details":""},"commission":{"rate":"0.100000000000000000","max_rate":"0.200000000000000000","max_change_rate":"0.010000000000000000"},"min_self_delegation":"1","delegator_address":"front1m27u3pvfdlyyqaqh2ntm5cyldmshrpv3lvendx","validator_address":"frontvaloper1m27u3pvfdlyyqaqh2ntm5cyldmshrpv3trtayk","pubkey":"frontvalconspub1zcjduepqxvswhf827ynn7d7gmdkx2awxwcjar8zsjt9qxcug5q3wjaeecnaqlgdjea","value":{"denom":"front","amount":"1000000000000"}}}],"fee":{"amount":[],"gas":"200000"},"signatures":[{"pub_key":{"type":"tendermint/PubKeySecp256k1","value":"A0ptSVU8b57ek321x3uCqkb7pTYyNW/c5eEqsqwP84MO"},"signature":"olOSe6QD0ZLSCuhIeDSIn8fvmkrKA+MJO2fMur1NXjVkvfIx9mdA4+JdvdevcPHRG4dBo/FU8M5PGpIiDrYlVQ=="}],"memo":"3d4090aba1e99795a40ad594ac258d566316e4f6@172.22.0.4:26656"}}
