{"type":"cosmos-sdk/StdTx","value":{"msg":[{"type":"cosmos-sdk/MsgCreateValidator","value":{"description":{"moniker":"my_node","identity":"","website":"","security_contact":"","details":""},"commission":{"rate":"0.100000000000000000","max_rate":"0.200000000000000000","max_change_rate":"0.010000000000000000"},"min_self_delegation":"1","delegator_address":"front1rpzvaupx4zppqlj3kyercek9jp6pk6uu3q6g3a","validator_address":"frontvaloper1rpzvaupx4zppqlj3kyercek9jp6pk6uu90gxcd","pubkey":"frontvalconspub1zcjduepqdh4lxyj2ywu24e7278c8c657fw5fytxzejuuq6czvx8w90taz0yqjqgprn","value":{"denom":"front","amount":"1000000000000"}}}],"fee":{"amount":[],"gas":"200000"},"signatures":[{"pub_key":{"type":"tendermint/PubKeySecp256k1","value":"A87yiwi+1/SyjWD8mrltww5yqtlZrR4LIONvZFrNcOrL"},"signature":"IQ5rT1FkgorkH5828r1x+EJiG8sVjmemKM/MaqqTL44mm1KjdSoPS0p8xbNBcYhCM+QE4NWL2DsfA/2yV0dsLg=="}],"memo":"25b0048c5a530bdbaca1fd95420394621adec781@206.189.109.27:26656"}}
