{"type":"cosmos-sdk/StdTx","value":{"msg":[{"type":"cosmos-sdk/MsgCreateValidator","value":{"description":{"moniker":"forh88","identity":"","website":"","security_contact":"","details":""},"commission":{"rate":"0.100000000000000000","max_rate":"0.200000000000000000","max_change_rate":"0.010000000000000000"},"min_self_delegation":"1","delegator_address":"front1nm9w5uq4u0xmrdpdufp6y5emn7st4pdtdq4r9m","validator_address":"frontvaloper1nm9w5uq4u0xmrdpdufp6y5emn7st4pdte08dvt","pubkey":"frontvalconspub1zcjduepq2r7v9m22yfq9fwlc6pxsrqv7jjtl74w0h6hrz8xh3ejexlk3ragsnmhn3e","value":{"denom":"front","amount":"1000000000000"}}}],"fee":{"amount":[],"gas":"200000"},"signatures":[{"pub_key":{"type":"tendermint/PubKeySecp256k1","value":"AhxFPt7ETJpibjQdgH8ork+Tst1696aRGcx5tZemz6r6"},"signature":"kYrHNbsYLAL964V/TffH+ydt+8gRrNsE5Va7YD2V1LBusCo8Zye+y794fqaR+6FQcIlzuZ0oZETPJhAfxoNLWQ=="}],"memo":"551fa1aaeb4161b7de01fe34117b02a633221871@65.21.54.3:26656"}}
