{"type":"cosmos-sdk/StdTx","value":{"msg":[{"type":"cosmos-sdk/MsgCreateValidator","value":{"description":{"moniker":"mynode","identity":"","website":"","security_contact":"","details":""},"commission":{"rate":"0.100000000000000000","max_rate":"0.200000000000000000","max_change_rate":"0.010000000000000000"},"min_self_delegation":"1","delegator_address":"front10knwduakeygf6ghlv5gq5j6h9fzhpa3llhs6vw","validator_address":"frontvaloper10knwduakeygf6ghlv5gq5j6h9fzhpa3ltcz597","pubkey":"frontvalconspub1zcjduepq4q9f24l4esuwsxj57ctnzkas6zp6csrzmgweq2xu8uz6jsrjp9uqafhelx","value":{"denom":"front","amount":"10000000"}}}],"fee":{"amount":[],"gas":"200000"},"signatures":[{"pub_key":{"type":"tendermint/PubKeySecp256k1","value":"AukjSVj47JFgIiTn3kd9JGM5QapVeujHvPogN48mvFt1"},"signature":"8SUX+S1eQbYZVNe+MMartm6or3AUMkww1dMddE9nf+Qab11WTAGGtNlQzkF5zfV8654KObe4BLg6z+raJVgH6w=="}],"memo":"26a8f9f5918ac0e22c47fd3e000f8d5178e476da@176.9.145.52:26656"}}
