{"type":"cosmos-sdk/StdTx","value":{"msg":[{"type":"cosmos-sdk/MsgCreateValidator","value":{"description":{"moniker":"pavyon","identity":"","website":"","security_contact":"","details":""},"commission":{"rate":"0.100000000000000000","max_rate":"0.200000000000000000","max_change_rate":"0.010000000000000000"},"min_self_delegation":"1","delegator_address":"front1khatp4jxwlsr9hc8zvfed67uheld4dx9jkcp8z","validator_address":"frontvaloper1khatp4jxwlsr9hc8zvfed67uheld4dx9xe20wj","pubkey":"frontvalconspub1zcjduepqql0rnnp2vc9z24e99lps652298wyvchskcyv5cvec73pfmqk2vxsys2zht","value":{"denom":"front","amount":"1000000000000"}}}],"fee":{"amount":[],"gas":"200000"},"signatures":[{"pub_key":{"type":"tendermint/PubKeySecp256k1","value":"A9nqQUhyqs9iy6PGb2k1p58iQN+oxIUxQSNSFB2js7nA"},"signature":"htw6awhmQxNgcgn+wUONXlcMp7MFbKX5Tomh9J8CfEByqvziB9wJ2inFL3qmfVdQIiVBGm/ZpO3P+GagXik05A=="}],"memo":"40e2a3f022d30b6144ff5320f3a3a1f667095400@10.166.0.4:26656"}}
