{"type":"cosmos-sdk/StdTx","value":{"msg":[{"type":"cosmos-sdk/MsgCreateValidator","value":{"description":{"moniker":"Fada","identity":"","website":"","security_contact":"","details":""},"commission":{"rate":"0.100000000000000000","max_rate":"0.200000000000000000","max_change_rate":"0.010000000000000000"},"min_self_delegation":"1","delegator_address":"front1zvmesfpmh0g7rlzcrps9mvvwc30tes32j8g3sh","validator_address":"frontvaloper1zvmesfpmh0g7rlzcrps9mvvwc30tes32xg6le8","pubkey":"frontvalconspub1zcjduepqr397fqrzps2k9k6ppdjqvun3s43xlsgn4hax86kr82duultvkluql5eghe","value":{"denom":"front","amount":"1000000000000"}}}],"fee":{"amount":[],"gas":"200000"},"signatures":[{"pub_key":{"type":"tendermint/PubKeySecp256k1","value":"Av0p7hEbnzNmFUYCV18vO82hZZtnIqrqwvEKXPbx80Ry"},"signature":"1nUaqSAdGae/SIlT3p8oOHuULu/i0SmZAtIAok2OWD8Nro9s5nUSMCNBdMcNGnAN7ppSNgFBBupe7u73zrltBA=="}],"memo":"2c49ae50effbd986387fa4562dd159d0be4beb43@198.13.50.141:26656"}}
