{"type":"cosmos-sdk/StdTx","value":{"msg":[{"type":"cosmos-sdk/MsgCreateValidator","value":{"description":{"moniker":"mika","identity":"","website":"","security_contact":"","details":""},"commission":{"rate":"0.100000000000000000","max_rate":"0.200000000000000000","max_change_rate":"0.010000000000000000"},"min_self_delegation":"1","delegator_address":"front1j0hune68qk3haldxus2hzuyf3aljj42n2yytjm","validator_address":"frontvaloper1j0hune68qk3haldxus2hzuyf3aljj42n7tk9mt","pubkey":"frontvalconspub1zcjduepq8qv4mty2hvn4dr570ff93049752esfxfp7vp6pwl248y8d06ra4snhgfn0","value":{"denom":"front","amount":"1000000000000"}}}],"fee":{"amount":[],"gas":"200000"},"signatures":[{"pub_key":{"type":"tendermint/PubKeySecp256k1","value":"AxL0RH5ikKKISkheG5VWH5Y7T0Qn3i71V1RnEFs5V0fh"},"signature":"XhNBFafO5TZ3UEDao9xZgd/iUtMmqYtzaHzn42owpus+IF0CVep/dH+tM3xHqL34UvonlR2wNHz+xoGxdQ/mfQ=="}],"memo":"0352edc2bc05d1085d4454e85a3171dce8ce3301@172.22.0.6:26656"}}
