{"type":"cosmos-sdk/StdTx","value":{"msg":[{"type":"cosmos-sdk/MsgCreateValidator","value":{"description":{"moniker":"a7373","identity":"","website":"","security_contact":"","details":""},"commission":{"rate":"0.100000000000000000","max_rate":"0.200000000000000000","max_change_rate":"0.010000000000000000"},"min_self_delegation":"1","delegator_address":"front1zeq9x5nuddr6efvyv9cz9mcqhfdf973zgtyveg","validator_address":"frontvaloper1zeq9x5nuddr6efvyv9cz9mcqhfdf973zuykzsc","pubkey":"frontvalconspub1zcjduepql6muyep536mqdru6uhcs8q8vtwufps2hrcf9pmzyfrj5s8uuaymqtq7yjv","value":{"denom":"front","amount":"1000000000000"}}}],"fee":{"amount":[],"gas":"200000"},"signatures":[{"pub_key":{"type":"tendermint/PubKeySecp256k1","value":"Aome6X0M01GHnc5RIlZwFSKO1u4XgGTHmZYGXqQK6JHa"},"signature":"Np9iXFhVsLGHjOL0adUsnoIIe4wKNZQcjK87H5jL8woGt7P7F91xULOnuhA07A4yd4684BuidMHqXP+bD3Tvpg=="}],"memo":"55c4f6be7d5b792ddd725e9c40cf0c9cda5dd583@10.128.0.6:26656"}}
