{"type":"cosmos-sdk/StdTx","value":{"msg":[{"type":"cosmos-sdk/MsgCreateValidator","value":{"description":{"moniker":"Mihalich","identity":"","website":"","security_contact":"","details":""},"commission":{"rate":"0.100000000000000000","max_rate":"0.200000000000000000","max_change_rate":"0.010000000000000000"},"min_self_delegation":"1","delegator_address":"front1m6d0jyru7grpp02phlje6kv52pg02ljz79mj8w","validator_address":"frontvaloper1m6d0jyru7grpp02phlje6kv52pg02ljz22fuw7","pubkey":"frontvalconspub1zcjduepqpja5g3x60hsduqezygup37jnxtaxt0jnvsc6rxsajdkdrec7hmtqhetc74","value":{"denom":"front","amount":"1000000000000"}}}],"fee":{"amount":[],"gas":"200000"},"signatures":[{"pub_key":{"type":"tendermint/PubKeySecp256k1","value":"A2UtuJnz+d7vG/uQVPlWW3cY+fWt3tqpytz/uEaXf2+u"},"signature":"lH9jdy7ERrD78ctZpq5Q8ufH+QPyIEh7vOm93zP4Pl5Nyz+8u2+jhvU18R6mrP+zzMcax/tqVSIq1XnwSt2VEw=="}],"memo":"37ebdf8293e192ce2c8f243e69fcda227791e175@94.103.91.162:26656"}}
