{"type":"cosmos-sdk/StdTx","value":{"msg":[{"type":"cosmos-sdk/MsgCreateValidator","value":{"description":{"moniker":"my_node","identity":"","website":"","security_contact":"","details":""},"commission":{"rate":"0.100000000000000000","max_rate":"0.200000000000000000","max_change_rate":"0.010000000000000000"},"min_self_delegation":"1","delegator_address":"front1jf0v6r3c6nf6xpy42mww0lqcpx73f423hzrnzd","validator_address":"frontvaloper1jf0v6r3c6nf6xpy42mww0lqcpx73f423rd3ata","pubkey":"frontvalconspub1zcjduepqzxk929wcwwz2ufvcxyw4u277j347hdm95j2cvddafwhahfuaslyqn87x0u","value":{"denom":"front","amount":"1000000000000"}}}],"fee":{"amount":[],"gas":"200000"},"signatures":[{"pub_key":{"type":"tendermint/PubKeySecp256k1","value":"Ay5EFDmFv3gfWrZOlWmlyynpaLZL3GEyS5Q2zTI14O+B"},"signature":"lhaJJ/GcEFQ0dHDIxMHVWXytQ5Ryct6niH88XzeZOZh8Jt+1y2M7YqieuGdlESyr2nYBtUa6gsL2JFhFsRqatA=="}],"memo":"40b9c4af3f257bf7f3c1339e96dd86121403e557@209.250.240.15:26656"}}
