{"type":"cosmos-sdk/StdTx","value":{"msg":[{"type":"cosmos-sdk/MsgCreateValidator","value":{"description":{"moniker":"rudik","identity":"","website":"","security_contact":"","details":""},"commission":{"rate":"0.100000000000000000","max_rate":"0.200000000000000000","max_change_rate":"0.010000000000000000"},"min_self_delegation":"1","delegator_address":"front1j47aadvachmcry74aet9457ty7g3rj6r6aws74","validator_address":"frontvaloper1j47aadvachmcry74aet9457ty7g3rj6rwju7h9","pubkey":"frontvalconspub1zcjduepq2yy07c7u7dtvgys2qk5003z4jlxcrt669a59pc6cql5yq0pkvycq5mlr69","value":{"denom":"front","amount":"1000000000000"}}}],"fee":{"amount":[],"gas":"200000"},"signatures":[{"pub_key":{"type":"tendermint/PubKeySecp256k1","value":"Ay78f1WMKd+tN95A+LpjtbrGfrU+nIYRQE97xiAy3RRX"},"signature":"5nobisWuFpc50mFG/hHpDZ0bZJzKch/5SCGkwcFDRt9DIDmsLRdM3CfobJyHEMBy0Ykt8EeFiLcCKmFtEG+1aA=="}],"memo":"3a559d8d4f79b6fb79579bd7408cd848ecdde54a@136.244.94.194:26656"}}
