{"type":"cosmos-sdk/StdTx","value":{"msg":[{"type":"cosmos-sdk/MsgCreateValidator","value":{"description":{"moniker":"my_node","identity":"","website":"","security_contact":"","details":""},"commission":{"rate":"0.100000000000000000","max_rate":"0.200000000000000000","max_change_rate":"0.010000000000000000"},"min_self_delegation":"1","delegator_address":"front1374n9plvzfm9d26n3e64xxluknl6krm26mxz4l","validator_address":"frontvaloper1374n9plvzfm9d26n3e64xxluknl6krm2w55vu0","pubkey":"frontvalconspub1zcjduepqszcwlt9v7f957hx64t3q7vdexz3g46h75er90cax4ke4yrxlj2zstxl7qn","value":{"denom":"front","amount":"1000000000000"}}}],"fee":{"amount":[],"gas":"200000"},"signatures":[{"pub_key":{"type":"tendermint/PubKeySecp256k1","value":"AyAqmR0KaeKuw6Xf07cQJEh8Q/QfRD8DhUsIPWGx95Ho"},"signature":"gCEdPHZyv66BUd2nsXz7DTtPlk0bqONf3GQNPkLT8gpuqfRta7jtl1CkIxd+Pugp0sd3m18GvJb15GCqFvfMjA=="}],"memo":"086ef0e4993d621e75a62505bf26f0393a13af6b@204.13.155.184:26656"}}
