{"type":"cosmos-sdk/StdTx","value":{"msg":[{"type":"cosmos-sdk/MsgCreateValidator","value":{"description":{"moniker":"buzz","identity":"","website":"","security_contact":"","details":""},"commission":{"rate":"0.100000000000000000","max_rate":"0.200000000000000000","max_change_rate":"0.010000000000000000"},"min_self_delegation":"1","delegator_address":"front1y6fsnulpmvc26527pfhr7kw6k9a58h0xscxm3w","validator_address":"frontvaloper1y6fsnulpmvc26527pfhr7kw6k9a58h0xyh54c7","pubkey":"frontvalconspub1zcjduepqzja5ektx6gscrr2nkp2au67ycdcu2r9w4frvpp0fvgwt0pk03hss3pmnlp","value":{"denom":"front","amount":"1000000000000"}}}],"fee":{"amount":[],"gas":"200000"},"signatures":[{"pub_key":{"type":"tendermint/PubKeySecp256k1","value":"Ai6rUptrrCHRK69qdGqj/pAOZdOp8D4vYesSstWEnY+q"},"signature":"+/QaSoNaVlGJ3k6NcP2tioLeK4BEq4pQ5SDACrYs67IwiHuoB3XvbdYRPWa2Jd7bCxiDAQi5jos0S5CFhAXu1Q=="}],"memo":"3a762cb8fa64f3950c1b3d75f68ce5e00c2b5d39@207.180.254.170:26656"}}
