{"type":"cosmos-sdk/StdTx","value":{"msg":[{"type":"cosmos-sdk/MsgCreateValidator","value":{"description":{"moniker":"nopoxoBHuk","identity":"","website":"","security_contact":"","details":""},"commission":{"rate":"0.100000000000000000","max_rate":"0.200000000000000000","max_change_rate":"0.010000000000000000"},"min_self_delegation":"1","delegator_address":"front1kvsj3m0adp0apfeq8wvj843pvawqjm4fuydlhn","validator_address":"frontvaloper1kvsj3m0adp0apfeq8wvj843pvawqjm4fgtl37r","pubkey":"frontvalconspub1zcjduepq8k9lqfjgp24zkhk400rqw07snz5ayn7jlk4qeue48r64qpv9u8us8arwgg","value":{"denom":"front","amount":"1000000000000"}}}],"fee":{"amount":[],"gas":"200000"},"signatures":[{"pub_key":{"type":"tendermint/PubKeySecp256k1","value":"A0Pio1G5GES/9h6SG6oMhJWjcF8QHDddZzMrpsc7HSTT"},"signature":"shyP4mR8zXDO0ic73qYg/sNF2/+18Q1A3SNQuLkRn8cZRwkUoPMA4xkEQsuYvwOf4RWTAx0V1BbUqksL4l817w=="}],"memo":"20626e29c1e63ebbef0e6aa839baaabd1e67e7d8@157.90.163.78:26656"}}
