{"type":"cosmos-sdk/StdTx","value":{"msg":[{"type":"cosmos-sdk/MsgCreateValidator","value":{"description":{"moniker":"my_node","identity":"","website":"","security_contact":"","details":""},"commission":{"rate":"0.100000000000000000","max_rate":"0.200000000000000000","max_change_rate":"0.010000000000000000"},"min_self_delegation":"1","delegator_address":"front1m3pf894wnd00umagx6gul9nqm30n7963luel28","validator_address":"frontvaloper1m3pf894wnd00umagx6gul9nqm30n7963tnt3rh","pubkey":"frontvalconspub1zcjduepqtlmectg2khpmhk6gg0dmdezujxx4w6tdgxf2lh6f75wkzfvgzgfqn6rvgd","value":{"denom":"front","amount":"1000000000000"}}}],"fee":{"amount":[],"gas":"200000"},"signatures":[{"pub_key":{"type":"tendermint/PubKeySecp256k1","value":"AtUZ2PbCFhMnOeFr65gCBzN/1Uw3usmSS/VaAqjanmoQ"},"signature":"u1N5C83v/ERzNwRqwWfAdq5m4yudmfkSDjnOOUidpVVs4T2Qy4XRZ8RWVe4rRtk+WSGOe64BDb+QRD5iVdbvZQ=="}],"memo":"5609b2ff603672fbb5b9a1594b32929489428f6d@149.28.78.110:26656"}}
