{"type":"cosmos-sdk/StdTx","value":{"msg":[{"type":"cosmos-sdk/MsgCreateValidator","value":{"description":{"moniker":"my_node","identity":"","website":"","security_contact":"","details":""},"commission":{"rate":"0.100000000000000000","max_rate":"0.200000000000000000","max_change_rate":"0.010000000000000000"},"min_self_delegation":"1","delegator_address":"front1txhd9smhga70ecps7fwru7rcqwd6ud344vdkmn","validator_address":"frontvaloper1txhd9smhga70ecps7fwru7rcqwd6ud34prlcjr","pubkey":"frontvalconspub1zcjduepqu7wemwdchflu74fn5e598usa4d97k3ldy3gxdzzfhdyeqapkfjcqk789w6","value":{"denom":"front","amount":"1000000000000"}}}],"fee":{"amount":[],"gas":"200000"},"signatures":[{"pub_key":{"type":"tendermint/PubKeySecp256k1","value":"AmaMc6m0bt8Zdk0f2lGguES3CIZBk05pC+OYEBnyUE43"},"signature":"C6rjYBGvZkOqv05S+HfB2udrKwYVFq/CaNIkV7bcDkAbvqRkEex6rOHyyKcnWFDEzOsN8lMgI760Q5V4rIk+qA=="}],"memo":"1eee9ad07ba07a39f8a298f9986e31fc5c8dd52c@92.38.160.49:26656"}}
