{"type":"cosmos-sdk/StdTx","value":{"msg":[{"type":"cosmos-sdk/MsgCreateValidator","value":{"description":{"moniker":"my_node","identity":"","website":"","security_contact":"","details":""},"commission":{"rate":"0.100000000000000000","max_rate":"0.200000000000000000","max_change_rate":"0.010000000000000000"},"min_self_delegation":"1","delegator_address":"front1g0epqucwauz0elkefhayvzdmtmuctzdnje3hml","validator_address":"frontvaloper1g0epqucwauz0elkefhayvzdmtmuctzdnxkrej0","pubkey":"frontvalconspub1zcjduepqxgfluq4jvm0q4k8mu7psht8y7ug56m6vv9xmrayq7cgcqud90vfstppr5g","value":{"denom":"front","amount":"1000000000000"}}}],"fee":{"amount":[],"gas":"200000"},"signatures":[{"pub_key":{"type":"tendermint/PubKeySecp256k1","value":"AxhtipAiCCbvtrFz4eT0Z/xf2e2SJMKrqyiOL/kIdsIh"},"signature":"VrMJBvv4j6NtcrXAgYLOStxDRs2AjP/uAREowxGQuf4ec1g3OG7vSua96/5vxDT5nVYWvycNCYg63MDwcuD/Cg=="}],"memo":"4cf1ba6ef4730c84ae5625a5057c9725f02d7338@10.64.166.71:26656"}}
