{"type":"cosmos-sdk/StdTx","value":{"msg":[{"type":"cosmos-sdk/MsgCreateValidator","value":{"description":{"moniker":"NODERUNNER","identity":"","website":"","security_contact":"","details":""},"commission":{"rate":"0.100000000000000000","max_rate":"0.200000000000000000","max_change_rate":"0.010000000000000000"},"min_self_delegation":"1","delegator_address":"front136kfmfgfpqg32re095nmc6mp2z52389k3ua2wx","validator_address":"frontvaloper136kfmfgfpqg32re095nmc6mp2z52389k9n0y8k","pubkey":"frontvalconspub1zcjduepqkjr9yazpw53y7upzzjmm7yjs3udlc9mhhzt476qqmf6unmwzlfsqzfrh2f","value":{"denom":"front","amount":"1000000000000"}}}],"fee":{"amount":[],"gas":"200000"},"signatures":[{"pub_key":{"type":"tendermint/PubKeySecp256k1","value":"ApcQujamhAEinVxkN6aa7H3Zp7sBRH1MCBhd8TfsiNpC"},"signature":"rdYpOdK+4JVb4g/mC9kRFFvDPzn5p4aYKE84lp6oxCcHth6QDIv53OPXyw0ENb9iZhTCw22Eq1oTl0pS9wFVUg=="}],"memo":"1e6ee443683e632e323477ecd08d72bc366bce61@95.217.131.32:26656"}}
