{"type":"cosmos-sdk/StdTx","value":{"msg":[{"type":"cosmos-sdk/MsgCreateValidator","value":{"description":{"moniker":"Vfrontir","identity":"","website":"","security_contact":"","details":""},"commission":{"rate":"0.100000000000000000","max_rate":"0.200000000000000000","max_change_rate":"0.010000000000000000"},"min_self_delegation":"1","delegator_address":"front12y9039ll0d75dm5jsjh98fn7eusx62q8cqqhln","validator_address":"frontvaloper12y9039ll0d75dm5jsjh98fn7eusx62q8v0jekr","pubkey":"frontvalconspub1zcjduepqssv9mp2t87erpwmn6fqmapxuyrl03dwxx0ggnux533uxx9kus58qxgffxn","value":{"denom":"front","amount":"1000000000000"}}}],"fee":{"amount":[],"gas":"200000"},"signatures":[{"pub_key":{"type":"tendermint/PubKeySecp256k1","value":"AmW47ANO67IeWm4qIrvVhLkGOS4uWdr4p1btWgHtgE+D"},"signature":"z6Hnz7//nXri2wz4pXMWwCGRhLeDQg4girF3ahAPHKZ0cDUpgxfUcUEBeS+CICbOY1vlSUJJl7RhSBF42opcKg=="}],"memo":"09ff3d1741b6818c8438b278bad77fa0d047c34f@192.168.0.105:26656"}}
