{"type":"cosmos-sdk/StdTx","value":{"msg":[{"type":"cosmos-sdk/MsgCreateValidator","value":{"description":{"moniker":"slaveicobtc","identity":"","website":"","security_contact":"","details":""},"commission":{"rate":"0.100000000000000000","max_rate":"0.200000000000000000","max_change_rate":"0.010000000000000000"},"min_self_delegation":"1","delegator_address":"front1f259zn420kr8e7jgaz5tj2kyca637l8glwmrq3","validator_address":"frontvaloper1f259zn420kr8e7jgaz5tj2kyca637l8gtpfdfp","pubkey":"frontvalconspub1zcjduepqunwn4jrk8ttezthuz3a2hh8t2qkshn9zz7uwruj6twlhyfuc6teqwnvn8u","value":{"denom":"front","amount":"1000000000000"}}}],"fee":{"amount":[],"gas":"200000"},"signatures":[{"pub_key":{"type":"tendermint/PubKeySecp256k1","value":"ArLK7eOcZ/LifZZZSRerqoiz4AjHX7AqL9ORt65TUxDN"},"signature":"gCxNwgKdO2psvVosFDggcmcy6UfvVSLnmaEshgJLTqULL2bzp6qIXE4IfrYRb0KKKz7wjbjmg1qaKbl8Uv8dSQ=="}],"memo":"0158781f418d9132dd6daf072fc480360e78d39c@178.20.43.103:26656"}}
