{"type":"cosmos-sdk/StdTx","value":{"msg":[{"type":"cosmos-sdk/MsgCreateValidator","value":{"description":{"moniker":"suzumiya2014","identity":"","website":"","security_contact":"","details":""},"commission":{"rate":"0.100000000000000000","max_rate":"0.200000000000000000","max_change_rate":"0.010000000000000000"},"min_self_delegation":"1","delegator_address":"front18j3yfawymlxe8k259ly3w0r5advky8aqdmeqp4","validator_address":"frontvaloper18j3yfawymlxe8k259ly3w0r5advky8aqe5twg9","pubkey":"frontvalconspub1zcjduepqdyk0jeh5jhhwzyn8z4mq3q7nc4mfzy5sglhe8smys4m7vecnqhgq0vamsq","value":{"denom":"front","amount":"1000000000000"}}}],"fee":{"amount":[],"gas":"200000"},"signatures":[{"pub_key":{"type":"tendermint/PubKeySecp256k1","value":"AiQhM68aybjcfxoiXaN4gmBYj+BlDaNO00pGsxGUxUyq"},"signature":"LprIXWjvgwVwB9kX/T0RTSV2yPInH8yqPK2sXNaI0KMsYoEAUCibSL3R9r5Bnu/GbbtuebaTfyouOXGbma+OVQ=="}],"memo":"44a37f6cffcb992ea54c647f28da632288c6a747@10.170.0.8:26656"}}
