{"type":"cosmos-sdk/StdTx","value":{"msg":[{"type":"cosmos-sdk/MsgCreateValidator","value":{"description":{"moniker":"CryptoTheVs","identity":"","website":"","security_contact":"","details":""},"commission":{"rate":"0.100000000000000000","max_rate":"0.200000000000000000","max_change_rate":"0.010000000000000000"},"min_self_delegation":"1","delegator_address":"front1a28ptgk5ekrpchf6rpm8kzt8827fslgv92z7fl","validator_address":"frontvaloper1a28ptgk5ekrpchf6rpm8kzt8827fslgv39ssq0","pubkey":"frontvalconspub1zcjduepqxz6yl8p549k2yddd0xvm3qw4r9hnwpgzpg2rkv8a5lx24jlu08sqyjhwrc","value":{"denom":"front","amount":"1000000000000"}}}],"fee":{"amount":[],"gas":"200000"},"signatures":[{"pub_key":{"type":"tendermint/PubKeySecp256k1","value":"AtqEEJBI8ChyhrcOuXcYezxLMmH3+ujudILtmDIygmX7"},"signature":"yQUehPtEeD5Iee6DaLorn87vBAND3k9QjHARzeNxS0Z6bf+luY/2hblbeLVzoI+xNbMDsYPPM7R2LuZ88iSZwA=="}],"memo":"4f8d8d59bcfcc467ec80774ab4b4087b19f13d78@178.128.206.0:26656"}}
