{"type":"cosmos-sdk/StdTx","value":{"msg":[{"type":"cosmos-sdk/MsgCreateValidator","value":{"description":{"moniker":"forester","identity":"","website":"","security_contact":"","details":""},"commission":{"rate":"0.100000000000000000","max_rate":"0.200000000000000000","max_change_rate":"0.010000000000000000"},"min_self_delegation":"1","delegator_address":"front178nx8rn6jkjpys6yqpznd2tns8l9fve82d7f5k","validator_address":"frontvaloper178nx8rn6jkjpys6yqpznd2tns8l9fve87zv8ax","pubkey":"frontvalconspub1zcjduepq0shz6ar3544cgasx2r74sk8fjvtcq24a3rwmptadenaltkvy9drq94naqa","value":{"denom":"front","amount":"1000000000000"}}}],"fee":{"amount":[],"gas":"200000"},"signatures":[{"pub_key":{"type":"tendermint/PubKeySecp256k1","value":"A/Vtyzc2qW670nILU6j9RyIzFgPj9UkDxyMCE5kDx+iz"},"signature":"fnc8UToiqdY2hYR1LM7tgDGVukIlhyEOslmdvea1cMxumNzf7XMRBABHXh9KIO9bcdwBNOECRKDfaFbGsc7COQ=="}],"memo":"02485c59fc9c08f1a9f7ea1ac8eaee9a27290543@10.128.0.7:26656"}}
