{"type":"cosmos-sdk/StdTx","value":{"msg":[{"type":"cosmos-sdk/MsgCreateValidator","value":{"description":{"moniker":"vivens","identity":"","website":"","security_contact":"","details":""},"commission":{"rate":"0.100000000000000000","max_rate":"0.200000000000000000","max_change_rate":"0.010000000000000000"},"min_self_delegation":"1","delegator_address":"front137p6m5muq7eqg4chw0gmxr3m5sec0z8q87rjtt","validator_address":"frontvaloper137p6m5muq7eqg4chw0gmxr3m5sec0z8qn33uzm","pubkey":"frontvalconspub1zcjduepqnsjjde5jyza8hrw57qqenvtzjz5urursn8yn8gdthnucday6zgeq5nh7sh","value":{"denom":"front","amount":"1000000000000"}}}],"fee":{"amount":[],"gas":"200000"},"signatures":[{"pub_key":{"type":"tendermint/PubKeySecp256k1","value":"AkghR2dcnm0aH8TNkqxayE4g1+tm/0CMwuDfteSB8VBN"},"signature":"//wBiWAht0abULyWA9kv4BNfroWg8Jcdu3lGR11WAbwtyQBJYurDOWbVeJvGTOyDAiInrnDr/y4LrmZSU07JFQ=="}],"memo":"2afa1cb64019905b49a46d343e11edf3b5dff71f@10.140.0.2:26656"}}
