{"type":"cosmos-sdk/StdTx","value":{"msg":[{"type":"cosmos-sdk/MsgCreateValidator","value":{"description":{"moniker":"my_node","identity":"","website":"","security_contact":"","details":""},"commission":{"rate":"0.100000000000000000","max_rate":"0.200000000000000000","max_change_rate":"0.010000000000000000"},"min_self_delegation":"1","delegator_address":"front1dqhp4k5eu89nkqrj4a94k3ktmr7efxyft0zpcp","validator_address":"frontvaloper1dqhp4k5eu89nkqrj4a94k3ktmr7efxyflqs033","pubkey":"frontvalconspub1zcjduepqvwdhw9yglkga7nz62ssy0fgskp9tccjt4ncnxmacphrnxxsngt3sm2ty0m","value":{"denom":"front","amount":"1000000000000"}}}],"fee":{"amount":[],"gas":"200000"},"signatures":[{"pub_key":{"type":"tendermint/PubKeySecp256k1","value":"Ah6eoQ87KLb9arCw9cYLIi5sYhQMc3L8HG2ZRRZw3BK4"},"signature":"LS7JZGF+RXk1wTe5dwB0cG7VdOf115XgCUU+PLmNZVBdJOko1wTad0C1LtNTReHYL2oKtb9Cvb32yQUrIs71kg=="}],"memo":"4c7f423739b43606412ce73604bfa86603be94c5@172.18.0.1:26656"}}
