{"type":"cosmos-sdk/StdTx","value":{"msg":[{"type":"cosmos-sdk/MsgCreateValidator","value":{"description":{"moniker":"qklzmt","identity":"","website":"","security_contact":"","details":""},"commission":{"rate":"0.100000000000000000","max_rate":"0.200000000000000000","max_change_rate":"0.010000000000000000"},"min_self_delegation":"1","delegator_address":"front1whz3723ygsdxnyu46py6kl2y2et2u4c8vlcphc","validator_address":"frontvaloper1whz3723ygsdxnyu46py6kl2y2et2u4c8cs207g","pubkey":"frontvalconspub1zcjduepq35zj77daryf7tylnxx8nslwl9qwcjyzrek5ztsuh2y5fm26dm69qtsv8hh","value":{"denom":"front","amount":"1000000000000"}}}],"fee":{"amount":[],"gas":"200000"},"signatures":[{"pub_key":{"type":"tendermint/PubKeySecp256k1","value":"A98bned8C+XYydj8g5JH7Kz3y/fLnVmRb0LLJQ+5cFb9"},"signature":"796LJ3T7CRu4+0i2BCCPTnPqTXw8/4vqymw73YmPRTlQOxCib3hSNg8SY1wsFG7RsZt+t8TE+B+rgZOqeR+r8w=="}],"memo":"088cb7edff391121293e623556a33d778019e4c9@192.168.1.95:26656"}}
