{"type":"cosmos-sdk/StdTx","value":{"msg":[{"type":"cosmos-sdk/MsgCreateValidator","value":{"description":{"moniker":"my_node","identity":"","website":"","security_contact":"","details":""},"commission":{"rate":"0.100000000000000000","max_rate":"0.200000000000000000","max_change_rate":"0.010000000000000000"},"min_self_delegation":"1","delegator_address":"front1rch6dp5y3rg584plc9krrvmgaccyfuxng0776z","validator_address":"frontvaloper1rch6dp5y3rg584plc9krrvmgaccyfuxnuqvsnj","pubkey":"frontvalconspub1zcjduepqch4e2k6g27ujg3m8a38rtrhzdsl2qyeujan8wu68xlwphrsaenws2uy24g","value":{"denom":"front","amount":"1000000000000"}}}],"fee":{"amount":[],"gas":"200000"},"signatures":[{"pub_key":{"type":"tendermint/PubKeySecp256k1","value":"A33/QI3HjGAg5OWWb2GLROqVq+nEnIoN5P9khjbiuYgY"},"signature":"eIHrKClnHrEA+OC8JdP2Y98eZafQLeTtGIwxLOeVu3FkVwSPQr/EVezkTt5qMrQvCAaAqO1lbcIVY5SuOB3MAg=="}],"memo":"112c26756e712fa205a5e0e13905cebcec822f25@149.28.78.110:26656"}}
