{"type":"cosmos-sdk/StdTx","value":{"msg":[{"type":"cosmos-sdk/MsgCreateValidator","value":{"description":{"moniker":"my_node","identity":"","website":"","security_contact":"","details":""},"commission":{"rate":"0.100000000000000000","max_rate":"0.200000000000000000","max_change_rate":"0.010000000000000000"},"min_self_delegation":"1","delegator_address":"front1ruh7fq2lpekqql5pus2e8skznchy22xt2xsy9z","validator_address":"frontvaloper1ruh7fq2lpekqql5pus2e8skznchy22xt7fz2vj","pubkey":"frontvalconspub1zcjduepqhmg6g8sk2vwkkl99jjmkeqnyfn7chackfnuf92kd7ctvrvzt78vspdpf52","value":{"denom":"front","amount":"1000000000000"}}}],"fee":{"amount":[],"gas":"200000"},"signatures":[{"pub_key":{"type":"tendermint/PubKeySecp256k1","value":"AoSVSpLJSMjhK7HJp3QKbAbcztJziF0vpsHq2p6D/ETb"},"signature":"YBktfr+oWh6uaWiuDXnnEX4r0L2CdSbGm5hqUH5brFIzlOf5k0vFhSWJIDv3kuXMhObAbtjxK63JwlrC2qBbxA=="}],"memo":"0417ae57403b4400030181aa04d8c7567e0a54e2@8.9.11.114:26656"}}
