{"type":"cosmos-sdk/StdTx","value":{"msg":[{"type":"cosmos-sdk/MsgCreateValidator","value":{"description":{"moniker":"my_node","identity":"","website":"","security_contact":"","details":""},"commission":{"rate":"0.100000000000000000","max_rate":"0.200000000000000000","max_change_rate":"0.010000000000000000"},"min_self_delegation":"1","delegator_address":"front1f50mjhnkk0lnht8carp9f2xtthpfawp3vnqvns","validator_address":"frontvaloper1f50mjhnkk0lnht8carp9f2xtthpfawp3cujz6q","pubkey":"frontvalconspub1zcjduepq665sf0e0j5tej7yq0av550xnf3afrljhyhhrg568v5y2wxqhuseqz6cg4e","value":{"denom":"front","amount":"1000000000000"}}}],"fee":{"amount":[],"gas":"200000"},"signatures":[{"pub_key":{"type":"tendermint/PubKeySecp256k1","value":"A7M/GL7sMqfld73cDFnqBjDKJGErV5OWXZ+bwaa4JL+V"},"signature":"Cm6gwzcjHpMFJhWz5OQAuLkRZUVqM8Y1LlAjD+JmUOAqfuSkapfi7qXufNIMoOb8SuKVmTW9hvGjMBgr9Zub/g=="}],"memo":"1b36781957c40d11c14dfcadf6cac3d22f1ba3b8@149.28.78.110:26656"}}
