{"type":"cosmos-sdk/StdTx","value":{"msg":[{"type":"cosmos-sdk/MsgCreateValidator","value":{"description":{"moniker":"my_node","identity":"","website":"","security_contact":"","details":""},"commission":{"rate":"0.100000000000000000","max_rate":"0.200000000000000000","max_change_rate":"0.010000000000000000"},"min_self_delegation":"1","delegator_address":"front1qmkp54mcf9wtf9wkuw8xvm3mtlmykvsvzz0sua","validator_address":"frontvaloper1qmkp54mcf9wtf9wkuw8xvm3mtlmykvsvkda74d","pubkey":"frontvalconspub1zcjduepq7unj7xzff9v5l0w9qr92zztjdr6f7ddsql3t4ns2den0rameckdqaxkt6n","value":{"denom":"front","amount":"1000000000000"}}}],"fee":{"amount":[],"gas":"200000"},"signatures":[{"pub_key":{"type":"tendermint/PubKeySecp256k1","value":"AzGNzGxD+AwetvFec9/TW/hfwYYR4glfesYDTpUFFif3"},"signature":"MmIr0wbD7xVLtt1y8Dq3gSfLNf0kMqGflyqfRxS8NQ5FJoPl82M+D+vU9TDkc1bC4D0li+vl763s3vjMJphVnA=="}],"memo":"26362f50638cc748328ffc0b06482c5f4e373250@161.35.214.251:26656"}}
