{"type":"cosmos-sdk/StdTx","value":{"msg":[{"type":"cosmos-sdk/MsgCreateValidator","value":{"description":{"moniker":"VLT018","identity":"","website":"","security_contact":"","details":""},"commission":{"rate":"0.100000000000000000","max_rate":"0.200000000000000000","max_change_rate":"0.010000000000000000"},"min_self_delegation":"1","delegator_address":"front1d5kdgeyckzqkwf0pjw3sa8smxw64xfcp5tetkr","validator_address":"frontvaloper1d5kdgeyckzqkwf0pjw3sa8smxw64xfcpqyt9ln","pubkey":"frontvalconspub1zcjduepqe99amq49r5057l6u6v58kpu426u3gcgzzjqnlltwjjw9lnzpsgwq9sed3l","value":{"denom":"front","amount":"1000000000000"}}}],"fee":{"amount":[],"gas":"200000"},"signatures":[{"pub_key":{"type":"tendermint/PubKeySecp256k1","value":"AwBmtJgSyjcJLR8LsOwAFFPw0822JPw6yl8WRj3Lc2B0"},"signature":"C8pNaX7i+eU1trNKd6M8pmbxmjoz6UJl1IhSzD88YcUXLbf1qElrTWPd+psRwMlAv0we6wDAx9QyiPzA4tcG+w=="}],"memo":"103844a9aa2b6c647b4aeb9ecbc6fd8d59755eb8@46.161.38.84:26656"}}
