{"type":"cosmos-sdk/StdTx","value":{"msg":[{"type":"cosmos-sdk/MsgCreateValidator","value":{"description":{"moniker":"wsm","identity":"","website":"","security_contact":"","details":""},"commission":{"rate":"0.100000000000000000","max_rate":"0.200000000000000000","max_change_rate":"0.010000000000000000"},"min_self_delegation":"1","delegator_address":"front1lw50pdydzu7l3h667a9zdj0hscp7dsrs2nfyfd","validator_address":"frontvaloper1lw50pdydzu7l3h667a9zdj0hscp7dsrs7um2qa","pubkey":"frontvalconspub1zcjduepq584q6tmwg8wltnracjxvy26vly36nmhxd02hr2e3yedrrq09a9rsc9j4gd","value":{"denom":"front","amount":"1000000000000"}}}],"fee":{"amount":[],"gas":"200000"},"signatures":[{"pub_key":{"type":"tendermint/PubKeySecp256k1","value":"AvVRc6yuxN7oojNBjO1JMxyWzt+X/fIXhkbSGaPpUm44"},"signature":"Kgo+sgiEmTNu6gFS+cXIsQAGASEUdIpeGYZF48OU2ERw88YOUnsnUYwBlgUa5OQBM3xt41P7WEza83DDRKju3w=="}],"memo":"06166dcc9949d1db32d4dec4a020833b7bcd3c36@172.17.12.63:26656"}}
