{"type":"cosmos-sdk/StdTx","value":{"msg":[{"type":"cosmos-sdk/MsgCreateValidator","value":{"description":{"moniker":"ruba","identity":"","website":"","security_contact":"","details":""},"commission":{"rate":"0.100000000000000000","max_rate":"0.200000000000000000","max_change_rate":"0.010000000000000000"},"min_self_delegation":"1","delegator_address":"front14pjw3052nq5hflf6xyw3zyqwlcc3c90uw3kvw6","validator_address":"frontvaloper14pjw3052nq5hflf6xyw3zyqwlcc3c90u67yz82","pubkey":"frontvalconspub1zcjduepquyqj2hu5pfuccznqmtcqvku70jjhcm6mpkgft89sc7zrczzsce2syeqhy4","value":{"denom":"front","amount":"1000000000000"}}}],"fee":{"amount":[],"gas":"200000"},"signatures":[{"pub_key":{"type":"tendermint/PubKeySecp256k1","value":"AneBm0q24GCfy2bIJ80ny4NWXs4WUUa6kuWkUgvevHGe"},"signature":"SzRdFsPqByPbbhVoHs+wrFpb62ERRi/vggCiroedYYYmeKv2deK6jiE8VkeCMaFjkmq9EAGo/zZcC/Slk2cmrQ=="}],"memo":"4b101d7487c1ecdbd88f8482dd4aae1be81b271f@136.244.91.224:26656"}}
