{"type":"cosmos-sdk/StdTx","value":{"msg":[{"type":"cosmos-sdk/MsgCreateValidator","value":{"description":{"moniker":"TrendiXX","identity":"","website":"","security_contact":"","details":""},"commission":{"rate":"0.100000000000000000","max_rate":"0.200000000000000000","max_change_rate":"0.010000000000000000"},"min_self_delegation":"1","delegator_address":"front1hc5wcjc2qvh5zer09l0kftqefhdakcdjjz4x44","validator_address":"frontvaloper1hc5wcjc2qvh5zer09l0kftqefhdakcdjxd8gu9","pubkey":"frontvalconspub1zcjduepq49rr2g5z3ezyvtu43qhw02rlgt6j6phlg0qh6j4uvpm0t52utufq8d23z2","value":{"denom":"front","amount":"1000000000000"}}}],"fee":{"amount":[],"gas":"200000"},"signatures":[{"pub_key":{"type":"tendermint/PubKeySecp256k1","value":"AjVX+sOZiRwN4K4eJrJDTDiAyBs1jdXLUOe0ol1Y+qZN"},"signature":"KWVDFeehQMs+i924qnUjFTkxKFL8sXFhnbzVnj3VI6MwpF8lAmZewqHzowBCeNhxXertEw4wpUhSKWnG+opeqg=="}],"memo":"24bfcb7bf950da9c02fe6799158471535748bd0c@62.113.118.202:26656"}}
