{"type":"cosmos-sdk/StdTx","value":{"msg":[{"type":"cosmos-sdk/MsgCreateValidator","value":{"description":{"moniker":"houston2","identity":"","website":"","security_contact":"","details":""},"commission":{"rate":"0.100000000000000000","max_rate":"0.200000000000000000","max_change_rate":"0.010000000000000000"},"min_self_delegation":"1","delegator_address":"front1vpgegqjxg0zghuw4p4qmgm0mf8z06cr3lp7v7e","validator_address":"frontvaloper1vpgegqjxg0zghuw4p4qmgm0mf8z06cr3twvzhf","pubkey":"frontvalconspub1zcjduepqzkvn3mqyrp9vuag2s8nmrma7avh04chxsgzhkezfmthcchgz46csn6wl8p","value":{"denom":"front","amount":"1000000000000"}}}],"fee":{"amount":[],"gas":"200000"},"signatures":[{"pub_key":{"type":"tendermint/PubKeySecp256k1","value":"Ap8URCB+5qdbcjDqcP/TqBR0TlxS/IN3rQdl+hywLWBu"},"signature":"ebsx9bURvJg/I26PrcgYlUcdl/suakAkynhuVOApn5NpnLdHrDlPorDWY1kGFKc7WjT2Ap9D+qpZDNQl8J6/8Q=="}],"memo":"024da6d8c29e04527d4ac9c57992932eeddada36@172.31.16.125:26656"}}
