{"type":"cosmos-sdk/StdTx","value":{"msg":[{"type":"cosmos-sdk/MsgCreateValidator","value":{"description":{"moniker":"FirstFrontierNodes","identity":"","website":"","security_contact":"","details":""},"commission":{"rate":"0.100000000000000000","max_rate":"0.200000000000000000","max_change_rate":"0.010000000000000000"},"min_self_delegation":"1","delegator_address":"front1zn6jhzlfwzatn9zudckvg7km4zdkfymlyes5e3","validator_address":"frontvaloper1zn6jhzlfwzatn9zudckvg7km4zdkfymlskz6sp","pubkey":"frontvalconspub1zcjduepqrr8n2av5pe7fryvja29hxw07206dxjrppmnr0skk50mahpmyqwcsmanxms","value":{"denom":"front","amount":"1000000000000"}}}],"fee":{"amount":[],"gas":"200000"},"signatures":[{"pub_key":{"type":"tendermint/PubKeySecp256k1","value":"A7HCUFf80wqFkpTM+6+hszg651pXUag07uXfokareFnG"},"signature":"j5bH0AqcAMCZY7SAR5euZdzXo6dIlyW1pUo600GKh8RSiaMqs3aare/XLQIO+oKlsyrjVvYF0KmcSS41x4aSAA=="}],"memo":"45dfd75c5d8eb8a1b5a1afd3f7a270a422d09015@185.244.182.42:26656"}}
