{"type":"cosmos-sdk/StdTx","value":{"msg":[{"type":"cosmos-sdk/MsgCreateValidator","value":{"description":{"moniker":"hujiawei2","identity":"","website":"","security_contact":"","details":""},"commission":{"rate":"0.100000000000000000","max_rate":"0.200000000000000000","max_change_rate":"0.010000000000000000"},"min_self_delegation":"1","delegator_address":"front1vsqxw3e2sf8vuecwdy9rp0ynet53q45hqyzkkt","validator_address":"frontvaloper1vsqxw3e2sf8vuecwdy9rp0ynet53q45h5tsclm","pubkey":"frontvalconspub1zcjduepq347qd49y0ksrc2kr9tawrg8h2shsm4veaq28mak7sl6nj2u5yl5sadnwuq","value":{"denom":"front","amount":"1000000000000"}}}],"fee":{"amount":[],"gas":"200000"},"signatures":[{"pub_key":{"type":"tendermint/PubKeySecp256k1","value":"Ak9lTcDI6F9k92u95jKHIbP7RxED2QxRGCDFJLn9iVZx"},"signature":"30nf0AwPJxQyoBL9ps8N8CcqolDP/xmxdDLTzloYDExEv9sLM3koUiHl4bGE5qVSS2OkQqGWx/PCp0yOGEneDA=="}],"memo":"58c8644c7f422bf3e78030ff4cc84aedcfdf6dbe@165.227.114.125:26656"}}
