{"type":"cosmos-sdk/StdTx","value":{"msg":[{"type":"cosmos-sdk/MsgCreateValidator","value":{"description":{"moniker":"heimdall","identity":"","website":"","security_contact":"","details":""},"commission":{"rate":"0.100000000000000000","max_rate":"0.200000000000000000","max_change_rate":"0.010000000000000000"},"min_self_delegation":"1","delegator_address":"front1ccqalpteuj5uk60mpr4ds27k4x2n0jqgp9rrqs","validator_address":"frontvaloper1ccqalpteuj5uk60mpr4ds27k4x2n0jqg423dfq","pubkey":"frontvalconspub1zcjduepqm5rrgt8j0fk9nem9p6aa85pqcwrey03lkl6u9msflvq5tkqkxg8q6m5ewd","value":{"denom":"front","amount":"1000000000000"}}}],"fee":{"amount":[],"gas":"200000"},"signatures":[{"pub_key":{"type":"tendermint/PubKeySecp256k1","value":"Ah2+/ZxpWUsyMX0rPs4LKj2dl/wRnofnWes5/wwYtZMO"},"signature":"4gnPdqKXlljX8z8P+TA0QnOAwsF7mPXO1TR5xYMF6RR+evFJRjkV25+Ttuc31DoBmSOwKWb+TP5PrS3a+C1N5A=="}],"memo":"4237153b41b4fa708e85d3fbf86eecf84ee0b73a@164.90.171.170:26656"}}
