{"type":"cosmos-sdk/StdTx","value":{"msg":[{"type":"cosmos-sdk/MsgCreateValidator","value":{"description":{"moniker":"den_rebenok_21","identity":"","website":"","security_contact":"","details":""},"commission":{"rate":"0.100000000000000000","max_rate":"0.200000000000000000","max_change_rate":"0.010000000000000000"},"min_self_delegation":"1","delegator_address":"front1f37rrackruzjkzttcy29nuh2v7v3hv8j3tyjg3","validator_address":"frontvaloper1f37rrackruzjkzttcy29nuh2v7v3hv8j9ykupp","pubkey":"frontvalconspub1zcjduepqgfju3x2squqyjd7hrx9md60z2na70kyfkulyj444gctpn4m29h6sr0y4ql","value":{"denom":"front","amount":"1000000000000"}}}],"fee":{"amount":[],"gas":"200000"},"signatures":[{"pub_key":{"type":"tendermint/PubKeySecp256k1","value":"A5r02woG1V2lexsVdfYWCsCJ/AbxbPt9JQEvi0f6G8jb"},"signature":"ldjxBkeQHCy7dwee847+t3nDNE2kBqQBkqVum5DtZC5dmNwSQKVpqEfwc2HbNabnX/AAr7gRDsD9/t2zaaHvOw=="}],"memo":"218a894f1e0ad736cd5199cae6235400cf9270bd@134.209.194.154:26656"}}
