{"type":"cosmos-sdk/StdTx","value":{"msg":[{"type":"cosmos-sdk/MsgCreateValidator","value":{"description":{"moniker":"stone","identity":"","website":"","security_contact":"","details":""},"commission":{"rate":"0.100000000000000000","max_rate":"0.200000000000000000","max_change_rate":"0.010000000000000000"},"min_self_delegation":"1","delegator_address":"front1zg38hdqraxj5nhp0jgnr2tcfedylmfeqcwxcs0","validator_address":"frontvaloper1zg38hdqraxj5nhp0jgnr2tcfedylmfeqvp5kel","pubkey":"frontvalconspub1zcjduepqk2f3l6unvxx9zzj8sl5uudrkjtldae4nk3672e9wh955tfpl3naq98jz0w","value":{"denom":"front","amount":"1000000000000"}}}],"fee":{"amount":[],"gas":"200000"},"signatures":[{"pub_key":{"type":"tendermint/PubKeySecp256k1","value":"Aw1wSqkVSjGe1ZnWOM+pkzhoQhUqYj3WMFcljHSc1VBF"},"signature":"1Sl74ybtTGdPPHoWDzNOKb1kR+VTQ2Ccc+TQ2WFszTdaLGNnY1jyXoifmDWuVJiJWQTWmnSYW+r+2J6hq7QHbQ=="}],"memo":"38885aba87ce91e5020a1ccd677177d14eea76b3@178.157.91.6:26656"}}
