{"type":"cosmos-sdk/StdTx","value":{"msg":[{"type":"cosmos-sdk/MsgCreateValidator","value":{"description":{"moniker":"jokernode","identity":"","website":"","security_contact":"","details":""},"commission":{"rate":"0.100000000000000000","max_rate":"0.200000000000000000","max_change_rate":"0.010000000000000000"},"min_self_delegation":"1","delegator_address":"front153paf7xwsygjmyn6m0tcpvvmmx5x26pzn72qmv","validator_address":"frontvaloper153paf7xwsygjmyn6m0tcpvvmmx5x26pz83cwju","pubkey":"frontvalconspub1zcjduepqn4t6rcsjvd709a2arzvh6dsgh7m2wl6ttqs6v8d447nm9xtlhugs33ce7h","value":{"denom":"front","amount":"1000000000000"}}}],"fee":{"amount":[],"gas":"200000"},"signatures":[{"pub_key":{"type":"tendermint/PubKeySecp256k1","value":"AuB10vM7G+7fYTnDhEQnBV6nK2hN8XTGSrZ6HXw5UMd4"},"signature":"2U1GvtRPanuoMlMliTMSYY9h1kJMfN/KWoNYiT2da9Q1XSZzr2mIjJX3/zGmZXccMD0fSncBwp08Yu0ni5spUg=="}],"memo":"4fb732ad6df142841be7c1ced9507db045f29de2@82.146.47.176:26656"}}
