{"type":"cosmos-sdk/StdTx","value":{"msg":[{"type":"cosmos-sdk/MsgCreateValidator","value":{"description":{"moniker":"my_node","identity":"","website":"","security_contact":"","details":""},"commission":{"rate":"0.100000000000000000","max_rate":"0.200000000000000000","max_change_rate":"0.010000000000000000"},"min_self_delegation":"1","delegator_address":"front1y6whvj99kvnpj9j3uvk6qcv9rxxzr5fx7u2n3j","validator_address":"frontvaloper1y6whvj99kvnpj9j3uvk6qcv9rxxzr5fx2ncacz","pubkey":"frontvalconspub1zcjduepqd699kzpgw3jxemtlerp53kfe7yt2d2rnwydqgftsxmjz805xrqlqc7u3sx","value":{"denom":"front","amount":"1000000000000"}}}],"fee":{"amount":[],"gas":"200000"},"signatures":[{"pub_key":{"type":"tendermint/PubKeySecp256k1","value":"AzbaJYiJ3b2Vfh5t8QvWsSQsmLhQGIGk25kNvTeoPq7f"},"signature":"gd23i74KyEBpHO7vHLko4bCJiwpUz94DXvPMIHgDR5o0ua3U7musCxXr5PdEn2S+zaA1cJ9rgpXohZJhQdDhcA=="}],"memo":"5149637c6b8733fd06dc7bbb1567758d28951d4d@142.93.103.63:26656"}}
