{"type":"cosmos-sdk/StdTx","value":{"msg":[{"type":"cosmos-sdk/MsgCreateValidator","value":{"description":{"moniker":"polka","identity":"","website":"","security_contact":"","details":""},"commission":{"rate":"0.100000000000000000","max_rate":"0.200000000000000000","max_change_rate":"0.010000000000000000"},"min_self_delegation":"1","delegator_address":"front13ax0svexnl02a9mfev0vmvavwgfh95905kkpdz","validator_address":"frontvaloper13ax0svexnl02a9mfev0vmvavwgfh9590qey0yj","pubkey":"frontvalconspub1zcjduepqa0qf9awuv83rc8cjc8hqx2q83j9xtczsnwar7qfjkzrys0ar3vpqh39h0z","value":{"denom":"front","amount":"1000000000000"}}}],"fee":{"amount":[],"gas":"200000"},"signatures":[{"pub_key":{"type":"tendermint/PubKeySecp256k1","value":"Au/GU/n+m2WDus6jxAqpYtphXibfcM3KSSJfXCuTAJ+t"},"signature":"mLnm9fepr8r12NXYigpNTEqK4F6l8cjLY/RYn4fU/fRSsb6cGeHe+1b6YBSdbCA5jRqu7drihawIP481YJSudw=="}],"memo":"1ae744c011190fb7a470fc2ff2deefaa47b9dd25@185.231.153.197:26656"}}
