{"type":"cosmos-sdk/StdTx","value":{"msg":[{"type":"cosmos-sdk/MsgCreateValidator","value":{"description":{"moniker":"my_node","identity":"","website":"","security_contact":"","details":""},"commission":{"rate":"0.100000000000000000","max_rate":"0.200000000000000000","max_change_rate":"0.010000000000000000"},"min_self_delegation":"1","delegator_address":"front1pf9lv6a9h9rzyp0t32snwujv3twdzk86h38e2a","validator_address":"frontvaloper1pf9lv6a9h9rzyp0t32snwujv3twdzk86r74hrd","pubkey":"frontvalconspub1zcjduepqpdg6nd5s8l0x7py400s70rcycke2a04l0x93tyatuq9r3x5lp3wsaqdy4a","value":{"denom":"front","amount":"1000000000000"}}}],"fee":{"amount":[],"gas":"200000"},"signatures":[{"pub_key":{"type":"tendermint/PubKeySecp256k1","value":"A8fdofJ96SC/NnTe2O4raqv9RMOk01OSBARCW1towBYk"},"signature":"ENmeCPqKb3pGF4ktKRQRiBswywSlNHCW9feOii9MUwA8lIretWIJaQwMj/H8ZPddgMmZU2+iSLtyqrrnYB48wg=="}],"memo":"05f34dfab9612b5b51510123449385bcc5ed9af3@192.168.31.124:26656"}}
