{"type":"cosmos-sdk/StdTx","value":{"msg":[{"type":"cosmos-sdk/MsgCreateValidator","value":{"description":{"moniker":"lili","identity":"","website":"","security_contact":"","details":""},"commission":{"rate":"0.100000000000000000","max_rate":"0.200000000000000000","max_change_rate":"0.010000000000000000"},"min_self_delegation":"1","delegator_address":"front1kxay07tvaxq5gmjnqjxe93gw4tdtsfyfmrwldp","validator_address":"frontvaloper1kxay07tvaxq5gmjnqjxe93gw4tdtsfyf0vu3y3","pubkey":"frontvalconspub1zcjduepqfw4myasyesvykn6lwzntjrt2hskpdhdh55rpmtgqf7lwrg67q9aquzlacd","value":{"denom":"front","amount":"1000000000000"}}}],"fee":{"amount":[],"gas":"200000"},"signatures":[{"pub_key":{"type":"tendermint/PubKeySecp256k1","value":"AzzWQ8VHiRP5DA9dMzkr9Z6Gq+ML5RvnDlGVeDBjMUny"},"signature":"sUtEqZAXSf+TuXQYVgNQwgKoao4bBo6+/0mAkESGCWgmf5FFl9HBk8724c63Nwl6b5EBJKSnjhZj6uAjIxkDyA=="}],"memo":"4040d7d489cf705096f7edd03ac223de4028917f@172.22.0.9:26656"}}
