{"type":"cosmos-sdk/StdTx","value":{"msg":[{"type":"cosmos-sdk/MsgCreateValidator","value":{"description":{"moniker":"yareq666","identity":"","website":"","security_contact":"","details":""},"commission":{"rate":"0.100000000000000000","max_rate":"0.200000000000000000","max_change_rate":"0.010000000000000000"},"min_self_delegation":"1","delegator_address":"front1hgshq0920hvvnknes2rwsl3clfv76whpmtylaz","validator_address":"frontvaloper1hgshq0920hvvnknes2rwsl3clfv76whp0yk35j","pubkey":"frontvalconspub1zcjduepq9hw9fs5g46e8f0e256jxyz235dj69cjq6xuk5rrdwlzyd96c2smsgtuuvf","value":{"denom":"front","amount":"1000000000000"}}}],"fee":{"amount":[],"gas":"200000"},"signatures":[{"pub_key":{"type":"tendermint/PubKeySecp256k1","value":"AnI0si4x736O83xlAkAHlquPkOzLpJyOKJ9bPJwSPfE6"},"signature":"dhvWz54C4T+dhWDqIWPzbnqsMdlQIzeGwJ/LXkICtz5OtGs9ZW67rR6ZP6BdxeaL6Nje7LXkqVz4khlDmZAKCA=="}],"memo":"32fed95c597186ddbd91f41627e0b3019d2bc53a@138.68.140.130:26656"}}
