{"type":"cosmos-sdk/StdTx","value":{"msg":[{"type":"cosmos-sdk/MsgCreateValidator","value":{"description":{"moniker":"sled12","identity":"","website":"","security_contact":"","details":""},"commission":{"rate":"0.100000000000000000","max_rate":"0.200000000000000000","max_change_rate":"0.010000000000000000"},"min_self_delegation":"1","delegator_address":"front1dqw2uzuxellg82hqa54lv4g89sj0m6alfqt3f3","validator_address":"frontvaloper1dqw2uzuxellg82hqa54lv4g89sj0m6ala0elqp","pubkey":"frontvalconspub1zcjduepqq3tfx0zw7y2fxarjssxv3n59fd9ap89j2me4cqcc09cv632482ash8eppz","value":{"denom":"front","amount":"1000000000000"}}}],"fee":{"amount":[],"gas":"200000"},"signatures":[{"pub_key":{"type":"tendermint/PubKeySecp256k1","value":"AxdIxMPDWIzS0i8kbkPC0Oc8sZWxyzyzAlscTBlwQ3jG"},"signature":"qbOmsTQ8i5jpf7bNMEAazgd5rDlJeIRCYwVSroMz8t53Q4ZxrNQoimmb9pW7m95UGFnSEpPeItbbVXkMclmS1Q=="}],"memo":"1cb9a79c187d7a65e408e5bcf298509c45876920@62.152.59.22:26656"}}
