{"type":"cosmos-sdk/StdTx","value":{"msg":[{"type":"cosmos-sdk/MsgCreateValidator","value":{"description":{"moniker":"40k","identity":"","website":"","security_contact":"","details":""},"commission":{"rate":"0.100000000000000000","max_rate":"0.200000000000000000","max_change_rate":"0.010000000000000000"},"min_self_delegation":"1","delegator_address":"front1c9tehf6uhywhagazs3vy3ep969grsdzy9anxhv","validator_address":"frontvaloper1c9tehf6uhywhagazs3vy3ep969grsdzy3jpg7u","pubkey":"frontvalconspub1zcjduepq4gh56h0hw6skuw0jfgj3e3fghnwrq7h8l20c986kj8d6ext93ngsuc43l8","value":{"denom":"front","amount":"1000000000000"}}}],"fee":{"amount":[],"gas":"200000"},"signatures":[{"pub_key":{"type":"tendermint/PubKeySecp256k1","value":"AxeBu3X/3a5lNAWDGrHyWLYy1g9Id0ffsinHjCiyYpkf"},"signature":"O1APs9FfaqpTKg0aS7A1lu24oc7MJrplSXyBsQE+3QJsVBt5MKFyTxT5cQMRQFPB7/v4WI/2NxIuLOwv/g3x6g=="}],"memo":"80eb55affbb6980b950ad2ce62ab5d5fbc6d098e@178.128.252.35:26656"}}
