{"type":"cosmos-sdk/StdTx","value":{"msg":[{"type":"cosmos-sdk/MsgCreateValidator","value":{"description":{"moniker":"marco","identity":"","website":"","security_contact":"","details":""},"commission":{"rate":"0.100000000000000000","max_rate":"0.200000000000000000","max_change_rate":"0.010000000000000000"},"min_self_delegation":"1","delegator_address":"front15xsqtzh5lv6jp8pyjul0dt7sn8fdx679ck5ks9","validator_address":"frontvaloper15xsqtzh5lv6jp8pyjul0dt7sn8fdx679vexce4","pubkey":"frontvalconspub1zcjduepqcr4nnfc2f8wvuu7mxzzjmcwnlykf28udzfyrjsmwswxz9c2wyv9sqn9p4y","value":{"denom":"front","amount":"1000000000000"}}}],"fee":{"amount":[],"gas":"200000"},"signatures":[{"pub_key":{"type":"tendermint/PubKeySecp256k1","value":"AmT8NJLkA3Oh5HoxjfoULSp3PP2FI/1pT6Oh6nuBW9mi"},"signature":"QorG6RucuHigPq9Cpm53RapRZhCb13cr9T4k73OGQV45Oscq4y04mAAkQzTTF5gqo0Eg6Ld6F+Hl1iAa67Nqtw=="}],"memo":"288586f69ea01879f147b424fba7541bee48e048@75.119.159.108:26656"}}
