{"type":"cosmos-sdk/StdTx","value":{"msg":[{"type":"cosmos-sdk/MsgCreateValidator","value":{"description":{"moniker":"colinka","identity":"","website":"","security_contact":"","details":""},"commission":{"rate":"0.100000000000000000","max_rate":"0.200000000000000000","max_change_rate":"0.010000000000000000"},"min_self_delegation":"1","delegator_address":"front1qhrx0hymjueufcqhqq9perhf85e6w5xurz0nzy","validator_address":"frontvaloper1qhrx0hymjueufcqhqq9perhf85e6w5xuhdaat5","pubkey":"frontvalconspub1zcjduepqkha38vs9k5kqmlnhhttpceac0pxhvr0fja9p9p74l5l7zh86zwks8x9k6c","value":{"denom":"front","amount":"1000000000000"}}}],"fee":{"amount":[],"gas":"200000"},"signatures":[{"pub_key":{"type":"tendermint/PubKeySecp256k1","value":"Av7YptkDGMsGMujQcgKNdOsPiHbaRYUNwO/+9topboW8"},"signature":"4xrp1sWlgMmk4rzbqECAy44QdigIyqFeOS6oWpI1vOYZyUVECbE9zVwZaSEnq0IOTbLq3DkRKMH0zrwpSA08vg=="}],"memo":"4a9be7b2598fafcdd7fb195c78b7dc3a48fe15c9@65.21.58.208:26656"}}
