{"type":"cosmos-sdk/StdTx","value":{"msg":[{"type":"cosmos-sdk/MsgCreateValidator","value":{"description":{"moniker":"jaxdeng02","identity":"","website":"","security_contact":"","details":""},"commission":{"rate":"0.100000000000000000","max_rate":"0.200000000000000000","max_change_rate":"0.010000000000000000"},"min_self_delegation":"1","delegator_address":"front1evwzke9sqaayhqz7z40psq0h980zl9l7eztsta","validator_address":"frontvaloper1evwzke9sqaayhqz7z40psq0h980zl9l7dde7zd","pubkey":"frontvalconspub1zcjduepqs9pzusfs6p3rp387ezdqd5cljhe0yx4l6x24s456wk7yqtuynqkq68juz5","value":{"denom":"front","amount":"1000000000000"}}}],"fee":{"amount":[],"gas":"200000"},"signatures":[{"pub_key":{"type":"tendermint/PubKeySecp256k1","value":"AssCvbLoLJ4IcogEnMgo5cOTSvKrlZN8NMdPHqneK61o"},"signature":"LeIJ5to9lG8IU9NiYOaBCuytFB3EplGf2WlpTT38EZ5X9Df9aaoB+/ypa4R0xpF3x0Rvw/Ds23w21WxYakmkTg=="}],"memo":"0586501644d6e28db8b62dd8cf04a5cc2f31a6eb@45.77.52.198:26656"}}
