{"type":"cosmos-sdk/StdTx","value":{"msg":[{"type":"cosmos-sdk/MsgCreateValidator","value":{"description":{"moniker":"bob","identity":"","website":"","security_contact":"","details":""},"commission":{"rate":"0.100000000000000000","max_rate":"0.200000000000000000","max_change_rate":"0.010000000000000000"},"min_self_delegation":"1","delegator_address":"front1zvwkm7wcwkq2kgkxe223ez3l9pz42u7ms3pxy3","validator_address":"frontvaloper1zvwkm7wcwkq2kgkxe223ez3l9pz42u7my7ngdp","pubkey":"frontvalconspub1zcjduepqnkhz0y0pam7z0ywgw8x6eva52tm6t7qr0k0cguj7d6vcz0lx8dhs0ffqvk","value":{"denom":"front","amount":"1000000000000"}}}],"fee":{"amount":[],"gas":"200000"},"signatures":[{"pub_key":{"type":"tendermint/PubKeySecp256k1","value":"Ax3zW3KJAmYKtEo08qgzCyrz0jEdUlYiLiuCTpS0KMvQ"},"signature":"+9vypeauuRWqs1PBIInB9ruABI4bS+NlY1NB9zEugeMYzRN7P5HRmIXdA1Sk3qZ6e78QZjLx89z5bcSPhTDp4g=="}],"memo":"509957b129e6fab2f023617811d279a19d4eccf0@140.82.32.29:26656"}}
