{"type":"cosmos-sdk/StdTx","value":{"msg":[{"type":"cosmos-sdk/MsgCreateValidator","value":{"description":{"moniker":"Kaca","identity":"","website":"","security_contact":"","details":""},"commission":{"rate":"0.100000000000000000","max_rate":"0.200000000000000000","max_change_rate":"0.010000000000000000"},"min_self_delegation":"1","delegator_address":"front1fu6euw992559de8nc5rhxgqvarw4ywjp5l36wh","validator_address":"frontvaloper1fu6euw992559de8nc5rhxgqvarw4ywjpqsr588","pubkey":"frontvalconspub1zcjduepqtld38cwy7yna8zueuvr2z8t7x2kw8v6uxuw7j3yyleaynxhfk7vqmecu3u","value":{"denom":"front","amount":"1000000000000"}}}],"fee":{"amount":[],"gas":"200000"},"signatures":[{"pub_key":{"type":"tendermint/PubKeySecp256k1","value":"A5AsNW/5zJkFIz8svpUZ3uVPMev96ziFcmuGFGY2skrt"},"signature":"DWJzBYZFyKHiBl5qKwjFzfmj1l1rxSWqMN3KgY/k80h2lCZfXDdZlRMWR23ZxEHl8Fkpcg5dtFwgBy35DlzZ2w=="}],"memo":"37d9435bcf41630b9ea66c30f4fd7d4845963f5d@218.72.121.3:26656"}}
