{"type":"cosmos-sdk/StdTx","value":{"msg":[{"type":"cosmos-sdk/MsgCreateValidator","value":{"description":{"moniker":"drummetic","identity":"","website":"","security_contact":"","details":""},"commission":{"rate":"0.100000000000000000","max_rate":"0.200000000000000000","max_change_rate":"0.010000000000000000"},"min_self_delegation":"1","delegator_address":"front18glzcfd59u37pp95f75xlh9xrfv6feg3rjzqvk","validator_address":"frontvaloper18glzcfd59u37pp95f75xlh9xrfv6feg3hasw9x","pubkey":"frontvalconspub1zcjduepqne4205jys887knwpsa024y244zxkmzecf4esfj8emhcd39xus4sqnpg3kr","value":{"denom":"front","amount":"1000000000000"}}}],"fee":{"amount":[],"gas":"200000"},"signatures":[{"pub_key":{"type":"tendermint/PubKeySecp256k1","value":"AxtddXbTFtd4u7zhdMjoxmMC6WV+gQDkwsaR9xwWS/tA"},"signature":"QJ+LCoBrjdvJjt4ZvE8ipSP0jU9DXV9kx1AX0a6zY19m6mYopHizOxUIzxxgTj6p3sNM2hlhlrGMkp/k6NN1dA=="}],"memo":"50c5e451a89ce9397607fcd079a001bc07515460@138.201.135.79:26656"}}
