{"type":"cosmos-sdk/StdTx","value":{"msg":[{"type":"cosmos-sdk/MsgCreateValidator","value":{"description":{"moniker":"VLT010","identity":"","website":"","security_contact":"","details":""},"commission":{"rate":"0.100000000000000000","max_rate":"0.200000000000000000","max_change_rate":"0.010000000000000000"},"min_self_delegation":"1","delegator_address":"front16gh62uywgyhptxf8pcxgu5yxrhw43ytdeut5fe","validator_address":"frontvaloper16gh62uywgyhptxf8pcxgu5yxrhw43ytddne6qf","pubkey":"frontvalconspub1zcjduepqt7gp23pnjces7yyaeg2xunrfsa9s5ldea0v2p9ldl2kmutm9h80scdq82w","value":{"denom":"front","amount":"1000000000000"}}}],"fee":{"amount":[],"gas":"200000"},"signatures":[{"pub_key":{"type":"tendermint/PubKeySecp256k1","value":"A+Khmpnt9LNb7EU+7OeZk756LBebvohcPFQUxDcLtxgq"},"signature":"3+8vMH3BTkWa1rl2hiK7+Y99UVJHzCXxR4WMEqw+zK5IZFVkqhYKYZHlL485Yiy7Vj8TK1RHbn/kdl+LJ2jGug=="}],"memo":"134d1da363d08bcdc22b542a37cdba2dc50bcc1a@46.161.38.76:26656"}}
