{"type":"cosmos-sdk/StdTx","value":{"msg":[{"type":"cosmos-sdk/MsgCreateValidator","value":{"description":{"moniker":"likuchan517","identity":"","website":"","security_contact":"","details":""},"commission":{"rate":"0.100000000000000000","max_rate":"0.200000000000000000","max_change_rate":"0.010000000000000000"},"min_self_delegation":"1","delegator_address":"front1z5rr870f2z38mmpednalv8nma6tu0043lcdw6x","validator_address":"frontvaloper1z5rr870f2z38mmpednalv8nma6tu0043thlqnk","pubkey":"frontvalconspub1zcjduepqxfav0h6x93c73xnf55vdn9nxth0nweqty0du9833yxafp8metl6sda9n7f","value":{"denom":"front","amount":"1000000000000"}}}],"fee":{"amount":[],"gas":"200000"},"signatures":[{"pub_key":{"type":"tendermint/PubKeySecp256k1","value":"Aon5g8jjWnU/wClbilvo9BjOE/h6/fkXp+I5MVnkWy5F"},"signature":"wvaDmsJ9PeRaCs0OEpOEBP6iy24UMkEbGRbAoR81ZfF6pPUpGIVElGQUqheuoRVn9eXsgGaAV9h5zChMv+n/0Q=="}],"memo":"43608a28e9db4fa318b13bbf900434b22a71344e@172.31.4.185:26656"}}
