{"type":"cosmos-sdk/StdTx","value":{"msg":[{"type":"cosmos-sdk/MsgCreateValidator","value":{"description":{"moniker":"Osoi","identity":"","website":"","security_contact":"","details":""},"commission":{"rate":"0.100000000000000000","max_rate":"0.200000000000000000","max_change_rate":"0.010000000000000000"},"min_self_delegation":"1","delegator_address":"front1t4sf6m7s0j4gjh8avuz4pdm258qa3ek0ql33v2","validator_address":"frontvaloper1t4sf6m7s0j4gjh8avuz4pdm258qa3ek05srl96","pubkey":"frontvalconspub1zcjduepqdjg7c8mx8mhp22g785w3h57lptsuq4x3xykwzw88w58fgmh4we7s3szq0a","value":{"denom":"front","amount":"1000000000000"}}}],"fee":{"amount":[],"gas":"200000"},"signatures":[{"pub_key":{"type":"tendermint/PubKeySecp256k1","value":"A5gDlRP1NaPEMt8OnieidvWg/nqcr5fzUAw4fbmA9xEc"},"signature":"YM3pdxF/KPgwPfVwJCyF4PXITtijzPkUsBWnpHhDvq9GukViOhnqPSb9ynAAd7vjNgr/T40DnDaQy3wr7KSE7w=="}],"memo":"16aca742c39bbbfab2c636b1a092dbfba9a24962@62.171.160.213:26656"}}
