{"type":"cosmos-sdk/StdTx","value":{"msg":[{"type":"cosmos-sdk/MsgCreateValidator","value":{"description":{"moniker":"swasilenko","identity":"","website":"","security_contact":"","details":""},"commission":{"rate":"0.100000000000000000","max_rate":"0.200000000000000000","max_change_rate":"0.010000000000000000"},"min_self_delegation":"1","delegator_address":"front16z06mxeh2dgxj50hukeq4mpa9hlkl0rlcserzs","validator_address":"frontvaloper16z06mxeh2dgxj50hukeq4mpa9hlkl0rlvltdtq","pubkey":"frontvalconspub1zcjduepqva2u5l6askdw7ec375vde4wpf0fm6jsp3884385s273y0yrl37eqmw5sav","value":{"denom":"front","amount":"1000000000000"}}}],"fee":{"amount":[],"gas":"200000"},"signatures":[{"pub_key":{"type":"tendermint/PubKeySecp256k1","value":"An08Znsk5SknVe2Bbow6rNsealFFojEX6CPV1Xccqkam"},"signature":"B+q0XelZv6GkG0ho58VOjzsxMHn3GQPUdJGlFF8ypQ9j5uawCfhKVc2VdckaHnxhFnAjznk0VbDc0ydAIZpc4w=="}],"memo":"0a9dfd8de9a8f3fd67958bd44b6f4587c9c7d786@162.55.59.235:26656"}}
