{"type":"cosmos-sdk/StdTx","value":{"msg":[{"type":"cosmos-sdk/MsgCreateValidator","value":{"description":{"moniker":"VLT037","identity":"","website":"","security_contact":"","details":""},"commission":{"rate":"0.100000000000000000","max_rate":"0.200000000000000000","max_change_rate":"0.010000000000000000"},"min_self_delegation":"1","delegator_address":"front1snux84awkttdjyehknsh6jpjyncvpqne5y9dsw","validator_address":"frontvaloper1snux84awkttdjyehknsh6jpjyncvpqneqthre7","pubkey":"frontvalconspub1zcjduepqngmuhsvlkh3jy6k7fmsv726cqrvvh6xgdgaaaqpfjxuwysvhez3q5xsdx7","value":{"denom":"front","amount":"1000000000000"}}}],"fee":{"amount":[],"gas":"200000"},"signatures":[{"pub_key":{"type":"tendermint/PubKeySecp256k1","value":"A+ytzfYY7uOhxnl4SsIZHAe+i9540hukeIy6NLSsHFMF"},"signature":"V51QJXyO1R88BZdvajzfFdThtaUSOUg4h7xoS6Tnt6V11XegxMd+UzapsvN45USeZ5ssP/0DUOoczQTiukwbOw=="}],"memo":"2fa7cdb54561f7a582939a9a7197c41f8be5a0a6@46.161.38.103:26656"}}
