{"type":"cosmos-sdk/StdTx","value":{"msg":[{"type":"cosmos-sdk/MsgCreateValidator","value":{"description":{"moniker":"axiline","identity":"","website":"","security_contact":"","details":""},"commission":{"rate":"0.100000000000000000","max_rate":"0.200000000000000000","max_change_rate":"0.010000000000000000"},"min_self_delegation":"1","delegator_address":"front1vdz8qhvec9eff7egwrl8cmhtkl39tsrlzwjc69","validator_address":"frontvaloper1vdz8qhvec9eff7egwrl8cmhtkl39tsrlkpqkn4","pubkey":"frontvalconspub1zcjduepqqcv9a0cj8lpfjnj9g47825yqgqv77v4s7mezzpye09rq5hd0kk8s3c7dxg","value":{"denom":"front","amount":"1000000000000"}}}],"fee":{"amount":[],"gas":"200000"},"signatures":[{"pub_key":{"type":"tendermint/PubKeySecp256k1","value":"Ax0VyVxnXpxfZHoKZeB557Wlq3vQaR1PHMjeJm0MNKsM"},"signature":"bjAyWZRmtEJj6sL68K4J/uFkx1ukXXZ6Ls/LmJBmY5FouEvWiQHCrjz2tpv+V8IPWmW1kbLAjiDtVwKRDtD1QA=="}],"memo":"30e0b33f0d80bd7478e1bbf160a048ec05159cf8@104.248.88.168:26656"}}
