{"type":"cosmos-sdk/StdTx","value":{"msg":[{"type":"cosmos-sdk/MsgCreateValidator","value":{"description":{"moniker":"NikitaLomov","identity":"","website":"","security_contact":"","details":""},"commission":{"rate":"0.100000000000000000","max_rate":"0.200000000000000000","max_change_rate":"0.010000000000000000"},"min_self_delegation":"1","delegator_address":"front1l5l6kdpuxnx0e9uuragt3le46e3xlupr9r322q","validator_address":"frontvaloper1l5l6kdpuxnx0e9uuragt3le46e3xlupr3vryrs","pubkey":"frontvalconspub1zcjduepqrgyx5ztvk3pc2mh2cllfnxjxd5hczka6cwajsaf75pw44g9hyz6q33av25","value":{"denom":"front","amount":"1000000000000"}}}],"fee":{"amount":[],"gas":"200000"},"signatures":[{"pub_key":{"type":"tendermint/PubKeySecp256k1","value":"AzoU46K7d7nUiD1SSpHUHQEFlWK4IlEmC8Jy0YYPC0YP"},"signature":"xcjJP4CKOZm5iQTZF0bxtVQuLE5+J09CCrDKtqKY1V147NuMi770YagOvMk/m4LvyCphKwyHUQvzJ8Upi3J15w=="}],"memo":"47886266afdaf4f3f4ac4c6be11497e018f7e37a@78.141.213.59:26656"}}
