{"type":"cosmos-sdk/StdTx","value":{"msg":[{"type":"cosmos-sdk/MsgCreateValidator","value":{"description":{"moniker":"PioBin","identity":"","website":"","security_contact":"","details":""},"commission":{"rate":"0.100000000000000000","max_rate":"0.200000000000000000","max_change_rate":"0.010000000000000000"},"min_self_delegation":"1","delegator_address":"front18dts0dty7ng8phfnnhtrc4wtzpx76tacak4p6t","validator_address":"frontvaloper18dts0dty7ng8phfnnhtrc4wtzpx76tacfe80nm","pubkey":"frontvalconspub1zcjduepqfyrzp8yq3m9p4pnt3qrd4xypmffku2s7jqluteuf9dlazcv20qysg0v4wf","value":{"denom":"front","amount":"1000000000000"}}}],"fee":{"amount":[],"gas":"200000"},"signatures":[{"pub_key":{"type":"tendermint/PubKeySecp256k1","value":"A1MDKFH/NEGovx2op2RrEokhWt2l6/JcQP+4cL7+QPy1"},"signature":"XPe9CHcvBFeDh9aO9LzuKTSXnBlqKTPzFII3gGJAZZw2t/Nu0VYCxzXe0uK/atXimdBjdPfZtbcSfrELC5mhAQ=="}],"memo":"1e312ba6b1b90a92585e3248bb7b9e9a30a2d6fd@138.201.135.79:26656"}}
