{"type":"cosmos-sdk/StdTx","value":{"msg":[{"type":"cosmos-sdk/MsgCreateValidator","value":{"description":{"moniker":"xixi","identity":"","website":"","security_contact":"","details":""},"commission":{"rate":"0.100000000000000000","max_rate":"0.200000000000000000","max_change_rate":"0.010000000000000000"},"min_self_delegation":"1","delegator_address":"front1n43rpezpcv8g2h2dqxyqzzvl86fjfmaluuxswr","validator_address":"frontvaloper1n43rpezpcv8g2h2dqxyqzzvl86fjfmalgn578n","pubkey":"frontvalconspub1zcjduepqfnh46xa535agj56fpx05ymz5dtr9k8g4l4008wc2kfl4ceehkfgsteghcw","value":{"denom":"front","amount":"1000000000000"}}}],"fee":{"amount":[],"gas":"200000"},"signatures":[{"pub_key":{"type":"tendermint/PubKeySecp256k1","value":"AqTBaLPBGGoz1+FneBG/Llm8F1ud3C3H18Ljv7+ggUOl"},"signature":"KJ4VObbhMljhYELJnaUwKHFRd78a5RyFEirOhwMKtREbJfiAWBHAEARHUeAHQRXnoYBPBnUqUj+rJfR/ZodiOA=="}],"memo":"06b8357623e8e59b450ea1ccd246ce2c808a131e@149.28.161.101:26656"}}
