{"type":"cosmos-sdk/StdTx","value":{"msg":[{"type":"cosmos-sdk/MsgCreateValidator","value":{"description":{"moniker":"marifatfauzy","identity":"","website":"","security_contact":"","details":""},"commission":{"rate":"0.100000000000000000","max_rate":"0.200000000000000000","max_change_rate":"0.010000000000000000"},"min_self_delegation":"1","delegator_address":"front18zd2qusud78u6ln4uxwee4p9v6jz6fgvcpumnc","validator_address":"frontvaloper18zd2qusud78u6ln4uxwee4p9v6jz6fgvvww46g","pubkey":"frontvalconspub1zcjduepqsgvh52j87uafpvhawrkfxxr38jj5e72p0lath9k80ty4gwqd2kuq9dn020","value":{"denom":"front","amount":"1000000000000"}}}],"fee":{"amount":[],"gas":"200000"},"signatures":[{"pub_key":{"type":"tendermint/PubKeySecp256k1","value":"AxYK1icMd48N/0ojSZVnZxnXuJKAI2s0VFOOM15DJIim"},"signature":"mxILSPEqF0JdIbogm/WUZR6clZKjKLlU5MHqx//2yOIeXi857VrYR/nvIori06NvoYWhlQD66k8BgZBWhd06WA=="}],"memo":"4a142e000cffdf15468afb0f8cde659751f21e63@192.168.1.13:26656"}}
