{"type":"cosmos-sdk/StdTx","value":{"msg":[{"type":"cosmos-sdk/MsgCreateValidator","value":{"description":{"moniker":"sled11","identity":"","website":"","security_contact":"","details":""},"commission":{"rate":"0.100000000000000000","max_rate":"0.200000000000000000","max_change_rate":"0.010000000000000000"},"min_self_delegation":"1","delegator_address":"front1936kdfjhjs60xw62la4gtnaqqxxtkq4lykrueh","validator_address":"frontvaloper1936kdfjhjs60xw62la4gtnaqqxxtkq4lse3js8","pubkey":"frontvalconspub1zcjduepq4prsggayfjyyk0wgfj950m0rxljqs2kkdt5a308aua9hdveldn7ssf9g2r","value":{"denom":"front","amount":"1000000000000"}}}],"fee":{"amount":[],"gas":"200000"},"signatures":[{"pub_key":{"type":"tendermint/PubKeySecp256k1","value":"A3bSuf3Nw2xRn1FNMJkxjuVHk3REVn3NRBjA31gzr/Yc"},"signature":"3u5PBO/pyw65aFwVxTPqVB5l7RO6Hw+Qcl3MSml2FI5MAp92E3gaG3Q4zieaaQw0L6D5OaYLEj1ukprqhGP2Iw=="}],"memo":"404aa2f788349673d18bc5c8abd696bee9632589@62.152.59.29:26656"}}
