{"type":"cosmos-sdk/StdTx","value":{"msg":[{"type":"cosmos-sdk/MsgCreateValidator","value":{"description":{"moniker":"lff005","identity":"","website":"","security_contact":"","details":""},"commission":{"rate":"0.100000000000000000","max_rate":"0.200000000000000000","max_change_rate":"0.010000000000000000"},"min_self_delegation":"1","delegator_address":"front1yz5t92fpdl4laa5g5jd96rhe7ruuecetcm557e","validator_address":"frontvaloper1yz5t92fpdl4laa5g5jd96rhe7ruuecetv5x6hf","pubkey":"frontvalconspub1zcjduepqaj96qc0p29fxnxwh9mls5zw67lvcr59jjkwhyxxucqgepa5mdcgspwg394","value":{"denom":"front","amount":"1000000000000"}}}],"fee":{"amount":[],"gas":"200000"},"signatures":[{"pub_key":{"type":"tendermint/PubKeySecp256k1","value":"AtmIrN4VQp7tQ4MJoRubkZxzwcwcEOqvruXWU6q/DalQ"},"signature":"r3nk1noKMIvZetqH4bk3c9tJceeJH3DH8uaDFcc7mlIeoFxwL4l4jfuDcLizN0+Pj/gkl7k5m7gKDKMTbcJiqQ=="}],"memo":"341433855ba6d8c9506a2da18fd4d31fadb5767f@207.148.83.213:26656"}}
