{"type":"cosmos-sdk/StdTx","value":{"msg":[{"type":"cosmos-sdk/MsgCreateValidator","value":{"description":{"moniker":"cook","identity":"","website":"","security_contact":"","details":""},"commission":{"rate":"0.100000000000000000","max_rate":"0.200000000000000000","max_change_rate":"0.010000000000000000"},"min_self_delegation":"1","delegator_address":"front1y9nv6d7279e244tmacnpcygcwkzlw9s2y4ufpm","validator_address":"frontvaloper1y9nv6d7279e244tmacnpcygcwkzlw9s2s6w8gt","pubkey":"frontvalconspub1zcjduepq4n0947txujrpfdtxs5lq9xyuzdwqrml7mga840ypvwj96ccnv7lq8g52j8","value":{"denom":"front","amount":"1000000000000"}}}],"fee":{"amount":[],"gas":"200000"},"signatures":[{"pub_key":{"type":"tendermint/PubKeySecp256k1","value":"AsS1fo5kNkqe+UX1t+E1t3gUioQDVLECuxRVE+uBkLM8"},"signature":"t5tCOIyCUOkj56ZIcuz7/l6alnjWAi9vVMmNWIpldItwQWfKkzSlaqm0c1gyrZpzccncSvmjJVK7/fNEWL1D1g=="}],"memo":"14162a7f6c2b05bd9e1ae47d337f5823d33e8cd2@82.146.41.226:26656"}}
