{"type":"cosmos-sdk/StdTx","value":{"msg":[{"type":"cosmos-sdk/MsgCreateValidator","value":{"description":{"moniker":"reureu","identity":"","website":"","security_contact":"","details":""},"commission":{"rate":"0.100000000000000000","max_rate":"0.200000000000000000","max_change_rate":"0.010000000000000000"},"min_self_delegation":"1","delegator_address":"front1dfwt6n2x0j3vsmtjl78mhrlyz5v8g6q4wme257","validator_address":"frontvaloper1dfwt6n2x0j3vsmtjl78mhrlyz5v8g6q465tyaw","pubkey":"frontvalconspub1zcjduepq4yzuvp7v43kt8u6mgqdaqtq6zsmxysv9s2jp2yjzmptckzzk3rpqcyln3a","value":{"denom":"front","amount":"1000000000000"}}}],"fee":{"amount":[],"gas":"200000"},"signatures":[{"pub_key":{"type":"tendermint/PubKeySecp256k1","value":"AqzfInsItlK4U2C7iLSjlmm/wpH2ic+ejeQu/Lv9DdsK"},"signature":"kvhTai8bUpsrjzLoPbAystziAwN8hz3jTNMhxTmtggANtNeLE5SOf2QPNTMHlJauSb7OZv6Yx/WV5BrBwNR3Hg=="}],"memo":"445e5b2bd86cfe2e4154bbfee1df406aee203175@188.34.181.31:26656"}}
