{"type":"cosmos-sdk/StdTx","value":{"msg":[{"type":"cosmos-sdk/MsgCreateValidator","value":{"description":{"moniker":"zhan","identity":"","website":"","security_contact":"","details":""},"commission":{"rate":"0.100000000000000000","max_rate":"0.200000000000000000","max_change_rate":"0.010000000000000000"},"min_self_delegation":"1","delegator_address":"front19wqhsk649du5zmfy2wg3kntve3twnrn0e0fqvu","validator_address":"frontvaloper19wqhsk649du5zmfy2wg3kntve3twnrn0dqmw9v","pubkey":"frontvalconspub1zcjduepq8zdfspgc4wcgy7wzum2s2zrdef4egnv2jvwp20m9ezv7r0n44fcqjm5jkz","value":{"denom":"front","amount":"1000000000000"}}}],"fee":{"amount":[],"gas":"200000"},"signatures":[{"pub_key":{"type":"tendermint/PubKeySecp256k1","value":"AtL1LWnhxMU3s4I9BoKwvuiVqZgXiYyLVMkR7gF0AhCD"},"signature":"ztUOBLNsDp+1jk66CXmsHdDU7yqLgxb51YsF9lyj+AsBMhYkK4dTQhOHoeBjWcAXYEh2Y6ay5BpE/nmoCIFN0Q=="}],"memo":"380e2a48f69baa5c4bfc32e485b4d26152c1ef2e@10.170.0.5:26656"}}
