{"type":"cosmos-sdk/StdTx","value":{"msg":[{"type":"cosmos-sdk/MsgCreateValidator","value":{"description":{"moniker":"kakaxi","identity":"","website":"","security_contact":"","details":""},"commission":{"rate":"0.100000000000000000","max_rate":"0.200000000000000000","max_change_rate":"0.010000000000000000"},"min_self_delegation":"1","delegator_address":"front15fr80fnds0mer5kj3qp0eryx9wlgear5rwj6rr","validator_address":"frontvaloper15fr80fnds0mer5kj3qp0eryx9wlgear5hpq52n","pubkey":"frontvalconspub1zcjduepqdhnkchmt2wuqczm86yqrr4d40kkhs7jz4jqlk33rf53vvsf0ttgq9q5tce","value":{"denom":"front","amount":"1000000000000"}}}],"fee":{"amount":[],"gas":"200000"},"signatures":[{"pub_key":{"type":"tendermint/PubKeySecp256k1","value":"Amps9aZSnY91MmdRgv80+gDXrO7fMJYID8Vwd10KXpH6"},"signature":"ZLVk3aiIRFzshqXVFpsu/YsMM81LpF1TqhkQ511OSB0HRCGX9uT0S2Tip+UHjBR1lxk2GQcFC3gd78pwqD35ZA=="}],"memo":"2c33cd36ddaf72821365c837b45939eb9fcc3e48@139.180.207.16:26656"}}
