{"type":"cosmos-sdk/StdTx","value":{"msg":[{"type":"cosmos-sdk/MsgCreateValidator","value":{"description":{"moniker":"lff004","identity":"","website":"","security_contact":"","details":""},"commission":{"rate":"0.100000000000000000","max_rate":"0.200000000000000000","max_change_rate":"0.010000000000000000"},"min_self_delegation":"1","delegator_address":"front1fse8tyw663yu90r4flyph5j8lsl36z62cegd98","validator_address":"frontvaloper1fse8tyw663yu90r4flyph5j8lsl36z62vk6rvh","pubkey":"frontvalconspub1zcjduepq7d3fe5c2ham3s5sc4zmp3c5c7q4xn2u4zk6r0swadxswvvqk888sgrwyjh","value":{"denom":"front","amount":"1000000000000"}}}],"fee":{"amount":[],"gas":"200000"},"signatures":[{"pub_key":{"type":"tendermint/PubKeySecp256k1","value":"Az2BA8+wa9clkLuiE7Q62n3vv84Az83K0iASDBymC6os"},"signature":"tLH3is2/Kx8EkXm03liOcM2ybTzBSGj9mr/Nsm1B/cEQ/wTipxqtUrXJJpJ0Rkrmk/R66KnnUpLta22rtQ9P6A=="}],"memo":"0acafad09ecfc504cda9510a74bbcce70cecf472@95.179.242.73:26656"}}
