{"type":"cosmos-sdk/StdTx","value":{"msg":[{"type":"cosmos-sdk/MsgCreateValidator","value":{"description":{"moniker":"adidas","identity":"","website":"","security_contact":"","details":""},"commission":{"rate":"0.100000000000000000","max_rate":"0.200000000000000000","max_change_rate":"0.010000000000000000"},"min_self_delegation":"1","delegator_address":"front1rheedvd7wu4azhjktt0nwdpqhhme8y44zphsuz","validator_address":"frontvaloper1rheedvd7wu4azhjktt0nwdpqhhme8y44kw974j","pubkey":"frontvalconspub1zcjduepqtjkvr9u99hxmg7ljnzcnrputgm5n3x225slyc3rusxuk5m0fypzsyg2a6v","value":{"denom":"front","amount":"1000000000000"}}}],"fee":{"amount":[],"gas":"200000"},"signatures":[{"pub_key":{"type":"tendermint/PubKeySecp256k1","value":"AmnR49xIjA0gWkaiTjQ1VY2VZTedflnQvTD20Y7g6qfD"},"signature":"cpZOMbMCTsZW32nP/8Rb72Apcq+m2iTPlIOsZNA5CL9idy65z5yyqcef9rscrrdU2C0JSMolFquiWU2M4AGncw=="}],"memo":"4401302a3913ccdba0fe9a72e8defe1edfe83383@45.76.95.107:26656"}}
