
{"type":"cosmos-sdk/StdTx","value":{"msg":[{"type":"cosmos-sdk/MsgCreateValidator","value":{"description":{"moniker":"3","identity":"","website":"","security_contact":"","details":""},"commission":{"rate":"0.100000000000000000","max_rate":"0.200000000000000000","max_change_rate":"0.010000000000000000"},"min_self_delegation":"1","delegator_address":"front1k7m6q97xxwcgg60thpdnszue222dlmlw9fl0vh","validator_address":"frontvaloper1k7m6q97xxwcgg60thpdnszue222dlmlw3xdp98","pubkey":"frontvalconspub1zcjduepq8xap0pkpl3ka4kqmtpl4czugm2a8pcajj30e2khdc06ujc53ftgs3fuym9","value":{"denom":"front","amount":"1000000000000"}}}],"fee":{"amount":[],"gas":"200000"},"signatures":[{"pub_key":{"type":"tendermint/PubKeySecp256k1","value":"A4LvlGLUxIYE44FsCocErSSs6L329bxv2wvdWpYyvMFq"},"signature":"PeIBvFSRnwXaIBQFcotyX4islpVIoB5iArLw213TBeopilOvR1tZSa8JM7n5aLXznko8FvRH4YDGbqD6QzOeaQ=="}],"memo":"4f62693375f96c465047626ee7c019512b944290@192.168.0.101:26656"}}
