{"type":"cosmos-sdk/StdTx","value":{"msg":[{"type":"cosmos-sdk/MsgCreateValidator","value":{"description":{"moniker":"tomhxw","identity":"","website":"","security_contact":"","details":""},"commission":{"rate":"0.100000000000000000","max_rate":"0.200000000000000000","max_change_rate":"0.010000000000000000"},"min_self_delegation":"1","delegator_address":"front1aehfv6xghcsxhnwpc0a07qff3g9xhje09n9wpe","validator_address":"frontvaloper1aehfv6xghcsxhnwpc0a07qff3g9xhje03uhqgf","pubkey":"frontvalconspub1zcjduepqamqp2fnkcj742wz7gtvdf8j72x2azq3dp7dv2qzj52qfvja2cqus8new40","value":{"denom":"front","amount":"1000000000000"}}}],"fee":{"amount":[],"gas":"200000"},"signatures":[{"pub_key":{"type":"tendermint/PubKeySecp256k1","value":"AqNyGoq7P1z1RqZ9KeinWEPxcyM/I26+DVOu5qI2jFJn"},"signature":"malpvm3HVp5VQMJIs1ploXSVv03CwYIxmOhO9OmUyJB4UKtT4d61AQhlC+EUJ1WxK12SQ62VW8UGkQP+sFIAgA=="}],"memo":"0bd3e1d7cd81d8a550495ffbab210b760280dbd3@107.172.165.205:26656"}}
