{"type":"cosmos-sdk/StdTx","value":{"msg":[{"type":"cosmos-sdk/MsgCreateValidator","value":{"description":{"moniker":"shmagr","identity":"","website":"","security_contact":"","details":""},"commission":{"rate":"0.100000000000000000","max_rate":"0.200000000000000000","max_change_rate":"0.010000000000000000"},"min_self_delegation":"1","delegator_address":"front1m8c4sav40w7rdet77pczhwn3tmjn2g07mgxh3w","validator_address":"frontvaloper1m8c4sav40w7rdet77pczhwn3tmjn2g07085ec7","pubkey":"frontvalconspub1zcjduepqtlnflzyhf90npfseymkpvdkwewsmafd4hvmyq3krc059n02nmp4salwywj","value":{"denom":"front","amount":"1000000000000"}}}],"fee":{"amount":[],"gas":"200000"},"signatures":[{"pub_key":{"type":"tendermint/PubKeySecp256k1","value":"Av3MYmyTSWER0KJriuIV6IgWVjyeis3z0QxMokYzPq9+"},"signature":"yTUsji6xyYgdI8F8B5dBYsiI7+OyI/D4HW0mKWOElMxvIAi5HubEPQ/Xin/ia/Chf6mMqMmSdj2OfN3QRNf5vg=="}],"memo":"4e2f0fd2accaa07901d215813fcb80c04a099252@178.170.46.155:26656"}}
