{"type":"cosmos-sdk/StdTx","value":{"msg":[{"type":"cosmos-sdk/MsgCreateValidator","value":{"description":{"moniker":"Binance11","identity":"","website":"","security_contact":"","details":""},"commission":{"rate":"0.100000000000000000","max_rate":"0.200000000000000000","max_change_rate":"0.010000000000000000"},"min_self_delegation":"1","delegator_address":"front1frsjcdx8j4fev27z9y4x2rfvndk6qjn2267agh","validator_address":"frontvaloper1frsjcdx8j4fev27z9y4x2rfvndk6qjn274vnp8","pubkey":"frontvalconspub1zcjduepq4gqylcmzrfvv7nnl8jghg50draawmx3wn777lefql0ecla36nvvsxj207p","value":{"denom":"front","amount":"1000000000000"}}}],"fee":{"amount":[],"gas":"200000"},"signatures":[{"pub_key":{"type":"tendermint/PubKeySecp256k1","value":"AyrpHp0bUF8GWLs74Qp7lR4UbnAVvZPRf+J5wHqLhRfR"},"signature":"+EcL44cSwVgiU9ZS7+8uoOgs1APJ5LMUXhyGP+btzG1483jMcSrdtc1+AU/7SQ2ZWgJjlmvwOObQVDZ6wv6utA=="}],"memo":"1af71dc1283167b5f7d6804c1597a5cefedcda39@10.128.0.7:26656"}}
