{"type":"cosmos-sdk/StdTx","value":{"msg":[{"type":"cosmos-sdk/MsgCreateValidator","value":{"description":{"moniker":"dima","identity":"","website":"","security_contact":"","details":""},"commission":{"rate":"0.100000000000000000","max_rate":"0.200000000000000000","max_change_rate":"0.010000000000000000"},"min_self_delegation":"1","delegator_address":"front1ttsjhdxdyndpfs68eszygp6maayh5td4u382yj","validator_address":"frontvaloper1ttsjhdxdyndpfs68eszygp6maayh5td4g74ydz","pubkey":"frontvalconspub1zcjduepqqquhpczv8pks3eprp3hj9ltnvn0e0zd7y36u3rtdj3k8aez7thgqrq9ra8","value":{"denom":"front","amount":"1000000000000"}}}],"fee":{"amount":[],"gas":"200000"},"signatures":[{"pub_key":{"type":"tendermint/PubKeySecp256k1","value":"A9WktfNST+i8+/BHDHB4RV8FuR2jAL8ohmf0FbfSXSzN"},"signature":"zgvGWJS17lTiAMgEj7OEBbp2towNYoXkhKOvW/8aRfI9cV4fvGPlTJfVtDy9V2WXdrQQnvbvovVgz+5CEb+E2A=="}],"memo":"04b53db7f76e8547e47e9856597777e9be4981f6@185.212.129.197:26656"}}
