{"type":"cosmos-sdk/StdTx","value":{"msg":[{"type":"cosmos-sdk/MsgCreateValidator","value":{"description":{"moniker":"seainvestor","identity":"","website":"","security_contact":"","details":""},"commission":{"rate":"0.100000000000000000","max_rate":"0.200000000000000000","max_change_rate":"0.010000000000000000"},"min_self_delegation":"1","delegator_address":"front1sahjgjmw3tsffdgkq5jld2avf6cn8w245u55xg","validator_address":"frontvaloper1sahjgjmw3tsffdgkq5jld2avf6cn8w24qnx60c","pubkey":"frontvalconspub1zcjduepqf3h2yxar9a2smmfn5gm0y62rs0084r76l2zch0g5e7zjp3mq694qdwe39a","value":{"denom":"front","amount":"1000000000000"}}}],"fee":{"amount":[],"gas":"200000"},"signatures":[{"pub_key":{"type":"tendermint/PubKeySecp256k1","value":"AzZhmwVFt+xgIX9MV87ASdPRXIGrmVoH0Kas878kQleL"},"signature":"raLqBdz9GzQu4HFJ7J1nKiGps7Pt94nb1icg9V9DFQwdosFGKc0HIUTDO/OnGxfNZbBNYwDJXTlL61x37flr1Q=="}],"memo":"13f70a8df7c46f371aa0f352f37c83c581f2c333@157.90.126.145:26656"}}
