{"type":"cosmos-sdk/StdTx","value":{"msg":[{"type":"cosmos-sdk/MsgCreateValidator","value":{"description":{"moniker":"sotukker","identity":"","website":"","security_contact":"","details":""},"commission":{"rate":"0.100000000000000000","max_rate":"0.200000000000000000","max_change_rate":"0.010000000000000000"},"min_self_delegation":"1","delegator_address":"front1djw6r6clp5tka3cu579rddl9akzjv2zmk2fhfw","validator_address":"frontvaloper1djw6r6clp5tka3cu579rddl9akzjv2zmz9meq7","pubkey":"frontvalconspub1zcjduepq9xxr8w2rvzj48z34kqaxu52ddnylj6lxr3q7d0agn6cp5plmgz0s98tuq6","value":{"denom":"front","amount":"1000000000000"}}}],"fee":{"amount":[],"gas":"200000"},"signatures":[{"pub_key":{"type":"tendermint/PubKeySecp256k1","value":"A0eAJhxRP8H3KC2iSOsIginIMQ0bq0AbdXD8MrX+wIay"},"signature":"k8MAsSfhI97c8kzc7SSbcYcOhV7Kc4YXakiNSYK7zoUpp3pphHx8AJ0aBEDHrkEcASt8Z4lkPKUgoOuj8Lh8fQ=="}],"memo":"0e56d5b75aef22602e17ea35d9ff5cbb96abb9cc@138.201.135.79:26656"}}
