{"type":"cosmos-sdk/StdTx","value":{"msg":[{"type":"cosmos-sdk/MsgCreateValidator","value":{"description":{"moniker":"Raulinio","identity":"","website":"","security_contact":"","details":""},"commission":{"rate":"0.100000000000000000","max_rate":"0.200000000000000000","max_change_rate":"0.010000000000000000"},"min_self_delegation":"1","delegator_address":"front1n8arxkam5mn7mdad3t2vm2h5d0nga40z9f53hl","validator_address":"frontvaloper1n8arxkam5mn7mdad3t2vm2h5d0nga40z3xxl70","pubkey":"frontvalconspub1zcjduepqf0lxn4zgdtkq6fnmu8fxkzzhm59dagxs8qk0tw5xzhdwqfcna82sl9tkhy","value":{"denom":"front","amount":"1000000000000"}}}],"fee":{"amount":[],"gas":"200000"},"signatures":[{"pub_key":{"type":"tendermint/PubKeySecp256k1","value":"A2qAWn2MZfybLic5ndFVgrIqaJ8ehyZv9RhgqK2SaQUN"},"signature":"NHnVpuKVWiLRrQE19LSQ0o+cmppGbt30rTDzo8a4mtJiMcL7oICuey/fto66mxC0fOt554PVWvqMMIbtU8uhIw=="}],"memo":"2047fe30b191b59433c3a499701eb64f8403779f@37.77.106.54:26656"}}
