{"type":"cosmos-sdk/StdTx","value":{"msg":[{"type":"cosmos-sdk/MsgCreateValidator","value":{"description":{"moniker":"my_node","identity":"","website":"","security_contact":"","details":""},"commission":{"rate":"0.100000000000000000","max_rate":"0.200000000000000000","max_change_rate":"0.010000000000000000"},"min_self_delegation":"1","delegator_address":"front1xazp38fg3r6dvhdwmkyuexyhen80g8k94gyma4","validator_address":"frontvaloper1xazp38fg3r6dvhdwmkyuexyhen80g8k9p8k459","pubkey":"frontvalconspub1zcjduepqvlyat87jsx53wymud90af32mlmh79pp8mmfd9e5cy6guln4gwskqrfktd8","value":{"denom":"front","amount":"1000000000000"}}}],"fee":{"amount":[],"gas":"200000"},"signatures":[{"pub_key":{"type":"tendermint/PubKeySecp256k1","value":"A5BM9tDMT7soGqAtIsAGHVEG2tCL3m2AgQnLfFm8eY5d"},"signature":"Bt5ejv1AUKE5RUsd7F9hwCKaiMPBBqfGRGSrXTeKpqhhEyVX4OVgaLIJgkJZQpZ+r4DrQKEoHzMmb127R13OsQ=="}],"memo":"1b43b726ea6310313bf9f0bcffeb895c656eb18b@192.168.0.20:26656"}}
