{"type":"cosmos-sdk/StdTx","value":{"msg":[{"type":"cosmos-sdk/MsgCreateValidator","value":{"description":{"moniker":"my_node","identity":"","website":"","security_contact":"","details":""},"commission":{"rate":"0.100000000000000000","max_rate":"0.200000000000000000","max_change_rate":"0.010000000000000000"},"min_self_delegation":"1","delegator_address":"front13y3z5en4fnsevv78nnfmnvngak6zy5ezd3sfz3","validator_address":"frontvaloper13y3z5en4fnsevv78nnfmnvngak6zy5eze7z8tp","pubkey":"frontvalconspub1zcjduepqa6m30zc7zruuvv4yls8v6pghnkjt6kxv84kng2c5huj605qdln9qqz2q8n","value":{"denom":"front","amount":"1000000000000"}}}],"fee":{"amount":[],"gas":"200000"},"signatures":[{"pub_key":{"type":"tendermint/PubKeySecp256k1","value":"A5lZORE9IdFmT7tcSMAXHe8kundqdOEtO/E2cFuOAEBs"},"signature":"83TO+gekV8pOc9sZYyLrZaix/eN7ubgg+XTfzyVk9eR2m6XLQ8ZZ7OLsDlYFO7DX+1o6QPauuwQ9IkBYWpB+wA=="}],"memo":"1688a51e40247ef9cc149651d7f4539f5acafc35@46.101.159.33:26656"}}
