{"type":"cosmos-sdk/StdTx","value":{"msg":[{"type":"cosmos-sdk/MsgCreateValidator","value":{"description":{"moniker":"batgrzl","identity":"","website":"","security_contact":"","details":""},"commission":{"rate":"0.100000000000000000","max_rate":"0.200000000000000000","max_change_rate":"0.010000000000000000"},"min_self_delegation":"1","delegator_address":"front122gwt683e0pwue7pfen0zwtr00vf3mn09rxz8u","validator_address":"frontvaloper122gwt683e0pwue7pfen0zwtr00vf3mn03v5vwv","pubkey":"frontvalconspub1zcjduepq4qmqexq9krjvhyg8jcjchuf5fecstsk65v634sp8nu70xu9yke5qd6qm9k","value":{"denom":"front","amount":"1000000000000"}}}],"fee":{"amount":[],"gas":"200000"},"signatures":[{"pub_key":{"type":"tendermint/PubKeySecp256k1","value":"Aqs6y4GhvCGNMUBxqWKbZ2qNt32l4jn1Nl9szfQpSjDk"},"signature":"XT0NVcaNadSlZjwwNpH9YYlOyGozb6jQJXjby1nTVKgLm2HUBqiqjc4j2lYXodAs4x8gR0eoxNouPtClBhL1dw=="}],"memo":"2770337407dd00b33dde2022161c6b4347a38452@10.0.0.16:26656"}}
