{"type":"cosmos-sdk/StdTx","value":{"msg":[{"type":"cosmos-sdk/MsgCreateValidator","value":{"description":{"moniker":"my_node","identity":"","website":"","security_contact":"","details":""},"commission":{"rate":"0.100000000000000000","max_rate":"0.200000000000000000","max_change_rate":"0.010000000000000000"},"min_self_delegation":"1","delegator_address":"front1kpx7ku2frdtwxl8mf7tsez3tdssv7fx3l9py9t","validator_address":"frontvaloper1kpx7ku2frdtwxl8mf7tsez3tdssv7fx3t2n2vm","pubkey":"frontvalconspub1zcjduepqrfuy5euv89ev4n39q62e040ter6zx9awpy2nhk7nsqrc83mlj8lqty8tyk","value":{"denom":"front","amount":"1000000000000"}}}],"fee":{"amount":[],"gas":"200000"},"signatures":[{"pub_key":{"type":"tendermint/PubKeySecp256k1","value":"Ak9Ax2CN+4UDeXEoJdUgttRMBCXfrN7i/Px12/K2JcPg"},"signature":"rlUwUZ3fZ3xT0znpOqAz29bGPVufywGWgZAl0W6OQcQFhwu8SYnG2Una3JeXnZlSzYOorLutfL6ujKUySbdg8Q=="}],"memo":"4eb8a69dbdee5bbd752660c0b1ac0345471ba295@192.168.0.133:26656"}}
