{"type":"cosmos-sdk/StdTx","value":{"msg":[{"type":"cosmos-sdk/MsgCreateValidator","value":{"description":{"moniker":"bahgivenchy","identity":"","website":"","security_contact":"","details":""},"commission":{"rate":"0.100000000000000000","max_rate":"0.200000000000000000","max_change_rate":"0.010000000000000000"},"min_self_delegation":"1","delegator_address":"front10nql9d04v0llm8xe9w5wvhsfew9snj8gf63w0q","validator_address":"frontvaloper10nql9d04v0llm8xe9w5wvhsfew9snj8ga4rqxs","pubkey":"frontvalconspub1zcjduepqcwcrw8a5lf2marcu7xr2x690qqpcyxfh6nzzkvek2wkgg2qxthpsk5x8pr","value":{"denom":"front","amount":"1000000000000"}}}],"fee":{"amount":[],"gas":"200000"},"signatures":[{"pub_key":{"type":"tendermint/PubKeySecp256k1","value":"A7edrT5ikJHnVbSZj5QO7Q0DwgqaJ+lRPz3mEj51enVg"},"signature":"Bah/wx/SL0mjMJBB1C+gtsla336imeyjY5Ra5e8CjZkT/5JPb3T14eLc0toW4fUDIgabKq8wLR41HHZBQ8eyDg=="}],"memo":"44c239fe5b91ff7dd74c585b05cadac893d6da7a@185.92.221.196:26656"}}
