{"type":"cosmos-sdk/StdTx","value":{"msg":[{"type":"cosmos-sdk/MsgCreateValidator","value":{"description":{"moniker":"NodesGuru","identity":"","website":"","security_contact":"","details":""},"commission":{"rate":"0.100000000000000000","max_rate":"0.200000000000000000","max_change_rate":"0.010000000000000000"},"min_self_delegation":"1","delegator_address":"front160qzt3apz92gnhwvespwd5gp7qcwr3nxmdgw92","validator_address":"frontvaloper160qzt3apz92gnhwvespwd5gp7qcwr3nx0z6qv6","pubkey":"frontvalconspub1zcjduepquchg3xdp2ld2m6z4e9qvxn3avmlj2whyp2d4266zuvq65dh2spys4u9c3e","value":{"denom":"front","amount":"1000000000000"}}}],"fee":{"amount":[],"gas":"200000"},"signatures":[{"pub_key":{"type":"tendermint/PubKeySecp256k1","value":"AlOaLDbzGyY7fJeUWxBWxL2+EU7GBysKnzBqgO9IgWmF"},"signature":"j80stoS9NJsOK6XcFgYQ1V6ImRjc9e7ncQL1A0RpKIsAKyFqXtgq8cQsDdwJ7eTAlRch9mSmaG5DrlADuTBBFA=="}],"memo":"e0b50f72ad9c1e6d6d313689eb216f11b65021fd@167.71.75.145:26656"}}
