{"type":"cosmos-sdk/StdTx","value":{"msg":[{"type":"cosmos-sdk/MsgCreateValidator","value":{"description":{"moniker":"ukulelemaster","identity":"","website":"","security_contact":"","details":""},"commission":{"rate":"0.100000000000000000","max_rate":"0.200000000000000000","max_change_rate":"0.010000000000000000"},"min_self_delegation":"1","delegator_address":"front1m0t4940p2jmac7545mt37xr0yv7zk2c72jef85","validator_address":"frontvaloper1m0t4940p2jmac7545mt37xr0yv7zk2c77at8wy","pubkey":"frontvalconspub1zcjduepqhnlqnm4a2n520rq9hgh5p8x6w8zgp4hsd96yxhjt6xxhlf4wl2yss22yek","value":{"denom":"front","amount":"1000000000000"}}}],"fee":{"amount":[],"gas":"200000"},"signatures":[{"pub_key":{"type":"tendermint/PubKeySecp256k1","value":"AgjJ5VErVnHbtXWmHxkBg1uEuM4goJGc4/fAH/hQbR41"},"signature":"rp93zBtwfaTlYOjIC/+kzGrm07gVLoky13s7xqkXSR5YYi+7jJIEr3OayUqi9qBQvzce16hN5QDxzNPwvg9eXw=="}],"memo":"0d17989e9532a2196dad88fb069c62e1defdd76c@185.231.153.197:26656"}}
