{"type":"cosmos-sdk/StdTx","value":{"msg":[{"type":"cosmos-sdk/MsgCreateValidator","value":{"description":{"moniker":"1miner","identity":"","website":"","security_contact":"","details":""},"commission":{"rate":"0.100000000000000000","max_rate":"0.200000000000000000","max_change_rate":"0.010000000000000000"},"min_self_delegation":"1","delegator_address":"front1w5hyxdzhtgz8u5vttqmypkmkrh7w8gn72lhscn","validator_address":"frontvaloper1w5hyxdzhtgz8u5vttqmypkmkrh7w8gn77s973r","pubkey":"frontvalconspub1zcjduepqzm9ggvw3kggnsnw9lzrk0ugl002slypdjfvwrczexz03xjumzsvqcvvgnc","value":{"denom":"front","amount":"1000000000000"}}}],"fee":{"amount":[],"gas":"200000"},"signatures":[{"pub_key":{"type":"tendermint/PubKeySecp256k1","value":"A41GpJLY+6S9D39q+fFisvt8M98Br/U3ovyC3BXcftaL"},"signature":"eBZtasIXPErzsZm4NbXBr/gb028jYAbc26q72DjTrF9EodUbQsy7bna2UUvRZiGOox7onF86MBMi+C/xfcvGoA=="}],"memo":"8141b83a3ea69918c36182baa583489ceafcac91@95.179.160.151:26656"}}
