{"type":"cosmos-sdk/StdTx","value":{"msg":[{"type":"cosmos-sdk/MsgCreateValidator","value":{"description":{"moniker":"morgannet","identity":"","website":"","security_contact":"","details":""},"commission":{"rate":"0.100000000000000000","max_rate":"0.200000000000000000","max_change_rate":"0.010000000000000000"},"min_self_delegation":"1","delegator_address":"front1k5h9l5rpvxq2c98mvhh6alheenywp3tc2aj5rp","validator_address":"frontvaloper1k5h9l5rpvxq2c98mvhh6alheenywp3tc7jq623","pubkey":"frontvalconspub1zcjduepqktt36zf8yxqshhx8pxd67m03wgtleqle5w2qasl30pg2vt3zu26qvnnuw3","value":{"denom":"front","amount":"1000000000000"}}}],"fee":{"amount":[],"gas":"200000"},"signatures":[{"pub_key":{"type":"tendermint/PubKeySecp256k1","value":"Ayt3ZBnADmmtqGxKr9Tuvx5Yxgz1mZ2ECXyJ41TjJB8C"},"signature":"D44TOgzGhZh4pThi5DrCJces8Fp8LV5DmFP0kXTsW5lE9/nAgbyJUG8Kio6THisMZa//Gi/7FnsSFl6a7ilYGQ=="}],"memo":"2a2e243e4e7c9a13c09e803122d7787ba1f6c6f5@62.113.116.177:26656"}}
