{"type":"cosmos-sdk/StdTx","value":{"msg":[{"type":"cosmos-sdk/MsgCreateValidator","value":{"description":{"moniker":"my_node","identity":"","website":"","security_contact":"","details":""},"commission":{"rate":"0.100000000000000000","max_rate":"0.200000000000000000","max_change_rate":"0.010000000000000000"},"min_self_delegation":"1","delegator_address":"front176c3pt7pzml4hu0jgw7jy75534gu36h7d5nadq","validator_address":"frontvaloper176c3pt7pzml4hu0jgw7jy75534gu36h7empnys","pubkey":"frontvalconspub1zcjduepq7nsxwvlna4ykkzzehkzv2gfygguc9zp4n4rtn8752azgfmz8m2aqglxhkq","value":{"denom":"front","amount":"1000000000000"}}}],"fee":{"amount":[],"gas":"200000"},"signatures":[{"pub_key":{"type":"tendermint/PubKeySecp256k1","value":"A+pCoYXj7VaLQCs8w9r6OgUVej8DZxg4oWfwp6PXgS6q"},"signature":"u9fz6as33s/aBm9x11JXbvTfo28XKwt+ylNxWKRUObRg+qLXid39e5kvangQPPMObucVsS/a1nV7OfCF24JLvQ=="}],"memo":"04ea0f47f55c639c4bf4f1a91e5d07e2954e0fae@192.168.3.7:26656"}}
