{"type":"cosmos-sdk/StdTx","value":{"msg":[{"type":"cosmos-sdk/MsgCreateValidator","value":{"description":{"moniker":"aleksandr","identity":"","website":"","security_contact":"","details":""},"commission":{"rate":"0.100000000000000000","max_rate":"0.200000000000000000","max_change_rate":"0.010000000000000000"},"min_self_delegation":"1","delegator_address":"front168jwvdqw9d8yd8egvknwswgljt4u6v5yx8sh6p","validator_address":"frontvaloper168jwvdqw9d8yd8egvknwswgljt4u6v5yjgzen3","pubkey":"frontvalconspub1zcjduepqxukr6wal8dep2pleu066w3qd4mghx8fjlz300wr65ypznn35uewsqmareu","value":{"denom":"front","amount":"1000000000000"}}}],"fee":{"amount":[],"gas":"200000"},"signatures":[{"pub_key":{"type":"tendermint/PubKeySecp256k1","value":"Axyff/3s3CDc2eKo8xvR/ikqyU/iDj0rqBez9Bt9k959"},"signature":"fncn0kGNNW9SHFu1EGM0fD3gswTZ5KqD9n8AjJ5tSvEdq3lvsyGAmLYGwoWLgx74gWbbnOnEZgODu5Csydniyw=="}],"memo":"14dfe51dd7595262e3df3834f0554a3183667386@192.168.1.121:26656"}}
