{"type":"cosmos-sdk/StdTx","value":{"msg":[{"type":"cosmos-sdk/MsgCreateValidator","value":{"description":{"moniker":"zed_frontier_ams3","identity":"","website":"","security_contact":"","details":""},"commission":{"rate":"0.100000000000000000","max_rate":"0.200000000000000000","max_change_rate":"0.010000000000000000"},"min_self_delegation":"1","delegator_address":"front1yylj438k8csjgj8mzas8a37xnytk9mqd2rzc2y","validator_address":"frontvaloper1yylj438k8csjgj8mzas8a37xnytk9mqd7vskr5","pubkey":"frontvalconspub1zcjduepq48vj89g7cguyh4cppj7s7q9k0t2e7gqvvszs2dkfrhxj5593jm2sfeyqxe","value":{"denom":"front","amount":"1000000000000"}}}],"fee":{"amount":[],"gas":"200000"},"signatures":[{"pub_key":{"type":"tendermint/PubKeySecp256k1","value":"A6nRTtpFT8pcywL/s/qf6dOR63OnTqLsShmJ9NSICYBe"},"signature":"2wZQ9aNvITMYaS2BS7QvSINX7mesb9+mgF2PVadRhPAE01dQueJZwp4A3RW88/Kt3Pv3qf8e6L3IWZzsDaYxLQ=="}],"memo":"223c6609dcd99a3a91c73aaa6bc7e724dcd667f0@159.65.197.120:26656"}}
