{"type":"cosmos-sdk/StdTx","value":{"msg":[{"type":"cosmos-sdk/MsgCreateValidator","value":{"description":{"moniker":"initnd04","identity":"","website":"","security_contact":"","details":""},"commission":{"rate":"0.100000000000000000","max_rate":"0.200000000000000000","max_change_rate":"0.010000000000000000"},"min_self_delegation":"1","delegator_address":"front1py62c7f64urm9m4rduq4vng5lj4mkjwwgvh4v6","validator_address":"frontvaloper1py62c7f64urm9m4rduq4vng5lj4mkjwwur9m92","pubkey":"frontvalconspub1zcjduepqgcg6nq9s790eqsx6cl7um9rsuv09zfeejhprf3m8hl33k3kp2rgqzkc5qy","value":{"denom":"front","amount":"1000000000000"}}}],"fee":{"amount":[],"gas":"200000"},"signatures":[{"pub_key":{"type":"tendermint/PubKeySecp256k1","value":"A8BQ+GEdIBfKUHu6rSVjzWRVdAX13JCo6SBvL3X40q9P"},"signature":"GRk5L/NNlRDpYsahIOS9JV36GpKRa5y4KBjuxQN/3Toct7/LZGUOcNBv6V8pxIRoEvqviaB/V16ViqLjEY/Dzg=="}],"memo":"5246567dd422a9eff2b7f9bcf68ae95577bb60c2@192.168.178.43:26656"}}
