{"type":"cosmos-sdk/StdTx","value":{"msg":[{"type":"cosmos-sdk/MsgCreateValidator","value":{"description":{"moniker":"aleksandr","identity":"","website":"","security_contact":"","details":""},"commission":{"rate":"0.100000000000000000","max_rate":"0.200000000000000000","max_change_rate":"0.010000000000000000"},"min_self_delegation":"1","delegator_address":"front1054ak286ejxjkay3etwnlvh7cxy3p0x0y578mw","validator_address":"frontvaloper1054ak286ejxjkay3etwnlvh7cxy3p0x0smvfj7","pubkey":"frontvalconspub1zcjduepqq6fk0sr3yzww90ygmw2xre45tq3qk580xmkw33hrwkeledrl45qq8kpdck","value":{"denom":"front","amount":"1000000000000"}}}],"fee":{"amount":[],"gas":"200000"},"signatures":[{"pub_key":{"type":"tendermint/PubKeySecp256k1","value":"AhaUI6E5dK0c0mkOqiJqatMdNMCQp2fj20geYO/JwblD"},"signature":"oI4gXvQ7dojjdkW0T4OFDSF7NrJ1zSPcfY8WnUSXIRw7JCHXufsVy1H4KTu3Ba0MCMclzm6kgOFrztyyltNIqg=="}],"memo":"5680798f0bef6c85ea676d3dba72ecc7e7bdb56c@192.168.116.129:26656"}}
