{"type":"cosmos-sdk/StdTx","value":{"msg":[{"type":"cosmos-sdk/MsgCreateValidator","value":{"description":{"moniker":"posol","identity":"","website":"","security_contact":"","details":""},"commission":{"rate":"0.100000000000000000","max_rate":"0.200000000000000000","max_change_rate":"0.010000000000000000"},"min_self_delegation":"1","delegator_address":"front1ajr8aaltjaptz5qhgq85nwspq7sgxnqk96zfvr","validator_address":"frontvaloper1ajr8aaltjaptz5qhgq85nwspq7sgxnqk34s89n","pubkey":"frontvalconspub1zcjduepqfmyjc6zzv0y2ayw8sftvxg7jcxz5ycwuelftzv8ssrlj9f8gwnvscrmf8t","value":{"denom":"front","amount":"1000000000000"}}}],"fee":{"amount":[],"gas":"200000"},"signatures":[{"pub_key":{"type":"tendermint/PubKeySecp256k1","value":"AzoiJqrRXzz/TqlGw3DsiqqWPeXbvzORPatCH929cLpH"},"signature":"dyU9MQEtDv8AcOXh0Snpxwn/OziW1vdv0TTkui00JLomhyRBdHAFDydpA+coxC5neJhOCjbAEKWMkUEbab3I1A=="}],"memo":"23d6e021a8e60383db38f0da141bb00bad7a2f9a@185.231.153.197:26656"}}
