{"type":"cosmos-sdk/StdTx","value":{"msg":[{"type":"cosmos-sdk/MsgCreateValidator","value":{"description":{"moniker":"norman_node","identity":"","website":"","security_contact":"","details":""},"commission":{"rate":"0.100000000000000000","max_rate":"0.200000000000000000","max_change_rate":"0.010000000000000000"},"min_self_delegation":"1","delegator_address":"front149jrd00meyzdy8nwzzvtc69qs3ddqmj04ujcst","validator_address":"frontvaloper149jrd00meyzdy8nwzzvtc69qs3ddqmj0pnqkem","pubkey":"frontvalconspub1zcjduepqkzxh0gavjtrtw2l0dvysvgk0wwh8d24mxjlyrn0hpvsytd4ruygsdwwze3","value":{"denom":"front","amount":"1000000000000"}}}],"fee":{"amount":[],"gas":"200000"},"signatures":[{"pub_key":{"type":"tendermint/PubKeySecp256k1","value":"AlB58ueSJFYSZfJCu2poe19hP0GnkuRkzIr85RX5w2yn"},"signature":"8rzsDNHRtnNjbPRbZkm/RoyaFpZU5GQWsrt8krC1rHYdimUluZDoZ1nHzZ+tupnLjdT+B/Pn+tfPdNZq3CCBJw=="}],"memo":"46ac7b8282a7ae665be4ca6047fee428b17c3323@192.168.1.216:26656"}}
