{"type":"cosmos-sdk/StdTx","value":{"msg":[{"type":"cosmos-sdk/MsgCreateValidator","value":{"description":{"moniker":"my_node","identity":"","website":"","security_contact":"","details":""},"commission":{"rate":"0.100000000000000000","max_rate":"0.200000000000000000","max_change_rate":"0.010000000000000000"},"min_self_delegation":"1","delegator_address":"front1gt9k9pa375psqq3587lffg4c5700n69hhdcath","validator_address":"frontvaloper1gt9k9pa375psqq3587lffg4c5700n69hrz2nz8","pubkey":"frontvalconspub1zcjduepql7tder94n943cp6s6nfj3jzxq5spwtn9jxvjh3pl9fvw3exr8f4qpm24c5","value":{"denom":"front","amount":"1000000000000"}}}],"fee":{"amount":[],"gas":"200000"},"signatures":[{"pub_key":{"type":"tendermint/PubKeySecp256k1","value":"Atr3RyX8pYuSNBF+4mO2FqzLolqn+ZAeTOe+OAO3rMsK"},"signature":"n8MFYSGw6Y2vodlk8Nk3uAuQ1kyG1C+9GJyLTmDNxjRBcN5cEZBy95yDDYHXbMH1Hh6NU8fPD+nWHWqOG7MVbQ=="}],"memo":"065e28cc699abe86ae17b2ea8d71af4606647649@192.168.153.128:26656"}}
