{"type":"cosmos-sdk/StdTx","value":{"msg":[{"type":"cosmos-sdk/MsgCreateValidator","value":{"description":{"moniker":"my_node","identity":"","website":"","security_contact":"","details":""},"commission":{"rate":"0.100000000000000000","max_rate":"0.200000000000000000","max_change_rate":"0.010000000000000000"},"min_self_delegation":"1","delegator_address":"front1n76af3g5p3h9h0rpleu30ywkp7zuxv8dznj7mc","validator_address":"frontvaloper1n76af3g5p3h9h0rpleu30ywkp7zuxv8dkuqsjg","pubkey":"frontvalconspub1zcjduepqqc27u6chxhghzz40gl3r4cum6ay480gu295n4w2nfydtg49gw9msrsyx0u","value":{"denom":"front","amount":"1000000000000"}}}],"fee":{"amount":[],"gas":"200000"},"signatures":[{"pub_key":{"type":"tendermint/PubKeySecp256k1","value":"At33bDmSdQEU3urgJYuC+am33MuGbPG5fn+nbPi3/d3z"},"signature":"WjRmPTIPnUMf/PEszadRqLJxK4h6lvRkZWhg373UHIMs4ydlMaai81DG3tDKSl1JsQHPMPl/JCFMSj2ri19sZw=="}],"memo":"2609bcc9c7a460585665f64af36c24e751825cd3@10.140.0.4:26656"}}
