{"type":"cosmos-sdk/StdTx","value":{"msg":[{"type":"cosmos-sdk/MsgCreateValidator","value":{"description":{"moniker":"fikalik","identity":"","website":"","security_contact":"","details":""},"commission":{"rate":"0.100000000000000000","max_rate":"0.200000000000000000","max_change_rate":"0.010000000000000000"},"min_self_delegation":"1","delegator_address":"front198k8h8wjaurff6nvcv0d2svg8zmelhhp5vq6l4","validator_address":"frontvaloper198k8h8wjaurff6nvcv0d2svg8zmelhhpqrj5k9","pubkey":"frontvalconspub1zcjduepqu59t58rpn0yxxq3mmv8vwhlwyt5f74ylpgvad598kav8md5fngqsqqrpj9","value":{"denom":"front","amount":"1000000000000"}}}],"fee":{"amount":[],"gas":"200000"},"signatures":[{"pub_key":{"type":"tendermint/PubKeySecp256k1","value":"AuP1IVaneuTZIiZkf0flk8J53uMSCiHMF56zHEiGEBUS"},"signature":"S3o7sN+yC4UAD7e2ukOhSreXA4nEG0swrggBIStmFpMY66yDuFMPmAgCuWgeFXVsUbtMjk5P109kfcdk1v/lBg=="}],"memo":"0c771eda3a2a47762a828b39fb021ccc6e3eb6eb@140.82.38.197:26656"}}
