{"type":"cosmos-sdk/StdTx","value":{"msg":[{"type":"cosmos-sdk/MsgCreateValidator","value":{"description":{"moniker":"hayrunnisa","identity":"","website":"","security_contact":"","details":""},"commission":{"rate":"0.100000000000000000","max_rate":"0.200000000000000000","max_change_rate":"0.010000000000000000"},"min_self_delegation":"1","delegator_address":"front140z2s86j0qahpq4ced7reyc2j5ddrff7y9cylx","validator_address":"frontvaloper140z2s86j0qahpq4ced7reyc2j5ddrff7s222kk","pubkey":"frontvalconspub1zcjduepql9pu2mldwx8u4aruv6w4y625jfhyaquhzhtd39dnjk98aj6eg98qyqsxmr","value":{"denom":"front","amount":"1000000000000"}}}],"fee":{"amount":[],"gas":"200000"},"signatures":[{"pub_key":{"type":"tendermint/PubKeySecp256k1","value":"AvOZcX4ZAbqOglcog4WOtV13ib/5vxGfhs8Dq6816BqZ"},"signature":"RSgj30e5zpSNDbMsYhy6wdKGOV1Mv8j7Umr/1v/HWnwc6hm4ymcwzJwxtuGDj+PhAG6Ve7FgY2ekioiLF9pSJg=="}],"memo":"2672ccc06b08e1e3406e3bd16821d576b24966eb@178.128.247.49:26656"}}
