{"type":"cosmos-sdk/StdTx","value":{"msg":[{"type":"cosmos-sdk/MsgCreateValidator","value":{"description":{"moniker":"zzzNODA","identity":"","website":"","security_contact":"","details":""},"commission":{"rate":"0.100000000000000000","max_rate":"0.200000000000000000","max_change_rate":"0.010000000000000000"},"min_self_delegation":"1","delegator_address":"front1yjwlq9sg50mn4zjqmulq8l6hvlphamw53phm2z","validator_address":"frontvaloper1yjwlq9sg50mn4zjqmulq8l6hvlphamw59w94rj","pubkey":"frontvalconspub1zcjduepqy84nl5tene639ceggcrdpd9p729jdfjrcemtcewkmd8ragq0vlhqn8wx0q","value":{"denom":"front","amount":"1000000000000"}}}],"fee":{"amount":[],"gas":"200000"},"signatures":[{"pub_key":{"type":"tendermint/PubKeySecp256k1","value":"AvV+CNVBuReW214m8Flynj8/lRpkkjK6GVTg9nxsoojc"},"signature":"3AzksuzGINQz/o04LtFnTiKR+ijTJAT7FirSAX6hCw1MxSKJ0cyfTQzMvWtA3QluGkHxO4NDRwXYL9EctQkP2w=="}],"memo":"464e0ad8d617b4d8540b6dc8871f3b94642b251e@162.55.36.197:26656"}}
