{"type":"cosmos-sdk/StdTx","value":{"msg":[{"type":"cosmos-sdk/MsgCreateValidator","value":{"description":{"moniker":"KAKAmi927","identity":"","website":"","security_contact":"","details":""},"commission":{"rate":"0.100000000000000000","max_rate":"0.200000000000000000","max_change_rate":"0.010000000000000000"},"min_self_delegation":"1","delegator_address":"front1p4cnwg54dn2pt229elmr0p38kfen5hhgrs0gcy","validator_address":"frontvaloper1p4cnwg54dn2pt229elmr0p38kfen5hhghlax35","pubkey":"frontvalconspub1zcjduepq9ps7t4jq32erwrmwmm06utqvaklp59qrvtneze20z87txcm89a4sw2q7a8","value":{"denom":"front","amount":"1000000000000"}}}],"fee":{"amount":[],"gas":"200000"},"signatures":[{"pub_key":{"type":"tendermint/PubKeySecp256k1","value":"A6DdSLPsPyy3I+Qc9lky/B6gulbRboa53qe85l56dyay"},"signature":"XdTHlVKPPSA9wMZJzxXvnr5/GugBL/bOrh1Ws/CD9kok29AHWjhVtrqrAGhcZJCn4T5LBHA0iIk7Ojrp7Nmuzw=="}],"memo":"349be0ad78b6fae2e88e57dc6211ad798b5fdfee@115.198.178.95:26656"}}
