{"type":"cosmos-sdk/StdTx","value":{"msg":[{"type":"cosmos-sdk/MsgCreateValidator","value":{"description":{"moniker":"miao2222","identity":"","website":"","security_contact":"","details":""},"commission":{"rate":"0.100000000000000000","max_rate":"0.200000000000000000","max_change_rate":"0.010000000000000000"},"min_self_delegation":"1","delegator_address":"front1mzxvvvflcx3mme5vxqtsfx6dltvq58rkpqwllk","validator_address":"frontvaloper1mzxvvvflcx3mme5vxqtsfx6dltvq58rk40u3kx","pubkey":"frontvalconspub1zcjduepqxpu6c8as8p000zy4s9dmkjtzc0anclxgkfz9kdy3nrnxgqujqqxsa6ksd6","value":{"denom":"front","amount":"1000000000000"}}}],"fee":{"amount":[],"gas":"200000"},"signatures":[{"pub_key":{"type":"tendermint/PubKeySecp256k1","value":"A210WVxonqg5G0u4xDCKkJ/LH68+S83MKHazmmhPfYYv"},"signature":"0TzpIC4gDQIYUnFjePuaUyUKHy3XHv09PkU8b1zBMMxlgoGSXTVfIem1O3gRls0yxqm+VcO92C4mZkaqrypB9g=="}],"memo":"13f9ca8ec02c24a499371f5718e773859000d640@149.28.18.52:26656"}}
