{"type":"cosmos-sdk/StdTx","value":{"msg":[{"type":"cosmos-sdk/MsgCreateValidator","value":{"description":{"moniker":"zoomersevntu","identity":"","website":"","security_contact":"","details":""},"commission":{"rate":"0.100000000000000000","max_rate":"0.200000000000000000","max_change_rate":"0.010000000000000000"},"min_self_delegation":"1","delegator_address":"front1qzcsvgylfgllnv5w6d6z9v2up62cms2ynpgmkj","validator_address":"frontvaloper1qzcsvgylfgllnv5w6d6z9v2up62cms2y8w64lz","pubkey":"frontvalconspub1zcjduepq6lepx5ptfj8rcv97xp7rjf4suuqqf8c7frzee2h9n6un9ac7g5dq9gze6z","value":{"denom":"front","amount":"1000000000000"}}}],"fee":{"amount":[],"gas":"200000"},"signatures":[{"pub_key":{"type":"tendermint/PubKeySecp256k1","value":"AgvxhBLlJmuDhfgBVnxASjDEMTn1Lb38GRTj0BTkw+YE"},"signature":"Zpin+/dwrkHiRcPoqaMPwNIGzuXefQiYmZv531w7W+YcdDRZaAhOBcYTntznsWP2z9UrO2NjVqXAJhU+/bi0qw=="}],"memo":"64e42364c3942d4c7289cc1ba99360a9b31f5008@167.86.122.129:26656"}}
