{"type":"cosmos-sdk/StdTx","value":{"msg":[{"type":"cosmos-sdk/MsgCreateValidator","value":{"description":{"moniker":"V001","identity":"","website":"","security_contact":"","details":""},"commission":{"rate":"0.100000000000000000","max_rate":"0.200000000000000000","max_change_rate":"0.010000000000000000"},"min_self_delegation":"1","delegator_address":"front128jcanj3jejj3tp3mm3zgqrjn8fswaec0ma4cr","validator_address":"frontvaloper128jcanj3jejj3tp3mm3zgqrjn8fswaecm50m3n","pubkey":"frontvalconspub1zcjduepqt58gee7s502ufda3vqwsvuc7aegywayemmjrrz558t62s9kecgaqd2u92g","value":{"denom":"front","amount":"1000000000000"}}}],"fee":{"amount":[],"gas":"200000"},"signatures":[{"pub_key":{"type":"tendermint/PubKeySecp256k1","value":"A31BjSfYjtZnj9DxzjKQmdpCATDtP/TRyEWpVbEwHu00"},"signature":"TA5VIRkXD1Ch/qcdSdpfr3vetT6gzUQIbmfbGVaTaeAWP0l6AZ7YVuwdhRALBxwMYmM6nnU1yOiI5wLkqEzCqw=="}],"memo":"42443bc8ada329c1d3369e3d8da3fee765348df5@45.63.25.146:26656"}}
