{"type":"cosmos-sdk/StdTx","value":{"msg":[{"type":"cosmos-sdk/MsgCreateValidator","value":{"description":{"moniker":"karat","identity":"","website":"","security_contact":"","details":""},"commission":{"rate":"0.100000000000000000","max_rate":"0.200000000000000000","max_change_rate":"0.010000000000000000"},"min_self_delegation":"1","delegator_address":"front1qmnl6y3wlcthfzltky0svsmarlqd6plj77kywj","validator_address":"frontvaloper1qmnl6y3wlcthfzltky0svsmarlqd6plj23y28z","pubkey":"frontvalconspub1zcjduepq0rs00hlun7088gdjclhsq8y7n4y5zchmmakd2vnhunrgv54lrwsqgy6swy","value":{"denom":"front","amount":"1000000000000"}}}],"fee":{"amount":[],"gas":"200000"},"signatures":[{"pub_key":{"type":"tendermint/PubKeySecp256k1","value":"AsffjCRkwt9Vx2twr0bNuLPHh6ay6uepvqTKMwdu1I9q"},"signature":"NE+GY0tRBwH20VMQ9XCa4wGbDoOBU9//9mi8HOIovn8wl3nCQRkbFu0Y1xKYZcGqWgdYwTBJMbMVall8HWn1lA=="}],"memo":"1f13cdd14edc8e88113bb9100b818eb12e882e91@206.189.6.164:26656"}}
