{"type":"cosmos-sdk/StdTx","value":{"msg":[{"type":"cosmos-sdk/MsgCreateValidator","value":{"description":{"moniker":"my_node","identity":"","website":"","security_contact":"","details":""},"commission":{"rate":"0.100000000000000000","max_rate":"0.200000000000000000","max_change_rate":"0.010000000000000000"},"min_self_delegation":"1","delegator_address":"front1x0fm8py5tfggap532ad0t07yn2ymd7evm0l3l0","validator_address":"frontvaloper1x0fm8py5tfggap532ad0t07yn2ymd7ev0qdlkl","pubkey":"frontvalconspub1zcjduepq3hzp8wym3ujn0q6c8lcf95224vtsxvkgkyrwj5v2r8hlg928humsel0ckd","value":{"denom":"front","amount":"1000000000000"}}}],"fee":{"amount":[],"gas":"200000"},"signatures":[{"pub_key":{"type":"tendermint/PubKeySecp256k1","value":"ApNzOWMrzR/Yp4yWoolw64KXwGu6/G0DhDiJPhXjr6/6"},"signature":"YdOV7DpNDcquAuO+/xdYp4dNRDveYdmHUj53ghRa5IojvFvEt56XBDDh/LHzJzg8jQFdZp6EY0DR9BcNJiDJ3Q=="}],"memo":"36a5d7dcb34c1bd1b35d5067b4bfe500256c4669@10.128.0.8:26656"}}
