{"type":"cosmos-sdk/StdTx","value":{"msg":[{"type":"cosmos-sdk/MsgCreateValidator","value":{"description":{"moniker":"zhang","identity":"","website":"","security_contact":"","details":""},"commission":{"rate":"0.100000000000000000","max_rate":"0.200000000000000000","max_change_rate":"0.010000000000000000"},"min_self_delegation":"1","delegator_address":"front18wwk7xrg8dr3zc0uq94ut7akdrv0082tlhnl6a","validator_address":"frontvaloper18wwk7xrg8dr3zc0uq94ut7akdrv0082ttcp3nd","pubkey":"frontvalconspub1zcjduepq76g8m6mzndn39rr8jkp54r48n4q02e5z7zdn0azra6dfhk0cjllqdcng2z","value":{"denom":"front","amount":"1000000000000"}}}],"fee":{"amount":[],"gas":"200000"},"signatures":[{"pub_key":{"type":"tendermint/PubKeySecp256k1","value":"A2/IPEFg4emmRDtzv9w8Ud784pHWJWngt9+j/NdLK6+N"},"signature":"s/XyoEQBCSgljjbPiDL5fV0E2gYyVydxl9FDOScRRNJzvaIYr5zeXwZCRvgSgeg9SY3Dk66Z9hkpzXrXDVtE0Q=="}],"memo":"445bb3ffb94324a5d20301283b14380541285b8e@10.170.0.4:26656"}}
