{"type":"cosmos-sdk/StdTx","value":{"msg":[{"type":"cosmos-sdk/MsgCreateValidator","value":{"description":{"moniker":"pappel","identity":"","website":"","security_contact":"","details":""},"commission":{"rate":"0.100000000000000000","max_rate":"0.200000000000000000","max_change_rate":"0.010000000000000000"},"min_self_delegation":"1","delegator_address":"front1v7mqpcvn5h5g5rmswlzyz396yvnf5t2enxra67","validator_address":"frontvaloper1v7mqpcvn5h5g5rmswlzyz396yvnf5t2e8f3nnw","pubkey":"frontvalconspub1zcjduepq56v03guygvuzrh72gdtr2l59h65nl0yyyzkphs9jacl4pagldz8quteh26","value":{"denom":"front","amount":"1000000000000"}}}],"fee":{"amount":[],"gas":"200000"},"signatures":[{"pub_key":{"type":"tendermint/PubKeySecp256k1","value":"A9XsIo9WO5zm5cS4ltkHda9drHfTQ/0u+YxQV2KtwpJ1"},"signature":"U+eiEgJT/S2OgQjWYoY7kQyASsU/YBMGm0ffqoEYJYIZ0VAOyVeqe2A9yg5vEvY1posNmncyn+t6TBjAjF++LQ=="}],"memo":"1be23cb8d6b78f41f822394ad9890bc2db3b8972@80.240.17.86:26656"}}
