{"type":"cosmos-sdk/StdTx","value":{"msg":[{"type":"cosmos-sdk/MsgCreateValidator","value":{"description":{"moniker":"kommun9ka","identity":"","website":"","security_contact":"","details":""},"commission":{"rate":"0.100000000000000000","max_rate":"0.200000000000000000","max_change_rate":"0.010000000000000000"},"min_self_delegation":"1","delegator_address":"front172pq75uhwy7q7fs775dfrrmmp4x5rz0v0a83w3","validator_address":"frontvaloper172pq75uhwy7q7fs775dfrrmmp4x5rz0vmj4l8p","pubkey":"frontvalconspub1zcjduepq6k4cch37z5wrp9qxkkk9cuznhxhv0wnp2jvewphtqlfqza7xugesymvqkt","value":{"denom":"front","amount":"1000000000000"}}}],"fee":{"amount":[],"gas":"200000"},"signatures":[{"pub_key":{"type":"tendermint/PubKeySecp256k1","value":"AgPHpkgC3UYJWfl1DT3SG6qXzFrwmvtmj6dM1QvbJ3pT"},"signature":"9La4n6cwKOKwNFg0PNtKvLxLGACtG9CZk7Nn6tsQk/wi9OYnRE/5Wumi/+HFuOR31LTKCIBwPAVrmGbITDIzEw=="}],"memo":"350f3785412a65dc367f2296bb0776ac8d0eea41@185.241.52.194:26656"}}
