{"type":"cosmos-sdk/StdTx","value":{"msg":[{"type":"cosmos-sdk/MsgCreateValidator","value":{"description":{"moniker":"my_node","identity":"","website":"","security_contact":"","details":""},"commission":{"rate":"0.100000000000000000","max_rate":"0.200000000000000000","max_change_rate":"0.010000000000000000"},"min_self_delegation":"1","delegator_address":"front1qtqkful67r6hc75agf8hp05z8c4f5acq98ch3k","validator_address":"frontvaloper1qtqkful67r6hc75agf8hp05z8c4f5acq3g2ecx","pubkey":"frontvalconspub1zcjduepq5sst6nuxygw32zymka2asfezr3hv9hll3d2mnu7xh0lk64g5rfeqem4qmv","value":{"denom":"front","amount":"1000000000000"}}}],"fee":{"amount":[],"gas":"200000"},"signatures":[{"pub_key":{"type":"tendermint/PubKeySecp256k1","value":"AlWsMl7Fa6FH8474WxGlvVvwUgL0IrJA+oqUkjnip0Vk"},"signature":"PIrmvHUUOBkWwPi8kju0p60UwN680Freyz4BItHmdYlz8CRzqTmwo2C519qlYtXYjYXpabdg3p3J72YuJKrX4Q=="}],"memo":"495d29255baef11fbc68a897137ac49f087b0790@64.227.127.80:26656"}}
