{"type":"cosmos-sdk/StdTx","value":{"msg":[{"type":"cosmos-sdk/MsgCreateValidator","value":{"description":{"moniker":"valik","identity":"","website":"","security_contact":"","details":""},"commission":{"rate":"0.100000000000000000","max_rate":"0.200000000000000000","max_change_rate":"0.010000000000000000"},"min_self_delegation":"1","delegator_address":"front154w8zaatlnwk4gzyad57qqem7zzvhge4xvwtxa","validator_address":"frontvaloper154w8zaatlnwk4gzyad57qqem7zzvhge4jru90d","pubkey":"frontvalconspub1zcjduepqvcl3f0axw363yz5246ktl9ky4zfm7fvwuxuwv9pr5h04fp3tpz6sqqftxq","value":{"denom":"front","amount":"1000000000000"}}}],"fee":{"amount":[],"gas":"200000"},"signatures":[{"pub_key":{"type":"tendermint/PubKeySecp256k1","value":"AvJNMtzQcJUiQFCcZ8HCBVAnpkwz5ut7zca9Wt8NMDaN"},"signature":"5fYL2t6t7hX2Sux9WVZLJsqbtxrFmyn7hWO5JtazwSQhPP3fesOmFBhlCLVLZMOcg/i/1aMNxPM3mmUwk4etSg=="}],"memo":"13b680fef27fb698ac3e5c9ecf2710c12ed1ef0a@144.76.159.216:26656"}}
