{"type":"cosmos-sdk/StdTx","value":{"msg":[{"type":"cosmos-sdk/MsgCreateValidator","value":{"description":{"moniker":"joinloka","identity":"","website":"","security_contact":"","details":""},"commission":{"rate":"0.100000000000000000","max_rate":"0.200000000000000000","max_change_rate":"0.010000000000000000"},"min_self_delegation":"1","delegator_address":"front1nyw9zk5u56uqspxwq8k6n3g6jp2l3t9p7l740a","validator_address":"frontvaloper1nyw9zk5u56uqspxwq8k6n3g6jp2l3t9p2svmxd","pubkey":"frontvalconspub1zcjduepq8gdfecd92amvpdegxl20c79zz83cv8kdf0lq8aqt2ycjykfea2xq8aqeft","value":{"denom":"front","amount":"1000000000000"}}}],"fee":{"amount":[],"gas":"200000"},"signatures":[{"pub_key":{"type":"tendermint/PubKeySecp256k1","value":"A4hjxhwSbmEOjTOdsI/2GYWsxu9bKXsFk76Km4cO9fjs"},"signature":"CLfKfVt2oQSFZDoQG1B7mx11G44/tC4fTY0XyLehOidsCLKt3ZRI5zaSLGH3amSSiCcPj8KOccx910hBysaYag=="}],"memo":"03248d646699f1a39011d5cc557253b73a4a5cb9@167.71.33.90:26656"}}
