{"type":"cosmos-sdk/StdTx","value":{"msg":[{"type":"cosmos-sdk/MsgCreateValidator","value":{"description":{"moniker":"my_node","identity":"","website":"","security_contact":"","details":""},"commission":{"rate":"0.100000000000000000","max_rate":"0.200000000000000000","max_change_rate":"0.010000000000000000"},"min_self_delegation":"1","delegator_address":"front16md7plkdvx9jc2lwd7z6xaldyqxdwgs4emf7w6","validator_address":"frontvaloper16md7plkdvx9jc2lwd7z6xaldyqxdwgs4d5ms82","pubkey":"frontvalconspub1zcjduepq55xclhj2ae92qk5ytln7lqkvgqdkrw5270sy27pmywld7x3tv9aqpcnfvv","value":{"denom":"front","amount":"1000000000000"}}}],"fee":{"amount":[],"gas":"200000"},"signatures":[{"pub_key":{"type":"tendermint/PubKeySecp256k1","value":"Ah7a92krP19rKXc90ZKAwgLpaFV3qdAjX83bzuyN1C1b"},"signature":"SHC1+n4ZoDEqwIXs/OFcD2Ci8M6BQHYFwRxOC5LHzfs7jkJaQtjzx9XqxDAUMKqHOd6pGi9DBI5ZMwlU3g8Iyw=="}],"memo":"5478875ef4a8a8ce940f043056ab7612cec99965@140.82.43.75:26656"}}
