{"type":"cosmos-sdk/StdTx","value":{"msg":[{"type":"cosmos-sdk/MsgCreateValidator","value":{"description":{"moniker":"node19","identity":"","website":"","security_contact":"","details":""},"commission":{"rate":"0.100000000000000000","max_rate":"0.200000000000000000","max_change_rate":"0.010000000000000000"},"min_self_delegation":"1","delegator_address":"front1vqwdley7p0wq0yfpd3ehs55wslw4lcgqkpchdq","validator_address":"frontvaloper1vqwdley7p0wq0yfpd3ehs55wslw4lcgqzw2eys","pubkey":"frontvalconspub1zcjduepqfc3a8x6anp77vhc7094qmva52evckfsvqkpuqmz6my2y6wf0dccq6rl479","value":{"denom":"front","amount":"1000000000000"}}}],"fee":{"amount":[],"gas":"200000"},"signatures":[{"pub_key":{"type":"tendermint/PubKeySecp256k1","value":"AiN8mYNteN0GVhuUhy4Y/iDj4wfyAWqvbnNVul14ft7s"},"signature":"GmQe8Tmikm//wFRBg9vhhqOwXXa1XjSSq29+N7kb9PF+oXN4bstT8LAF8uWxXWktnvDOuSSs2gQvN5O2grFWUQ=="}],"memo":"0777a517ffc1c33ef4abc1515abc36f66c3d57be@45.76.206.117:26656"}}
