{"type":"cosmos-sdk/StdTx","value":{"msg":[{"type":"cosmos-sdk/MsgCreateValidator","value":{"description":{"moniker":"StakeService","identity":"7128D72DD6CE51AC","website":"http://stakeservice.com/","security_contact":"","details":"StakeService is an experienced Proof-of-Stake validator for Celo, Graph, Solana, Plasm, Avalanche, Sentinel, Bitsong"},"commission":{"rate":"0.100000000000000000","max_rate":"1.000000000000000000","max_change_rate":"1.000000000000000000"},"min_self_delegation":"1","delegator_address":"front1nzpraynqs0jnf5rjemc7j9yv5tuhhsuusw8vgh","validator_address":"frontvaloper1nzpraynqs0jnf5rjemc7j9yv5tuhhsuuyp4zp8","pubkey":"frontvalconspub1zcjduepqfp83gjd6fyeft55ndpjsvzyv8lk7pmc38ypd25pm2exqmshhm3uqskfhzz","value":{"denom":"front","amount":"1000000000000"}}}],"fee":{"amount":[],"gas":"200000"},"signatures":[{"pub_key":{"type":"tendermint/PubKeySecp256k1","value":"Ardp3CwvB6lR1L5yI3SX0iovMI8g4HcPYXse92dcMOO3"},"signature":"oFn9qYqUUeGHAgXHqJlpYyPD4nFAO7qJII6v331cxYUScxazhKnsW1AbhejFa3tMqM991InDnRKF+2Lu/a8yYA=="}],"memo":"03057c6d3a2233f03809fd050354709910118296@95.217.34.120:26656"}}
