{"type":"cosmos-sdk/StdTx","value":{"msg":[{"type":"cosmos-sdk/MsgCreateValidator","value":{"description":{"moniker":"my_node","identity":"","website":"","security_contact":"","details":""},"commission":{"rate":"0.100000000000000000","max_rate":"0.200000000000000000","max_change_rate":"0.010000000000000000"},"min_self_delegation":"1","delegator_address":"front18dwq4llcu85hjg69lca5yy6y3andef065h9jvv","validator_address":"frontvaloper18dwq4llcu85hjg69lca5yy6y3andef06qchu9u","pubkey":"frontvalconspub1zcjduepq2vqukud75sz2ke5pkv20akpvrrefst72meg7mzq86sn4cyhj270qcv7gt6","value":{"denom":"front","amount":"1000000000000"}}}],"fee":{"amount":[],"gas":"200000"},"signatures":[{"pub_key":{"type":"tendermint/PubKeySecp256k1","value":"Ag2MdcJKopCdyvwmUezxWIEx2FlAuMS2ahZWnA8DuFww"},"signature":"HS4QxJC2j1Dbdh+Cxoe5Y9IvXRG9Z9ykjaweW7/dnetOhHMSX9ShuPMSAt/dxl5XMgn85dfEosQfCMWJ+1E3sA=="}],"memo":"199bfd90f1c4fe8a6337ff027415416b56783464@172.28.17.91:26656"}}
