{"type":"cosmos-sdk/StdTx","value":{"msg":[{"type":"cosmos-sdk/MsgCreateValidator","value":{"description":{"moniker":"discd","identity":"","website":"","security_contact":"","details":""},"commission":{"rate":"0.100000000000000000","max_rate":"0.200000000000000000","max_change_rate":"0.010000000000000000"},"min_self_delegation":"1","delegator_address":"front18xqx0eg6r2796cp7mlmsfsh2avpq7hl3cll3nx","validator_address":"frontvaloper18xqx0eg6r2796cp7mlmsfsh2avpq7hl3vsdl6k","pubkey":"frontvalconspub1zcjduepqzdpskvlfnygyf4a0c3euttj4z2qqfuew0sdeu36aefz8jujr6asq4vp482","value":{"denom":"front","amount":"1000000000000"}}}],"fee":{"amount":[],"gas":"200000"},"signatures":[{"pub_key":{"type":"tendermint/PubKeySecp256k1","value":"AxkFcRmbwuG5EW3AlHxpI/gb7FqIV/iE+xWXazy6+dLC"},"signature":"dK5uJ2HPfG43A38x/mAhGfAggsNG62riv2NLDlLEvd4NVPijULRKfHMOKqFeeFW2/cE+DbO3uELEgceyZ+zRGA=="}],"memo":"28d51f19e71214103008fd9eccdd8017dc37957f@104.207.150.229:26656"}}
