{"type":"cosmos-sdk/StdTx","value":{"msg":[{"type":"cosmos-sdk/MsgCreateValidator","value":{"description":{"moniker":"linapoker3012","identity":"","website":"","security_contact":"","details":""},"commission":{"rate":"0.100000000000000000","max_rate":"0.200000000000000000","max_change_rate":"0.010000000000000000"},"min_self_delegation":"1","delegator_address":"front1cnh2jhsetn9kpkw7kjvqwqz6gyxh6palldltxe","validator_address":"frontvaloper1cnh2jhsetn9kpkw7kjvqwqz6gyxh6paltzd90f","pubkey":"frontvalconspub1zcjduepqujr0cdjgqje27munlnsfg0vc5anx5w9u0zhm4ffntaudcr92acyqy2nqnl","value":{"denom":"front","amount":"1000000000000"}}}],"fee":{"amount":[],"gas":"200000"},"signatures":[{"pub_key":{"type":"tendermint/PubKeySecp256k1","value":"AyZvxbYVkEJwO9qb40uTz2e2aUFyKDEAtL6XVbBbssu7"},"signature":"/dwv9n3sd4jJ+DBt9P1Wjik6iD+HJBM6tHuObvYALO0OO0ctOkarN9H70kSa66T5Wy5uEXJRlzGtZ9MK1DeneA=="}],"memo":"1772882b4f753a606b7f0e4d3620f1dfbed38a15@185.209.31.84:26656"}}
