{"type":"cosmos-sdk/StdTx","value":{"msg":[{"type":"cosmos-sdk/MsgCreateValidator","value":{"description":{"moniker":"slavaa129","identity":"","website":"","security_contact":"","details":""},"commission":{"rate":"0.100000000000000000","max_rate":"0.200000000000000000","max_change_rate":"0.010000000000000000"},"min_self_delegation":"1","delegator_address":"front1cetqy8e47zlvcnnc3ecn40yj8qlkl7w8nfwkkn","validator_address":"frontvaloper1cetqy8e47zlvcnnc3ecn40yj8qlkl7w88xuclr","pubkey":"frontvalconspub1zcjduepqvrjqsg20l27weywln07rrw7l7xfl73ekd0r32a5eruc03hzh8h6qey84ex","value":{"denom":"front","amount":"1000000000000"}}}],"fee":{"amount":[],"gas":"200000"},"signatures":[{"pub_key":{"type":"tendermint/PubKeySecp256k1","value":"A2QLpNEgHFUvgDUmOGALFoMr+ZgJV7SNKvKfdoDFCeWg"},"signature":"4pvK4vyx6ZFL0yZ5fDYxoqJnv8zers9FWZOvpqEcnyA5sUeZdses6q+9srxp48HU1dlkRZf8kaWRU2q+IUul8A=="}],"memo":"0ea820b936a723d440783f53676b24346b8d4b69@75.119.136.22:26656"}}
