{"type":"cosmos-sdk/StdTx","value":{"msg":[{"type":"cosmos-sdk/MsgCreateValidator","value":{"description":{"moniker":"shaoxuan","identity":"","website":"","security_contact":"","details":""},"commission":{"rate":"0.100000000000000000","max_rate":"0.200000000000000000","max_change_rate":"0.010000000000000000"},"min_self_delegation":"1","delegator_address":"front1vsv2l9s06nptqcu027gclcymg4z3qm967d9e6h","validator_address":"frontvaloper1vsv2l9s06nptqcu027gclcymg4z3qm962zhhn8","pubkey":"frontvalconspub1zcjduepqw8t3v24ev99vr7gsuqkt6vzynm97df2h6xmygjwed7rlpey5susq7u9ate","value":{"denom":"front","amount":"1000000000000"}}}],"fee":{"amount":[],"gas":"200000"},"signatures":[{"pub_key":{"type":"tendermint/PubKeySecp256k1","value":"A/OhfAKavQizIQD9YD80FXLw/D/BZ9BeeIKOdA3nawiF"},"signature":"7KHSXFni+mf0ghcgbx3W8n4FcdxILNuNxVdvC6twcPAQEABDYaJnSmQIixrxsYupSBRPLj4CbfXVPGvGuPp+GQ=="}],"memo":"291cff6389b4d647903ce95a1885a2e01dcb0115@172.22.0.7:26656"}}
