{"type":"cosmos-sdk/StdTx","value":{"msg":[{"type":"cosmos-sdk/MsgCreateValidator","value":{"description":{"moniker":"ossheafe","identity":"","website":"","security_contact":"","details":""},"commission":{"rate":"0.100000000000000000","max_rate":"0.200000000000000000","max_change_rate":"0.010000000000000000"},"min_self_delegation":"1","delegator_address":"front1uevfw80c04cgnpnrumwywau9p4zjgca64epj0g","validator_address":"frontvaloper1uevfw80c04cgnpnrumwywau9p4zjgca6pknuxc","pubkey":"frontvalconspub1zcjduepqzgxeevd54582gdreudps57kpa9s5kea7yhd4jy4fftgpg7k8rw0q2mpc34","value":{"denom":"front","amount":"1000000000000"}}}],"fee":{"amount":[],"gas":"200000"},"signatures":[{"pub_key":{"type":"tendermint/PubKeySecp256k1","value":"A6TH2wf02IgBK+OiZjpFUVj+hn4JlChhIRzF3JftMLj9"},"signature":"XooHDpYpBNe2+l35fkAb93rVAmDwUbBYK9cS1YBM5051FQhAxAemWGDxp0xyc1m198Ey9Kxhp1uCnrDBPOcZGg=="}],"memo":"3ada4cfb0eca1dbed4d194b9065412e33eb281d5@165.227.168.182:26656"}}
