{"type":"cosmos-sdk/StdTx","value":{"msg":[{"type":"cosmos-sdk/MsgCreateValidator","value":{"description":{"moniker":"my_node","identity":"","website":"","security_contact":"","details":""},"commission":{"rate":"0.100000000000000000","max_rate":"0.200000000000000000","max_change_rate":"0.010000000000000000"},"min_self_delegation":"1","delegator_address":"front1weuwglxqe9yy5g60yxhwc3n9n2kjw837lwvccc","validator_address":"frontvaloper1weuwglxqe9yy5g60yxhwc3n9n2kjw837tp7k3g","pubkey":"frontvalconspub1zcjduepqy2t904hhy5p6x5vx3xvw3mafhtwd8rdpnwhyxwk2sw7pjf4am4jqjrz0nm","value":{"denom":"front","amount":"1000000000000"}}}],"fee":{"amount":[],"gas":"200000"},"signatures":[{"pub_key":{"type":"tendermint/PubKeySecp256k1","value":"AiX5INoTlOb0g9/WCkTiA4dysm8YzXa5qiBRUrJPKvhx"},"signature":"7JilMbA3aLTjchOSgSKHXaafUU6KntKJYUOdkV1tBCZnIprSOK4vrWPJ/4s/xT4ZazMjygxo8rp+mnBIIYnjYA=="}],"memo":"532271ee06515aaff9c254a762271fb1f4ec786b@10.140.0.2:26656"}}
