{"type":"cosmos-sdk/StdTx","value":{"msg":[{"type":"cosmos-sdk/MsgCreateValidator","value":{"description":{"moniker":"member1337","identity":"","website":"","security_contact":"","details":""},"commission":{"rate":"0.100000000000000000","max_rate":"0.200000000000000000","max_change_rate":"0.010000000000000000"},"min_self_delegation":"1","delegator_address":"front1yvwn50nz5drz2mr4672faulrn4sr3ghqyvhwnt","validator_address":"frontvaloper1yvwn50nz5drz2mr4672faulrn4sr3ghqsr9q6m","pubkey":"frontvalconspub1zcjduepq524y3ys420lf7wrnc94fhhcwuufxgu6caa3wzcwcu4naglhsz97qyj2qvu","value":{"denom":"front","amount":"1000000000000"}}}],"fee":{"amount":[],"gas":"200000"},"signatures":[{"pub_key":{"type":"tendermint/PubKeySecp256k1","value":"AxHT1L7c0gE6uv1P9kCSoMvwdsZa1ZueZovIDIylftiJ"},"signature":"Zcae4Ivv3HVU8R+l0hytBYlTfXY4XsP35jBttk/RtelELFPtf7/qyyGpIQ7a5zUijT8503ZwTJ/y8EWgf1zuLg=="}],"memo":"47e3a034e5c0d0030e20dd671eabc6a808222643@195.2.70.209:26656"}}
