{"type":"cosmos-sdk/StdTx","value":{"msg":[{"type":"cosmos-sdk/MsgCreateValidator","value":{"description":{"moniker":"mexanic","identity":"","website":"","security_contact":"","details":""},"commission":{"rate":"0.100000000000000000","max_rate":"0.200000000000000000","max_change_rate":"0.010000000000000000"},"min_self_delegation":"1","delegator_address":"front1rfquadey4sqncw02zpxpkwfrnnzjwkk8ya3k3r","validator_address":"frontvaloper1rfquadey4sqncw02zpxpkwfrnnzjwkk8sjrccn","pubkey":"frontvalconspub1zcjduepqwj594n8wxd9dqkey4ntamwzzwxsa9jhkjfwu8kqgtg9hlnnh2evsdtdc5t","value":{"denom":"front","amount":"1000000000000"}}}],"fee":{"amount":[],"gas":"200000"},"signatures":[{"pub_key":{"type":"tendermint/PubKeySecp256k1","value":"AlGuZKzSw2TuMSHFqrn5jfK2st4HJ4S+EipGioA1pQ+n"},"signature":"YdUhQkqaZpwfY2T6EHWhwp0LRtKX5KNve04my+TIiQkLQR//CXQZD+o5ok1UNC0wAH7UbCz2z3tTjLfcXwNVxg=="}],"memo":"378e8757d2ab552f602748b782f5e27ac1ed7f35@138.201.135.79:26656"}}
