{"type":"cosmos-sdk/StdTx","value":{"msg":[{"type":"cosmos-sdk/MsgCreateValidator","value":{"description":{"moniker":"mir","identity":"","website":"","security_contact":"","details":""},"commission":{"rate":"0.100000000000000000","max_rate":"0.200000000000000000","max_change_rate":"0.010000000000000000"},"min_self_delegation":"1","delegator_address":"front19x5xnjuu6657dlyc7y307qr7svyjp9w79wpp7d","validator_address":"frontvaloper19x5xnjuu6657dlyc7y307qr7svyjp9w73pn0ha","pubkey":"frontvalconspub1zcjduepq367fd4gzqjf842u6u40x562unvl0she2l7g8m4vpmngny4e602dq0y8ukt","value":{"denom":"front","amount":"1000000000000"}}}],"fee":{"amount":[],"gas":"200000"},"signatures":[{"pub_key":{"type":"tendermint/PubKeySecp256k1","value":"AnhTJXDfmysg05ibO6veiYiDqCfw2gl0LlfbNPBomiEX"},"signature":"TX85QMW/kiGrnpXPHwK4BfBttcn2vz90z9GGoam2fH8aq4HLM0gdWTyVvypQM1PcFS9dlqAyZNOTJXjMlBxAfg=="}],"memo":"49ce27801b4fab12f1f6e09e23b2ce7703a0e11d@104.207.131.215:26656"}}
