{"type":"cosmos-sdk/StdTx","value":{"msg":[{"type":"cosmos-sdk/MsgCreateValidator","value":{"description":{"moniker":"pavlo","identity":"","website":"","security_contact":"","details":""},"commission":{"rate":"0.100000000000000000","max_rate":"0.200000000000000000","max_change_rate":"0.010000000000000000"},"min_self_delegation":"1","delegator_address":"front1gndxwzt68q6n6d35l2l90rjyspcelwq4jrq7l3","validator_address":"frontvaloper1gndxwzt68q6n6d35l2l90rjyspcelwq4xvjskp","pubkey":"frontvalconspub1zcjduepqv49x7ztxzn2cgpvhtyjhhls09ucees62wnggr5alpjfj2an80mlq35vyea","value":{"denom":"front","amount":"1000000000000"}}}],"fee":{"amount":[],"gas":"200000"},"signatures":[{"pub_key":{"type":"tendermint/PubKeySecp256k1","value":"AiUYLdcNxnTaX/w450/d8r/ZARVOVng7AXMl/S4GXFyu"},"signature":"oiPSePZiXiDDPQCen/RfGUx0XjCnmmi+kNp+NRXpI6wjem+wJP3iFQOu57AO2+v02yb9cJtf0bhHjR/cR+dGKw=="}],"memo":"3d985374e648779e1d8c7f8f1aba16b32c797285@136.244.81.115:26656"}}
