{"type":"cosmos-sdk/StdTx","value":{"msg":[{"type":"cosmos-sdk/MsgCreateValidator","value":{"description":{"moniker":"my_node","identity":"","website":"","security_contact":"","details":""},"commission":{"rate":"0.100000000000000000","max_rate":"0.200000000000000000","max_change_rate":"0.010000000000000000"},"min_self_delegation":"1","delegator_address":"front1f94s974fswge92yzeut7hpjj0egs8kf4cdk3pw","validator_address":"frontvaloper1f94s974fswge92yzeut7hpjj0egs8kf4vzylg7","pubkey":"frontvalconspub1zcjduepqk2g4ekl42ltvk7pzfvxemw2ay97watwrezvjgugcr9q3wwdd0n3svr88fq","value":{"denom":"front","amount":"1000000000000"}}}],"fee":{"amount":[],"gas":"200000"},"signatures":[{"pub_key":{"type":"tendermint/PubKeySecp256k1","value":"A+PVmZEIHNiLSNV2eKyN4OTuxom4l/NKTGuP0XWjD5TZ"},"signature":"e6ZCEBlhctl0W9ykw1os2qQvTvhoeV/nhPf9Pq+G2PFvs1L1unghA8LCBK2mQj6uZI7wbEAiipTTpOnb2ruGgg=="}],"memo":"039d3d049dadc8e940eb6b433fb4b7d4c16ad815@172.245.153.159:26656"}}
