{"type":"cosmos-sdk/StdTx","value":{"msg":[{"type":"cosmos-sdk/MsgCreateValidator","value":{"description":{"moniker":"shawnguo","identity":"","website":"","security_contact":"","details":""},"commission":{"rate":"0.100000000000000000","max_rate":"0.200000000000000000","max_change_rate":"0.010000000000000000"},"min_self_delegation":"1","delegator_address":"front1q5pdz4j3w3ha7rd43tsuu76fzhr39rz5vua4ln","validator_address":"frontvaloper1q5pdz4j3w3ha7rd43tsuu76fzhr39rz5cn0mkr","pubkey":"frontvalconspub1zcjduepqg8w92sn8gs4m9msu92gvcjlvej95cdrjcjty3mjmmhyxhn9dn5lq653att","value":{"denom":"front","amount":"1000000000000"}}}],"fee":{"amount":[],"gas":"200000"},"signatures":[{"pub_key":{"type":"tendermint/PubKeySecp256k1","value":"Ar7qy+171rFDDJfqi1m5BM25LkjKMXEM89UqcSQBqJkO"},"signature":"FgaNNcvcdk62w5KmlqeEWRNojZb0nHwgLitU+AuTEwQOZai4Ec2LNvRfxNFmO/1jMe+snZ94EJT1e8v/cHW8Pw=="}],"memo":"05da1fe5fe575ec209f3497c61414ca119424374@107.174.247.13:26656"}}
