{"type":"cosmos-sdk/StdTx","value":{"msg":[{"type":"cosmos-sdk/MsgCreateValidator","value":{"description":{"moniker":"VLT023","identity":"","website":"","security_contact":"","details":""},"commission":{"rate":"0.100000000000000000","max_rate":"0.200000000000000000","max_change_rate":"0.010000000000000000"},"min_self_delegation":"1","delegator_address":"front1tf74v4tj9psya90ejvzg62606kemx6n9ac7mtv","validator_address":"frontvaloper1tf74v4tj9psya90ejvzg62606kemx6n9fhv4zu","pubkey":"frontvalconspub1zcjduepqtagushp3v7nd7e8v70w9rwyw4en0m2lt5m83ytl4h52xevpywlysr795lm","value":{"denom":"front","amount":"1000000000000"}}}],"fee":{"amount":[],"gas":"200000"},"signatures":[{"pub_key":{"type":"tendermint/PubKeySecp256k1","value":"ApUjtjeIfk0gO2V9b/TeWkr0230+NWq//ul16+DW+Pqw"},"signature":"BoOjYjouydPQncTFDhTgAMqi7Fq+AoWt85+5+fTo1MEXeTBS8PC07i69AggwBdevq/XKfAh+Qbps7cGIOdiAhA=="}],"memo":"4f49e4209199dce82fdbf87e3f3d8aa5440db8b0@46.161.38.89:26656"}}
