{"type":"cosmos-sdk/StdTx","value":{"msg":[{"type":"cosmos-sdk/MsgCreateValidator","value":{"description":{"moniker":"my_node","identity":"","website":"","security_contact":"","details":""},"commission":{"rate":"0.100000000000000000","max_rate":"0.200000000000000000","max_change_rate":"0.010000000000000000"},"min_self_delegation":"1","delegator_address":"front172830hgeh5vgp5szux0rfy6cgnupnyhhla03mk","validator_address":"frontvaloper172830hgeh5vgp5szux0rfy6cgnupnyhhtjaljx","pubkey":"frontvalconspub1zcjduepqmvksjqtguq8qc2n8vqh22zxu75vl9lpl2zhm8k7kpkrj3watnkqsptrzw8","value":{"denom":"front","amount":"1000000000000"}}}],"fee":{"amount":[],"gas":"200000"},"signatures":[{"pub_key":{"type":"tendermint/PubKeySecp256k1","value":"A3U+z+UIthYnT7RgXkW151wzgpMDxLUA5PAbwSyOzYjL"},"signature":"qzf+e7Zp4iJ9TirXpxJLzBWM+exKaOSBvRg4N7dFqdwfmx4Z3XgrfIl0VUq/tqhpFH4pRsRMCSP1gkhlhFzFVQ=="}],"memo":"03490107db00d165328e3dcabf766a0721149d95@192.168.1.19:26656"}}
