{"type":"cosmos-sdk/StdTx","value":{"msg":[{"type":"cosmos-sdk/MsgCreateValidator","value":{"description":{"moniker":"Jurijs757","identity":"","website":"","security_contact":"","details":""},"commission":{"rate":"0.100000000000000000","max_rate":"0.200000000000000000","max_change_rate":"0.010000000000000000"},"min_self_delegation":"1","delegator_address":"front10xd6jqhudezhqmpx2zmatcaz7f5cuevh5x4cje","validator_address":"frontvaloper10xd6jqhudezhqmpx2zmatcaz7f5cuevhqf8kmf","pubkey":"frontvalconspub1zcjduepqrjjfxxv8c5s0g7mj52dwx2g7xv4q200zjgmvmy2asz3nwqh0snhshr259m","value":{"denom":"front","amount":"1000000000000"}}}],"fee":{"amount":[],"gas":"200000"},"signatures":[{"pub_key":{"type":"tendermint/PubKeySecp256k1","value":"AifwE2nIHfzTmWdfn0AU/T9+YhNGNsdPgu6reKBN7aLJ"},"signature":"RdOt7yhtfY/m5Qke0SF24TF4VGONBn+nTsoUtEOqevRbuTjlrEHIFJE/tRSzhwQF8NBTMgIkYesPrSYDM3O7Fg=="}],"memo":"3f0d9cb208211a89b879693662e5eeeb29ac4b13@95.179.181.194:26656"}}
