{"type":"cosmos-sdk/StdTx","value":{"msg":[{"type":"cosmos-sdk/MsgCreateValidator","value":{"description":{"moniker":"Muhsin","identity":"","website":"","security_contact":"","details":""},"commission":{"rate":"0.100000000000000000","max_rate":"0.200000000000000000","max_change_rate":"0.010000000000000000"},"min_self_delegation":"1","delegator_address":"front186ztqschsum3w2lgztepd3jx3mgwnvdzh4c7uz","validator_address":"frontvaloper186ztqschsum3w2lgztepd3jx3mgwnvdzr62s4j","pubkey":"frontvalconspub1zcjduepqup4885au38wpjp5vfqxr6yyc6sqa432yg6knc5cj3ccx4mgrewussrmtj7","value":{"denom":"front","amount":"1000000000000"}}}],"fee":{"amount":[],"gas":"200000"},"signatures":[{"pub_key":{"type":"tendermint/PubKeySecp256k1","value":"A3PT7ZwoiKXMKyf1byqHfULfglHGKu3ksL+2TjolJQ1F"},"signature":"rEhfw9aPiinDnTMAkNg7CsuCkbyQvjwtaf6Lu9Vtz5xfaXQlYFl3Iztf9dBlmKYe8nDU2ds7oFa/cy4cn9bgzw=="}],"memo":"1ba6c04f46109287c97100596eebbd5630132573@188.225.33.184:26656"}}
