{"type":"cosmos-sdk/StdTx","value":{"msg":[{"type":"cosmos-sdk/MsgCreateValidator","value":{"description":{"moniker":"mustafaxos38","identity":"","website":"","security_contact":"","details":""},"commission":{"rate":"0.100000000000000000","max_rate":"0.200000000000000000","max_change_rate":"0.010000000000000000"},"min_self_delegation":"1","delegator_address":"front1q7stgtj3zfdv0ffta7se4uj2j0udgsdw8fd4sl","validator_address":"frontvaloper1q7stgtj3zfdv0ffta7se4uj2j0udgsdwnxlme0","pubkey":"frontvalconspub1zcjduepqqvkt3pcgr0xspe6u5flnw75snt080xp0tyn25z57essvhzt0lzjsfmm88j","value":{"denom":"front","amount":"1000000000000"}}}],"fee":{"amount":[],"gas":"200000"},"signatures":[{"pub_key":{"type":"tendermint/PubKeySecp256k1","value":"Av01IMYV5CStgdDtRNdn30O0yad7gGwHxpRhT/j9m8jy"},"signature":"egmBehjsvSQCH/FOTQl61MLGNX6sRi5mJXYhh2qK1FEXIHquLNIHxksFNK7n6XZrrTkv05w1HiPstG96lamGtg=="}],"memo":"3660fc9f7dc21558765c0c4d1c8ac4a62dd58e2d@167.99.244.145:26656"}}
