{"type":"cosmos-sdk/StdTx","value":{"msg":[{"type":"cosmos-sdk/MsgCreateValidator","value":{"description":{"moniker":"cyberomanov","identity":"","website":"","security_contact":"","details":""},"commission":{"rate":"0.100000000000000000","max_rate":"0.200000000000000000","max_change_rate":"0.010000000000000000"},"min_self_delegation":"1","delegator_address":"front1uurq9udx58pzm4gyshwpzw43ffgyccj6sg40wf","validator_address":"frontvaloper1uurq9udx58pzm4gyshwpzw43ffgyccj6y88p8e","pubkey":"frontvalconspub1zcjduepqj95gampste2jq8yqq04yshmdnc0mx06rf99lthycjkh27afva30qqd4lfw","value":{"denom":"front","amount":"1000000000000"}}}],"fee":{"amount":[],"gas":"200000"},"signatures":[{"pub_key":{"type":"tendermint/PubKeySecp256k1","value":"A6EMUtw5xunRY4MHKcc4ak4GleEliSBwffoOpqn4nuR9"},"signature":"4MTinuebHcbHK2YTgtsRDANhrt/F1wKCf+sdYwgdGcc4GK8m5Y9YT5KCNz4x6ZWX4yAGloY4IBRNw3kOmTjubw=="}],"memo":"094d7faf18d3fd3fbf8bbed740ffe578ae1c60e4@195.2.78.153:26656"}}
