{"type":"cosmos-sdk/StdTx","value":{"msg":[{"type":"cosmos-sdk/MsgCreateValidator","value":{"description":{"moniker":"CALISTA","identity":"","website":"","security_contact":"","details":""},"commission":{"rate":"0.100000000000000000","max_rate":"0.200000000000000000","max_change_rate":"0.010000000000000000"},"min_self_delegation":"1","delegator_address":"front190m32dfe2nutv20tsfm6qcr2z03mt7xfkw2q8g","validator_address":"frontvaloper190m32dfe2nutv20tsfm6qcr2z03mt7xfzpcwwc","pubkey":"frontvalconspub1zcjduepqx45axmce8js9h6mx9g95wgv8246d2f7kd2zzl09ypsrn93rjgf0qxth4wf","value":{"denom":"front","amount":"1000000000000"}}}],"fee":{"amount":[],"gas":"200000"},"signatures":[{"pub_key":{"type":"tendermint/PubKeySecp256k1","value":"AnpMgSnANiLbTlJ85XA4YFvGEy5JSWisMHbTglG4yx96"},"signature":"clvg8VR2YuJDhhOUmkKAtOxjO15OrBBwM+5hATZ9tSZOkmmpd9n6pu6rTikZCDb0vYSgGOSgSWSCRQJFq//21g=="}],"memo":"410231b03c76417571d72a81a6e909b3f8cdac00@89.105.213.35:26656"}}
