{"type":"cosmos-sdk/StdTx","value":{"msg":[{"type":"cosmos-sdk/MsgCreateValidator","value":{"description":{"moniker":"jack2003jack","identity":"","website":"","security_contact":"","details":""},"commission":{"rate":"0.100000000000000000","max_rate":"0.200000000000000000","max_change_rate":"0.010000000000000000"},"min_self_delegation":"1","delegator_address":"front1npz5ez4vjp6x4gr5j67ndczfm8fz63lpdvm32n","validator_address":"frontvaloper1npz5ez4vjp6x4gr5j67ndczfm8fz63lperflrr","pubkey":"frontvalconspub1zcjduepq2dpyyc6hyzlzfs39ed0td2ulfmue8g72nd6kqnjfmm5l2ch7cpkq7ug999","value":{"denom":"front","amount":"1000000000000"}}}],"fee":{"amount":[],"gas":"200000"},"signatures":[{"pub_key":{"type":"tendermint/PubKeySecp256k1","value":"AoXxxH6fbvOmOxD+sLTzC8NGfgI2tJc0Ed2+ERyf/zZ6"},"signature":"OVKtMLAaOjvOtS0RvvRFyEs39k2tidLrba240FDRql1lmElUQczPfvgWdTRtT3lxtYw0ZnmYV41H80ai1Ydfww=="}],"memo":"0f84d381481e315372270e4c52e648ef624649f0@136.244.92.168:26656"}}
