{"type":"cosmos-sdk/StdTx","value":{"msg":[{"type":"cosmos-sdk/MsgCreateValidator","value":{"description":{"moniker":"walker78582","identity":"","website":"","security_contact":"","details":""},"commission":{"rate":"0.100000000000000000","max_rate":"0.200000000000000000","max_change_rate":"0.010000000000000000"},"min_self_delegation":"1","delegator_address":"front1v2pr444re2wcgzzyd4tt4r3m23yjwgf4mdrlur","validator_address":"frontvaloper1v2pr444re2wcgzzyd4tt4r3m23yjwgf40z334n","pubkey":"frontvalconspub1zcjduepqhavgpw9jahpfuux4jywjylpmv2y7l4te0lqed6neeekf62h53x5s4rlwej","value":{"denom":"front","amount":"1000000000000"}}}],"fee":{"amount":[],"gas":"200000"},"signatures":[{"pub_key":{"type":"tendermint/PubKeySecp256k1","value":"Avllmi2hlCViZY0o1NMGPnXeg8jWZEGtjNaSunWypUXe"},"signature":"aftyVhpdmQq6a1ZVcpqxXFIyQmbgzzSjceEgdj3gTGA7/XnWzXpW9nPRuR96ABGM5jVMhQdZNhf3iqxrNo/I3Q=="}],"memo":"2aa941ae32cbf45993cc27592ead212dc58c2fe5@104.236.204.143:26656"}}
