{"type":"cosmos-sdk/StdTx","value":{"msg":[{"type":"cosmos-sdk/MsgCreateValidator","value":{"description":{"moniker":"my_node","identity":"","website":"","security_contact":"","details":""},"commission":{"rate":"0.100000000000000000","max_rate":"0.200000000000000000","max_change_rate":"0.010000000000000000"},"min_self_delegation":"1","delegator_address":"front1njl68hg9slu9hyrwcxjd3gcgqc8kmn275v440j","validator_address":"frontvaloper1njl68hg9slu9hyrwcxjd3gcgqc8kmn27qr8mxz","pubkey":"frontvalconspub1zcjduepqjfh7an43nl2sjykcf6jvssfsw3fs883l83unku58ln2wj2fvtpqqc3lvhw","value":{"denom":"front","amount":"1000000000000"}}}],"fee":{"amount":[],"gas":"200000"},"signatures":[{"pub_key":{"type":"tendermint/PubKeySecp256k1","value":"A+qS3ppu1NqBpyfdfOlnW9wH7BW+aYab3MTtSfJmIaN9"},"signature":"erElVgaSVTymV2oDf8kqGJgKcueRGRyL1HmZZB4U0TYLpxeGebpltEhSRdXNn891DmQG7UBGo/JRtkE7k29Nug=="}],"memo":"14a65009a0654e1ed7b7e31602cb7e9580741319@172.26.4.221:26656"}}
