{"type":"cosmos-sdk/StdTx","value":{"msg":[{"type":"cosmos-sdk/MsgCreateValidator","value":{"description":{"moniker":"maiorova666","identity":"","website":"","security_contact":"","details":""},"commission":{"rate":"0.100000000000000000","max_rate":"0.200000000000000000","max_change_rate":"0.010000000000000000"},"min_self_delegation":"1","delegator_address":"front1zmp0wfqeyr9xyhret6ye470ek2pq5w65l28z76","validator_address":"frontvaloper1zmp0wfqeyr9xyhret6ye470ek2pq5w65t94vh2","pubkey":"frontvalconspub1zcjduepqlp75u9kv7m8s6q3sn5y8qfuajr2qpzwr2afek9snwvgzfz9aprxs8d6dm2","value":{"denom":"front","amount":"1000000000000"}}}],"fee":{"amount":[],"gas":"200000"},"signatures":[{"pub_key":{"type":"tendermint/PubKeySecp256k1","value":"As2QMQhcdvZqhp7d936Og2sBk5NkdsaC1F7Yueh/2xTF"},"signature":"92f/mHLyc2QDyd1xLYfanefc4J5QUE8dZtxhZvyrYFFVJzNASJY6KpfijMqOMMIiRUVAcznOQqMpt4I7f5RcqQ=="}],"memo":"1cfa3b2a01281a0009dfaa459ce413f317cb6303@78.47.168.8:26656"}}
