{"type":"cosmos-sdk/StdTx","value":{"msg":[{"type":"cosmos-sdk/MsgCreateValidator","value":{"description":{"moniker":"witten","identity":"","website":"","security_contact":"","details":""},"commission":{"rate":"0.100000000000000000","max_rate":"0.200000000000000000","max_change_rate":"0.010000000000000000"},"min_self_delegation":"1","delegator_address":"front14yp0fsunusjgy3kp2q4x9lhcwerhkxu03j26ch","validator_address":"frontvaloper14yp0fsunusjgy3kp2q4x9lhcwerhkxu09ac538","pubkey":"frontvalconspub1zcjduepqrp3pk7xq33hyknm003s0xmej3yhvafzqearf8x7a4hrnw0hzwvxsee6d7w","value":{"denom":"front","amount":"1000000000000"}}}],"fee":{"amount":[],"gas":"200000"},"signatures":[{"pub_key":{"type":"tendermint/PubKeySecp256k1","value":"A4pIENKQ225cNBDu2DrFIF9mf1RhAOC9LRwd584b1Zi0"},"signature":"GNAKxl3H8gUaFLPi0aZb8SuY5Y00Hh0SPxZ1SXR989lX3DqpTF2V/Yr6HJ07vz4l2e3yL/hYeDNtKc0AU49Hlg=="}],"memo":"533337c30802d9ec3bc51abd9ddb9e743eb67ae2@161.35.1.229:26656"}}
