{"type":"cosmos-sdk/StdTx","value":{"msg":[{"type":"cosmos-sdk/MsgCreateValidator","value":{"description":{"moniker":"my_node","identity":"","website":"","security_contact":"","details":""},"commission":{"rate":"0.100000000000000000","max_rate":"0.200000000000000000","max_change_rate":"0.010000000000000000"},"min_self_delegation":"1","delegator_address":"front1rzld4t96x3vgzf2mj0wnh2xds0rcp34aartjq6","validator_address":"frontvaloper1rzld4t96x3vgzf2mj0wnh2xds0rcp34afveuf2","pubkey":"frontvalconspub1zcjduepq7nk99547f58j7k2dtudx6av82ven3g63awfjmcpqk6f4s9h7x7vqtqar46","value":{"denom":"front","amount":"1000000000000"}}}],"fee":{"amount":[],"gas":"200000"},"signatures":[{"pub_key":{"type":"tendermint/PubKeySecp256k1","value":"AkcrNa97mcKEEWdhQFSspmLIBTmgD0ulj/YYV5O44rlX"},"signature":"Ijv5gP6EWbGQGfFnG8SPUm/EEpluolZNtW4UGZ8hAu5x/ZKdgYwVqJ8rZI9a5KRE3ezSzAlUX5r0JIVB/LM5Wg=="}],"memo":"13b309fecf4fffe4de194621bdb4a8e92bee6436@192.168.0.102:26656"}}
