{"type":"cosmos-sdk/StdTx","value":{"msg":[{"type":"cosmos-sdk/MsgCreateValidator","value" :{"description":{"moniker":"samso","identity":"","website":"","security_contact":"","detai ls":""},"commission":{"rate":"0.100000000000000000","max_rate":"0.200000000000000000","max _change_rate":"0.010000000000000000"},"min_self_delegation":"1","delegator_address":"front 1ks5z9uppy99yktkcteqmf2m5rwdyy6wwy4ccct","validator_address":"frontvaloper1ks5z9uppy99yktk cteqmf2m5rwdyy6wws62k3m","pubkey":"frontvalconspub1zcjduepqu3d27js9t2rkyxc6h4mtey0u0t3zxme px9dpdc5sv69f9a56f4gqdvxs3w","value":{"denom":"front","amount":"1000000000000"}}}],"fee":{ "amount":[],"gas":"200000"},"signatures":[{"pub_key":{"type":"tendermint/PubKeySecp256k1", "value":"A2PG8gysVRdRwHdqDNIkmXV2uQcJM5S0LcciOAPzhsVU"},"signature":"DsA/LWuLMQ3waiRTRhDwZ wzlbyfakRhESSyZ9kocCYUvkkj9l+EBwe3D48EgBWEUKuFW2p1icaE5R8DXLaDDXw=="}],"memo":"1989f335bc8 d2b00774f739561f45e01921da864@157.90.160.249:26656"}}
