{"type":"cosmos-sdk/StdTx","value":{"msg":[{"type":"cosmos-sdk/MsgCreateValidator","value":{"description":{"moniker":"cryptoslavik","identity":"","website":"","security_contact":"","details":""},"commission":{"rate":"0.100000000000000000","max_rate":"0.200000000000000000","max_change_rate":"0.010000000000000000"},"min_self_delegation":"1","delegator_address":"front1ugtj9e02xq2m2sntqfj38u4ka77hwruqtqc55k","validator_address":"frontvaloper1ugtj9e02xq2m2sntqfj38u4ka77hwruql026ax","pubkey":"frontvalconspub1zcjduepq7rw27ys7ajpnu753g8fwuvr35curz3jsrsyrq3r4hj806pcadluqxazen5","value":{"denom":"front","amount":"1000000000000"}}}],"fee":{"amount":[],"gas":"200000"},"signatures":[{"pub_key":{"type":"tendermint/PubKeySecp256k1","value":"Ag+gpvpAqJIZJ1MqYB1Xe19Yt0xDjeD5hZ0A29cEY+W8"},"signature":"lW67rgm/KXSZtMwY0zKl57GA91P+SSEesgzgbBK4rdo27fIBu+rsuybQKJO1cGvNTnqY/odYY8rGhabPTvUSLQ=="}],"memo":"296413f0fd48d50e9b807cf15b353b66b5090ca1@135.181.196.152:26656"}}
