{"type":"cosmos-sdk/StdTx","value":{"msg":[{"type":"cosmos-sdk/MsgCreateValidator","value":{"description":{"moniker":"my_node","identity":"","website":"","security_contact":"","details":""},"commission":{"rate":"0.100000000000000000","max_rate":"0.200000000000000000","max_change_rate":"0.010000000000000000"},"min_self_delegation":"1","delegator_address":"front1gdtlz27py3mrfzrc62gkecwtfe00754awp3vze","validator_address":"frontvaloper1gdtlz27py3mrfzrc62gkecwtfe00754a6wrztf","pubkey":"frontvalconspub1zcjduepqpcu2vjs2vnezzd95z5ensu9alrfhl3qmyutqwy9gucmrq3yzf9lsfqejmc","value":{"denom":"front","amount":"1000000000000"}}}],"fee":{"amount":[],"gas":"200000"},"signatures":[{"pub_key":{"type":"tendermint/PubKeySecp256k1","value":"AoAkGCAgI3MP/8ncH8BP9IzEbC3lNKxzy4837CtkfBLe"},"signature":"nE5cFg2opxFXyJZL5GQEQzuG83gWKqcGWYkTgpSgY1QHN0BTJop6m954eEpjWpaHBM1vnizEYdX9JlEY7mt9bw=="}],"memo":"1671434fa689709abd6f82937ff44d1bd11fa57c@134.209.87.228:26656"}}
