{"type":"cosmos-sdk/StdTx","value":{"msg":[{"type":"cosmos-sdk/MsgCreateValidator","value":{"description":{"moniker":"avatarmamba","identity":"","website":"","security_contact":"","details":""},"commission":{"rate":"0.100000000000000000","max_rate":"0.200000000000000000","max_change_rate":"0.010000000000000000"},"min_self_delegation":"1","delegator_address":"front17995wk65al9s4g398p73nqrkrgzsz5yjvcwnty","validator_address":"frontvaloper17995wk65al9s4g398p73nqrkrgzsz5yjchuaz5","pubkey":"frontvalconspub1zcjduepqehe4raunjtv43exds69lr5zgrlth3y0ra8f7g2t2tfxkdg9vc5vq3u3vju","value":{"denom":"front","amount":"1000000000000"}}}],"fee":{"amount":[],"gas":"200000"},"signatures":[{"pub_key":{"type":"tendermint/PubKeySecp256k1","value":"ApAfHKnKwcqUb0K7VY/Luj0zC1EPV7w5rif4pE4/2/vb"},"signature":"H6vydaMs+Rr2G9yjAiB2y0Ad5OIktn7f2GTsjl6trBEahuykm66J2me9jhYH28P5b7ziqpBztHyX9aEbvZNDaw=="}],"memo":"2357b4235080f1c2d294baa2a6bf24b764cc2fa1@95.142.45.122:26656"}}
