{"type":"cosmos-sdk/StdTx","value":{"msg":[{"type":"cosmos-sdk/MsgCreateValidator","value":{"description":{"moniker":"equiknoxxc","identity":"","website":"","security_contact":"","details":""},"commission":{"rate":"0.100000000000000000","max_rate":"0.200000000000000000","max_change_rate":"0.010000000000000000"},"min_self_delegation":"1","delegator_address":"front13pk9rdlwj7h7xr4r87mcu0sg2e6sajgspxux4f","validator_address":"frontvaloper13pk9rdlwj7h7xr4r87mcu0sg2e6sajgs4fwgue","pubkey":"frontvalconspub1zcjduepqswq9cx0q6d4c82zak324n0knqrj8dvvjr3zlg5meljyvxus2whpqw524kd","value":{"denom":"front","amount":"1000000000000"}}}],"fee":{"amount":[],"gas":"200000"},"signatures":[{"pub_key":{"type":"tendermint/PubKeySecp256k1","value":"Ao1O94/OkkT7pFXvXjQhlXLVwdc3ZSHnSkdgrjkiYyMC"},"signature":"vK9asRp5evqtvErbMHizsp7Hz22ldcAEKYyRNO4JGhwVSUM8VAnKvuEBUX+Kc29iSiHbClAiCBp0yTCE6EkIRA=="}],"memo":"23fc121e7c1d8abdb41ec11189d03fc2ee3516bf@138.201.135.79:26656"}}
