{"type":"cosmos-sdk/StdTx","value":{"msg":[{"type":"cosmos-sdk/MsgCreateValidator","value":{"description":{"moniker":"FNODELT","identity":"","website":"","security_contact":"","details":""},"commission":{"rate":"0.100000000000000000","max_rate":"0.200000000000000000","max_change_rate":"0.010000000000000000"},"min_self_delegation":"1","delegator_address":"front1mjz0264jgln8k08uugtqewnmmmtt9tfdnn83aa","validator_address":"frontvaloper1mjz0264jgln8k08uugtqewnmmmtt9tfd8u4l5d","pubkey":"frontvalconspub1zcjduepqz420d9jptf36270myr6vsefddrtgvlw2r34gy44r9n7nrgmh9mmqmhkh4n","value":{"denom":"front","amount":"1000000000000"}}}],"fee":{"amount":[],"gas":"200000"},"signatures":[{"pub_key":{"type":"tendermint/PubKeySecp256k1","value":"A04uCDooAkxs93OfZvRtAh9X6E5sYpICU0og/Lzb/sKB"},"signature":"RWcSAluboz77f8j9s8A/Uw+64a0Kzte53I1EUF8yGeRSts+5SvNrtSH7lzDvalCJeUtNIBdi5RRo6/Us0s/WXA=="}],"memo":"0feed79827917393c06d760aec132601053ad3c7@46.161.38.104:26656"}}
