{"type":"cosmos-sdk/StdTx","value":{"msg":[{"type":"cosmos-sdk/MsgCreateValidator","value":{"description":{"moniker":"landeros","identity":"","website":"","security_contact":"","details":""},"commission":{"rate":"0.100000000000000000","max_rate":"0.200000000000000000","max_change_rate":"0.010000000000000000"},"min_self_delegation":"1","delegator_address":"front1eucp35s9xxcnn98ku60rhxsymh2e3xfxevpf0g","validator_address":"frontvaloper1eucp35s9xxcnn98ku60rhxsymh2e3xfxdrn8xc","pubkey":"frontvalconspub1zcjduepqcd8539k6raez2rlcz7dtpxdrvfa5777qsp6575vhzp2zvj7uvpas7g0ywm","value":{"denom":"front","amount":"1000000000000"}}}],"fee":{"amount":[],"gas":"200000"},"signatures":[{"pub_key":{"type":"tendermint/PubKeySecp256k1","value":"A3EIoEzhHGMJMlZAbAiUCl5gc1oDdCCaV+AmVVbGN+fO"},"signature":"CGpg9Eunn0sYSInUzLmBiyP7IsVoGfO7mWPyDaIjvhZnUTHxJWLAoEeTkxADN5wbaO3N38ycGkU74g/91Wq0hQ=="}],"memo":"587933e5ededbf4d4ebf411cf1cf5cb4188c66f5@10.128.0.24:26656"}}
