{"type":"cosmos-sdk/StdTx","value":{"msg":[{"type":"cosmos-sdk/MsgCreateValidator","value":{"description":{"moniker":"evilcat","identity":"","website":"","security_contact":"","details":""},"commission":{"rate":"0.100000000000000000","max_rate":"0.200000000000000000","max_change_rate":"0.010000000000000000"},"min_self_delegation":"1","delegator_address":"front16gk20vaslcudex6crf7j8d5v8zfhmqf9hxtmu7","validator_address":"frontvaloper16gk20vaslcudex6crf7j8d5v8zfhmqf9rfe44w","pubkey":"frontvalconspub1zcjduepqyang3fugn9ewexc8yap2pn0h7v8jw8xk9lplmu472rtfy9an8lvsaqhgp4","value":{"denom":"front","amount":"1000000000000"}}}],"fee":{"amount":[],"gas":"200000"},"signatures":[{"pub_key":{"type":"tendermint/PubKeySecp256k1","value":"A9JJrqTkVuAODBVXpaf81NJXp1imu18vIK/vdRWJWLcL"},"signature":"exZrJsOtjfvpKH1WHlHo1fdUDHDkjP2OS/RFlrxIFX00bqIi1YYm2KKc8OtMPyTuhoOw1kbQIFegtcv2nnRInA=="}],"memo":"4ac534534a285b578ec650849dfd5b77122dae57@206.189.105.211:26656"}}