{"type":"cosmos-sdk/StdTx","value":{"msg":[{"type":"cosmos-sdk/MsgCreateValidator","value":{"description":{"moniker":"NodesGuru","identity":"","website":"","security_contact":"","details":""},"commission":{"rate":"0.100000000000000000","max_rate":"0.200000000000000000","max_change_rate":"0.010000000000000000"},"min_self_delegation":"1","delegator_address":"front13xxnt24x8m098e7yhw9xj2swxzjeneqjkkv33z","validator_address":"frontvaloper13xxnt24x8m098e7yhw9xj2swxzjeneqjze7lcj","pubkey":"frontvalconspub1zcjduepqmpjwxlsqy7pu7nvg4uvj5htupch62078h63qjj8fv2j9kvkznhwqacefce","value":{"denom":"front","amount":"1000000000000"}}}],"fee":{"amount":[],"gas":"200000"},"signatures":[{"pub_key":{"type":"tendermint/PubKeySecp256k1","value":"A+6r95lVQn8UUtZ22TAbP9BkqBnlu5q10yt8tm/AHBtO"},"signature":"jNkGp4Zm5hHoOkaaAu8HauOh4b+VTYOqvKDH/SEPPpEw3U/GnydRt89xTRj9+ZP6g9YHE0/fKbo/8yEyqKfzSw=="}],"memo":"36b00aeebaf420b564b36c404b58c24b841982a5@167.71.75.102:26656"}}
