{"type":"cosmos-sdk/StdTx","value":{"msg":[{"type":"cosmos-sdk/MsgCreateValidator","value":{"description":{"moniker":"IvantnnovNodeOne","identity":"","website":"","security_contact":"","details":""},"commission":{"rate":"0.100000000000000000","max_rate":"0.200000000000000000","max_change_rate":"0.010000000000000000"},"min_self_delegation":"1","delegator_address":"front1lknx6zeee7svhzfxldlkcfuz3vjtf06js6cudc","validator_address":"frontvaloper1lknx6zeee7svhzfxldlkcfuz3vjtf06jy42jyg","pubkey":"frontvalconspub1zcjduepqpw3rw8g453t00e5cwm5u00mh5u90lpuvsyt2sj768eknlzd00lyqj7wyer","value":{"denom":"front","amount":"1000000000000"}}}],"fee":{"amount":[],"gas":"200000"},"signatures":[{"pub_key":{"type":"tendermint/PubKeySecp256k1","value":"A+Hs/nMlKIiLWdUIAg58i/nRXV5qlbjfwEstCdIK7EF8"},"signature":"ww8CZR1dV5bk3CLefbSZdN9ULa+SUDZE23Op814DRUVp9s5G0ym6uazl7/ze8nDKUng0aoueJPHvbUCD16nEmA=="}],"memo":"1c4cf76ed476f38a3b7238e2ad3f67fadc4c3b27@193.124.118.30:26656"}}
