{"type":"cosmos-sdk/StdTx","value":{"msg":[{"type":"cosmos-sdk/MsgCreateValidator","value":{"description":{"moniker":"gavoan","identity":"","website":"","security_contact":"","details":""},"commission":{"rate":"0.100000000000000000","max_rate":"0.200000000000000000","max_change_rate":"0.010000000000000000"},"min_self_delegation":"1","delegator_address":"front10xaeylt99ppepjwksv78uaqsn4kf9d9nyhn08c","validator_address":"frontvaloper10xaeylt99ppepjwksv78uaqsn4kf9d9nscppwg","pubkey":"frontvalconspub1zcjduepq9dr8m63qp0lagfs4wf3dzpf5gjwy56e7yvddtujqpgzl29l6fkdqazn7va","value":{"denom":"front","amount":"1000000000000"}}}],"fee":{"amount":[],"gas":"200000"},"signatures":[{"pub_key":{"type":"tendermint/PubKeySecp256k1","value":"AzwcGOxKFi+mfeMyzeDBFn54Hx4SDJam5/RaYXwMr0ik"},"signature":"I+51f6/Fvr+xG5WJHuj8guUj4O+6/WpoijFdP1KvAJERDeDsxchgSt7jrpKd2ByduIR0PpHb/8Xp8IsmPVJOzg=="}],"memo":"4a155c0da140ca5800b55120c8ace3d38206c039@136.244.90.94:26656"}}
