{"type":"cosmos-sdk/StdTx","value":{"msg":[{"type":"cosmos-sdk/MsgCreateValidator","value":{"description":{"moniker":"zmplr","identity":"","website":"","security_contact":"","details":""},"commission":{"rate":"0.100000000000000000","max_rate":"0.200000000000000000","max_change_rate":"0.010000000000000000"},"min_self_delegation":"1","delegator_address":"front1rmqmjkl0e3dgxk7x4ls7385n6rmdcpc5uj20g9","validator_address":"frontvaloper1rmqmjkl0e3dgxk7x4ls7385n6rmdcpc5gacpp4","pubkey":"frontvalconspub1zcjduepq743a986ulkzsw4uksx0z40dx6lp8panhgkea2y0xuw8gg3h9yh4s3u8893","value":{"denom":"front","amount":"1000000000000"}}}],"fee":{"amount":[],"gas":"200000"},"signatures":[{"pub_key":{"type":"tendermint/PubKeySecp256k1","value":"Ax7qhoIrtpDUaeF2jLJnrN0GZgHj40VCjx6OJeT4GPXJ"},"signature":"Tqtil4ahjcd3Hti+ccDO9skgyZYgP0jbqeY9Nz72eTw+nWiEGnxRII3jZioRsWXL7uEBNbe5zUn1I0wkqhc0Gw=="}],"memo":"4fbcf47f651e0dc08b60728bde1d2b546fda31fa@88.99.35.245:26656"}}
