{"type":"cosmos-sdk/StdTx","value":{"msg":[{"type":"cosmos-sdk/MsgCreateValidator","value":{"description":{"moniker":"monochrome9","identity":"","website":"","security_contact":"","details":""},"commission":{"rate":"0.100000000000000000","max_rate":"0.200000000000000000","max_change_rate":"0.010000000000000000"},"min_self_delegation":"1","delegator_address":"front1whlvhmgfqv70nuuh5vt4e6cyw2d3scfp22h6hn","validator_address":"frontvaloper1whlvhmgfqv70nuuh5vt4e6cyw2d3scfp79957r","pubkey":"frontvalconspub1zcjduepqx9xep9v7rx68p7ekshfhws82ywdfgaet0argr0ewtef5ylf4j9hqntpnyt","value":{"denom":"front","amount":"1000000000000"}}}],"fee":{"amount":[],"gas":"200000"},"signatures":[{"pub_key":{"type":"tendermint/PubKeySecp256k1","value":"ArjrIt3EtYegShYD6C6NcqPyEP56EkZf8V62qUdP6cqG"},"signature":"ogfvWSiTTSQ8tuGJEBa7EOmhqn2/JT9ZPtYPVoUUBptS2QblX63kvrGvx6NyF0425GqdFQ3rLF7bYQakRH96yQ=="}],"memo":"27cd9422222eaad13873e8f0336331d07e2220d7@195.2.85.234:26656"}}
