{"type":"cosmos-sdk/StdTx","value":{"msg":[{"type":"cosmos-sdk/MsgCreateValidator","value":{"description":{"moniker":"Newba","identity":"","website":"","security_contact":"","details":""},"commission":{"rate":"0.100000000000000000","max_rate":"0.200000000000000000","max_change_rate":"0.010000000000000000"},"min_self_delegation":"1","delegator_address":"front1vn3jsgynsp6aws9vy98mxe4vfw04dq2qdqccc3","validator_address":"frontvaloper1vn3jsgynsp6aws9vy98mxe4vfw04dq2qe02k3p","pubkey":"frontvalconspub1zcjduepqxm6ymhu0zwkc33r8ncc78jz7vj04nkjmnyjwj9klw0j3k79ke5yqhpc4p8","value":{"denom":"front","amount":"1000000000000"}}}],"fee":{"amount":[],"gas":"200000"},"signatures":[{"pub_key":{"type":"tendermint/PubKeySecp256k1","value":"A7luNUAaHHBTNuuWUTJ0C9eqMJVYWTcPawgU/xacUMuC"},"signature":"nr23cWru+goC81APiFJdOgRF9n1MWJRWZ1mjFIRIGBAe8ZT4MUIJ5dWzQFJMBkt2zvAxOnzp8kaeUqsbGpUmsw=="}],"memo":"390b31e6b326d4af0d2450fdea5c7c9eac472a12@143.110.209.46:26656"}}
