{"type":"cosmos-sdk/StdTx","value":{"msg":[{"type":"cosmos-sdk/MsgCreateValidator","value":{"description":{"moniker":"bugfrontier","identity":"","website":"","security_contact":"","details":""},"commission":{"rate":"0.100000000000000000","max_rate":"0.200000000000000000","max_change_rate":"0.010000000000000000"},"min_self_delegation":"1","delegator_address":"front1hrwfxqv7eqd280nmnmludkft2jx4h9556maj9t","validator_address":"frontvaloper1hrwfxqv7eqd280nmnmludkft2jx4h955w50uvm","pubkey":"frontvalconspub1zcjduepqkgems5wkjm59csel0a0m2xaftefllmhmq9w4l6rl7gz8z8cszyxsumxx0z","value":{"denom":"front","amount":"1000000000000"}}}],"fee":{"amount":[],"gas":"200000"},"signatures":[{"pub_key":{"type":"tendermint/PubKeySecp256k1","value":"Al9jdCdxBQ8HgqW8EpUIVHpaAfXzv+vxtsur6gwnbJo9"},"signature":"Vtgw6ydxAZSCLezrqK2+0Z9E0Eqik1yYGijk2i8IBadY5hwJyHLzMSX8m+kwT8f4EfPFkazAHvPERw/8jBJUgA=="}],"memo":"1d7f8601b124ed91f92fac183ea59eda0ec3cc1c@135.181.251.66:26656"}}
