{"type":"cosmos-sdk/StdTx","value":{"msg":[{"type":"cosmos-sdk/MsgCreateValidator","value":{"description":{"moniker":"Nodesinvest","identity":"","website":"","security_contact":"","details":""},"commission":{"rate":"0.100000000000000000","max_rate":"0.200000000000000000","max_change_rate":"0.010000000000000000"},"min_self_delegation":"1","delegator_address":"front12rjqnf6r97jsw94n7ufdkeltrks0eu0ggczady","validator_address":"frontvaloper12rjqnf6r97jsw94n7ufdkeltrks0eu0guhsny5","pubkey":"frontvalconspub1zcjduepqmu4fcp2dxwgh57ed4el64cf9e4rm59pzehpxjz38ptga32rx6a8q8ewy84","value":{"denom":"front","amount":"1000000000000"}}}],"fee":{"amount":[],"gas":"200000"},"signatures":[{"pub_key":{"type":"tendermint/PubKeySecp256k1","value":"AqmZXgIM00/tF8BKI68OnB1/oU5GrIi5OT/RqZ9jraif"},"signature":"FxIZySEhA3uyPLIZdAa+TQyPd9DgOc+L2Jmij6u0vvJz/idUUGhriA4e3R8abUzrVl16Y1peytn4HcKUVeVdnw=="}],"memo":"39cd202374e7031039fdb4494bf91ec84ff8b90e@185.203.241.116:26656"}}
