{"type":"cosmos-sdk/StdTx","value":{"msg":[{"type":"cosmos-sdk/MsgCreateValidator","value":{"description":{"moniker":"my_node","identity":"","website":"","security_contact":"","details":""},"commission":{"rate":"0.100000000000000000","max_rate":"0.200000000000000000","max_change_rate":"0.010000000000000000"},"min_self_delegation":"1","delegator_address":"front1qdxt0v6lawrvkmda4pm5dp5cn5vp7qnd7r0p2h","validator_address":"frontvaloper1qdxt0v6lawrvkmda4pm5dp5cn5vp7qnd2va0r8","pubkey":"frontvalconspub1zcjduepqj4pmnm859zd9hyzs6eaewhfj3ruqp95qydmql2gekgqd5w0yh95s3ltv4q","value":{"denom":"front","amount":"1000000000000"}}}],"fee":{"amount":[],"gas":"200000"},"signatures":[{"pub_key":{"type":"tendermint/PubKeySecp256k1","value":"AyGo4LqjqAny1TzT2ZsysC6Go45lNNGti7fQjehabY7v"},"signature":"Z0pmPUUh3CM+Cz/2/l6GtDjFth7LCMizMTFSYXwFa5MEwOr4bsfTFPHoEk6qA3vVRC761Vofgp/uXu7qacSFqw=="}],"memo":"091561f1a5bcdb7ffe2581eb9d60375a6dc5ca9c@10.0.2.15:26656"}}
