{"type":"cosmos-sdk/StdTx","value":{"msg":[{"type":"cosmos-sdk/MsgCreateValidator","value":{"description":{"moniker":"my_node","identity":"","website":"","security_contact":"","details":""},"commission":{"rate":"0.100000000000000000","max_rate":"0.200000000000000000","max_change_rate":"0.010000000000000000"},"min_self_delegation":"1","delegator_address":"front1le0wvwa6h7zgx96sy5g7lpjrhngjmn65clkv3w","validator_address":"frontvaloper1le0wvwa6h7zgx96sy5g7lpjrhngjmn65vsyzc7","pubkey":"frontvalconspub1zcjduepq0vsahq07y7vzxaktlcm8rwe3lmesqqnpkf75a4dqshrvxf49ufwsy98juw","value":{"denom":"front","amount":"1000000000000"}}}],"fee":{"amount":[],"gas":"200000"},"signatures":[{"pub_key":{"type":"tendermint/PubKeySecp256k1","value":"A9ahRE8RPAZjSxm66wfzZAcVTCemor5QruSsOeoj5Hq2"},"signature":"IEWgDfnNmm7W++zgDNkA+qB9mqrKXIu1VEiL9tGAiCdKVqb0DKArjQ0tDOhd1WdMnvh+NKyj69GklEvaV5FRAw=="}],"memo":"1a5bfd9f9d78fb29b3c60bf3d43728a786f57c6f@209.126.83.252:26656"}}
