{"type":"cosmos-sdk/StdTx","value":{"msg":[{"type":"cosmos-sdk/MsgCreateValidator","value":{"description":{"moniker":"regitloik","identity":"","website":"","security_contact":"","details":""},"commission":{"rate":"0.100000000000000000","max_rate":"0.200000000000000000","max_change_rate":"0.010000000000000000"},"min_self_delegation":"1","delegator_address":"front1yy59l27h5lqgrz3pt4kne5qtwskrsu3cwu0wke","validator_address":"frontvaloper1yy59l27h5lqgrz3pt4kne5qtwskrsu3c6naqlf","pubkey":"frontvalconspub1zcjduepqkggwfgjnd84pdaf20gml20wpmrwsa05r4xw65t0n2aktu7m90c4sqqnq4a","value":{"denom":"front","amount":"1000000000000"}}}],"fee":{"amount":[],"gas":"200000"},"signatures":[{"pub_key":{"type":"tendermint/PubKeySecp256k1","value":"A1EjHlsPVR93MAAqQ1QqLUP8VmhTZgsbuOqklr3iYhiB"},"signature":"XqNjWFkwwUz1AcqTbZakuOdDNG1yhI3dyGnmkrO3EHAb12EzzR4kYMIOPA2eIYU4cVuOWz+vjFv+XSvOmeb3zQ=="}],"memo":"55379a6508b3c4a2f65d0e4f9cbc9963694813ab@172.31.19.78:26656"}}
