{"type":"cosmos-sdk/StdTx","value":{"msg":[{"type":"cosmos-sdk/MsgCreateValidator","value":{"description":{"moniker":"my_node","identity":"","website":"","security_contact":"","details":""},"commission":{"rate":"0.100000000000000000","max_rate":"0.200000000000000000","max_change_rate":"0.010000000000000000"},"min_self_delegation":"1","delegator_address":"front1jhuz389avzx9nah6d94w0t7ckkq0u4557kg56x","validator_address":"frontvaloper1jhuz389avzx9nah6d94w0t7ckkq0u4552e66nk","pubkey":"frontvalconspub1zcjduepqxdd3fzyals2u8zsesnk3v46az5vr8e3667w07znvvemwrq3x93ts445we0","value":{"denom":"front","amount":"1000000000000"}}}],"fee":{"amount":[],"gas":"200000"},"signatures":[{"pub_key":{"type":"tendermint/PubKeySecp256k1","value":"A/o3Uc3ibjtiAVyz4CkxgL1kaorj5pMq5K5JTQmE6hQs"},"signature":"bhTsWCZnVD9+mVm5HvjDeyww0Tw1LrupBbYKVf/gUwsn/TnzjeanyTQIrw0ZEO+VQk98vd58wRnTLVwIcbnygQ=="}],"memo":"05edd7ed4266d0aa07389ae9188fba9f33c6e9d1@172.31.40.215:26656"}}
