{"type":"cosmos-sdk/StdTx","value":{"msg":[{"type":"cosmos-sdk/MsgCreateValidator","value":{"description":{"moniker":"VIVALDI","identity":"","website":"","security_contact":"","details":""},"commission":{"rate":"0.100000000000000000","max_rate":"0.200000000000000000","max_change_rate":"0.010000000000000000"},"min_self_delegation":"1","delegator_address":"front1pnumss5y35x2035hfuxk5yytsd9k4gupwj3xm5","validator_address":"frontvaloper1pnumss5y35x2035hfuxk5yytsd9k4gup6argjy","pubkey":"frontvalconspub1zcjduepqtnv5yavecgak5e8ssmhn4eat8x45kadehq34umwlexzpml6qycgqrddse8","value":{"denom":"front","amount":"1000000000000"}}}],"fee":{"amount":[],"gas":"200000"},"signatures":[{"pub_key":{"type":"tendermint/PubKeySecp256k1","value":"Ah/D8ZftMdx3aytaE82q5SbL+myL9yi83B/VVP45LHiL"},"signature":"YtOkBWICwdJdCbQ09Q6W0oN+f3ISz5/m673PQw+oCe4ZS+YhsIjhlPo2jtkWFv0ReS6d72LZFT0lzEB2LS5XcA=="}],"memo":"219fe48721926a5f17cb07d104045672b69be534@135.181.144.203:26656"}}
