{"type":"cosmos-sdk/StdTx","value":{"msg":[{"type":"cosmos-sdk/MsgCreateValidator","value":{"description":{"moniker":"my_node","identity":"","website":"","security_contact":"","details":""},"commission":{"rate":"0.100000000000000000","max_rate":"0.200000000000000000","max_change_rate":"0.010000000000000000"},"min_self_delegation":"1","delegator_address":"front186hfk056kgmyf8agqvlls67pydp4mqnl35j38c","validator_address":"frontvaloper186hfk056kgmyf8agqvlls67pydp4mqnl9mqlwg","pubkey":"frontvalconspub1zcjduepqxpedqwru8e4lxhxxxn34jd748tx4ak92sv4h0ft0dp7hxuvjdmjqfl22af","value":{"denom":"front","amount":"1000000000000"}}}],"fee":{"amount":[],"gas":"200000"},"signatures":[{"pub_key":{"type":"tendermint/PubKeySecp256k1","value":"AhOyyImfu4trqRMauGTAHJxTrQU2yVNwqpVDCC9F9i56"},"signature":"qXmG51L5tZ8qNZo2n+w0du34zriBh9sokIom5OSk3O4jgzqBPFkbT6doLDTefvDcC4tRYy68Iv60YIgFl4pv7A=="}],"memo":"109be386a5d784c7f69bd9a7324e6dd087e41aeb@10.16.21.15:26656"}}
