{"type":"cosmos-sdk/StdTx","value":{"msg":[{"type":"cosmos-sdk/MsgCreateValidator","value":{"description":{"moniker":"tiwing10","identity":"","website":"","security_contact":"","details":""},"commission":{"rate":"0.100000000000000000","max_rate":"0.200000000000000000","max_change_rate":"0.010000000000000000"},"min_self_delegation":"1","delegator_address":"front1dtzl3q8samqe0ac30d0xvc0lvrydrw70v0l08d","validator_address":"frontvaloper1dtzl3q8samqe0ac30d0xvc0lvrydrw70cqdpwa","pubkey":"frontvalconspub1zcjduepqysjkwr9r5gj5eu7nl8mt5g3wpyfnmen5gla0gx5z8rees64dx6hq4za5cs","value":{"denom":"front","amount":"1000000000000"}}}],"fee":{"amount":[],"gas":"200000"},"signatures":[{"pub_key":{"type":"tendermint/PubKeySecp256k1","value":"ArXYhmqXk/FgyBCcxkWZjwveGCeLeECfTfjeZS1IG4wt"},"signature":"VDIevAATtcUe6wkUzTbiz4fKTN0S1ONgXj8AZYcDI5FhDi71IMzCEp0z2bLXlR/PxJWdgq77DVBTnjoJB1DcaQ=="}],"memo":"136c121fbdd0de4302ae863bcf1dbeab4f725646@115.200.247.1:26656"}}
