{"type":"cosmos-sdk/StdTx","value":{"msg":[ {"type":"cosmos-sdk/MsgCreateValidator","value":{"description":{"moniker":"my_node","identity":"","website":"","security_contact":"","details":""},"commission":{"rate":"0.100000000000000000","max_rate":"0.200000000000000000","max_change_rate":"0.010000000000000000"},"min_self_delegation":"1","delegator_address":"front1k7khqazpxakljds5sy4em7smtl9l0x4e65dpqk","validator_address":"frontvaloper1k7khqazpxakljds5sy4em7smtl9l0x4ewml0fx","pubkey":"frontvalconspub1zcjduepqec6p77f4ymkesnd9svxy8c3a7kwylqcw3805h3cy8zt2kvqk56fqh9h0jf","value":{"denom":"front","amount":"1000000000000"}}}],"fee":{"amount":[],"gas":"200000"},"signatures":[{"pub_key":{"type":"tendermint/PubKeySecp256k1","value":"AsN/iRJdEkipSshD0BVVV/uYaEuYY4GCQl5ruBcdz9RG"},"signature":"KEh0jASJFlcDeHaOE7DtX7UPbTKyc2KZvHChFzPmA7lZezODEFMyfAAX71yIIKNab+yKpdt9tJ/gSnZXUTqvDQ=="}],"memo":"07335b7f235e9f8048554860ad28a5012cbf5852@75.119.159.145:26656"}}
