{"type":"cosmos-sdk/StdTx","value":{"msg":[{"type":"cosmos-sdk/MsgCreateValidator","value":{"description":{"moniker":"kris","identity":"","website":"","security_contact":"","details":""},"commission":{"rate":"0.100000000000000000","max_rate":"0.200000000000000000","max_change_rate":"0.010000000000000000"},"min_self_delegation":"1","delegator_address":"front1r5ht7jqhjnt06q6tsfc5kdqtxyd9zvljk8yec5","validator_address":"frontvaloper1r5ht7jqhjnt06q6tsfc5kdqtxyd9zvljzgkh3y","pubkey":"frontvalconspub1zcjduepq4gueksfuxxkp6z2jdqgq9f8sd4jnpp2f5w7vlrkraexq85mwhr4qjcv477","value":{"denom":"front","amount":"1000000000000"}}}],"fee":{"amount":[],"gas":"200000"},"signatures":[{"pub_key":{"type":"tendermint/PubKeySecp256k1","value":"AtSwcKGQ+2Wms/2Xeujp4ipgEzEDyKD/peSuhzfBpRbB"},"signature":"PJtSPW6YUW1LD6Nxr1As8TJycR3avarRu4wGLDsf6Mgffui2tKPooW5/kdGK3ySrE5KgsY5yM2BUoEsTz+b9eQ=="}],"memo":"51b543cbd06d5a30345985b22dcecb1c0cafd4ae@10.142.0.2:26656"}}
