{"type":"cosmos-sdk/StdTx","value":{"msg":[{"type":"cosmos-sdk/MsgCreateValidator","value":{"description":{"moniker":"newsound337","identity":"","website":"","security_contact":"","details":""},"commission":{"rate":"0.100000000000000000","max_rate":"0.200000000000000000","max_change_rate":"0.010000000000000000"},"min_self_delegation":"1","delegator_address":"front1r3mtgu5ksfsf50996mg4dgvayje6s6ny486c7g","validator_address":"frontvaloper1r3mtgu5ksfsf50996mg4dgvayje6s6nypggkhc","pubkey":"frontvalconspub1zcjduepqdvcmqvtw9zdl28pqrrfwvu96panadlvp667xex6w639arfjafz9qkkw4fu","value":{"denom":"front","amount":"1000000000000"}}}],"fee":{"amount":[],"gas":"200000"},"signatures":[{"pub_key":{"type":"tendermint/PubKeySecp256k1","value":"AsAZ9C1Bs4CBbXiKf+esnhwKSKzkSGgvFp2tSUbapGyk"},"signature":"PwQabKds78fVhZNNtfBkzOu1BWoCuZJOF7FgrveEkblQZVaygyC85kuxSSBdVwfrAcFZo1DsOKjucffagB7Low=="}],"memo":"4a4ec4d3d57f5ffd8bb647912923eb9045125187@107.175.214.212:26656"}}
