{"type":"cosmos-sdk/StdTx","value":{"msg":[{"type":"cosmos-sdk/MsgCreateValidator","value":{"description":{"moniker":"Svolode","identity":"","website":"","security_contact":"","details":""},"commission":{"rate":"0.100000000000000000","max_rate":"0.200000000000000000","max_change_rate":"0.010000000000000000"},"min_self_delegation":"1","delegator_address":"front18axhyeune6hm6ezrq0g2lwndtrespt4a24epgd","validator_address":"frontvaloper18axhyeune6hm6ezrq0g2lwndtrespt4a76t0pa","pubkey":"frontvalconspub1zcjduepqq095xwp99k8cd3qemzz4mh4kddfptca07p9jqzrkatm2vp9j280snktxnh","value":{"denom":"front","amount":"1000000000000"}}}],"fee":{"amount":[],"gas":"200000"},"signatures":[{"pub_key":{"type":"tendermint/PubKeySecp256k1","value":"Aj1qOc7c7s7cGO9ywBo/DnaQiLwFf8EK1IafS7cfzPAC"},"signature":"roHE+OPsrbYvkqCbsX4Y9bespJNT93r0JM1mlrS8QMtRzVl9C404g1mWWwVCSZ/bO9UwQDw6fFshdztpo2p7LQ=="}],"memo":"2796cac50a9fa125f9e101dbccb5904c37c71a83@104.131.99.149:26656"}}
