{"type":"cosmos-sdk/StdTx","value":{"msg":[{"type":"cosmos-sdk/MsgCreateValidator","value":{"description":{"moniker":"Magent","identity":"","website":"","security_contact":"","details":""},"commission":{"rate":"0.100000000000000000","max_rate":"0.200000000000000000","max_change_rate":"0.010000000000000000"},"min_self_delegation":"1","delegator_address":"front199ay8uz4pg6aesk7pcvw60tp6rlrgkwjpvjdxf","validator_address":"frontvaloper199ay8uz4pg6aesk7pcvw60tp6rlrgkwj4rqr0e","pubkey":"frontvalconspub1zcjduepqvtm6zcj39lfs6jrx86f0esc8m0jdznyvljm77lw5yc5y0ld7tsgsafy6ks","value":{"denom":"front","amount":"1000000000000"}}}],"fee":{"amount":[],"gas":"200000"},"signatures":[{"pub_key":{"type":"tendermint/PubKeySecp256k1","value":"A+15MpOnq/XkonpPyz6iy7cTGtOWyn5H+7ijb1nujaG7"},"signature":"O/wfHwWa4CruI7YagTaofTdhWUok7aE78wa2pugMWFFWE8ARojSHjSs2GvIfbj91RUnV11hIPR6uER2pmiDMgg=="}],"memo":"1f95df390baf336123a42d33cf9f14da8ac757ea@185.230.143.237:26656"}}
