{"type":"cosmos-sdk/StdTx","value":{"msg":[{"type":"cosmos-sdk/MsgCreateValidator","value":{"description":{"moniker":"lff020","identity":"","website":"","security_contact":"","details":""},"commission":{"rate":"0.100000000000000000","max_rate":"0.200000000000000000","max_change_rate":"0.010000000000000000"},"min_self_delegation":"1","delegator_address":"front17g79ewmv9ju9d5n2ph859v49eexhawl6pezg07","validator_address":"frontvaloper17g79ewmv9ju9d5n2ph859v49eexhawl64ksxxw","pubkey":"frontvalconspub1zcjduepq3vzums3hggmh60lt5xm0ajzzvq4my7fjkzenx5da3ajgv7fvwhcqtjwh7f","value":{"denom":"front","amount":"1000000000000"}}}],"fee":{"amount":[],"gas":"200000"},"signatures":[{"pub_key":{"type":"tendermint/PubKeySecp256k1","value":"A12uYxBkglUbntoGyqnLd/Fxlxciz7WXae2uwyvWNXqN"},"signature":"TCmYO4vKsni9lQX4QTlpqNvajrkV1pm7GtYbm3DinaFM+AKsz5uGo3ZCJKJq3YJIwkH9OY/gFrdt9gpkMOJQYg=="}],"memo":"4d99c78303a76fc2c88e9002c888a64dc8a78352@95.179.151.67:26656"}}
