{"type":"cosmos-sdk/StdTx","value":{"msg":[{"type":"cosmos-sdk/MsgCreateValidator","value":{"description":{"moniker":"my_node","identity":"","website":"","security_contact":"","details":""},"commission":{"rate":"0.100000000000000000","max_rate":"0.200000000000000000","max_change_rate":"0.010000000000000000"},"min_self_delegation":"1","delegator_address":"front16pjypt0n2urqsewnc5jce66zv3uzyf9mp273jx","validator_address":"frontvaloper16pjypt0n2urqsewnc5jce66zv3uzyf9m49vlmk","pubkey":"frontvalconspub1zcjduepqjjejyj93p9zdzeu34zzkplsv7g3t437fada2mv5jzju6ueu4g7psjhkt2u","value":{"denom":"front","amount":"1000000000000"}}}],"fee":{"amount":[],"gas":"200000"},"signatures":[{"pub_key":{"type":"tendermint/PubKeySecp256k1","value":"A83HB6RtSxTx+LRjHfvMLJ6BRJohX/lbpPmEWM1fDjUx"},"signature":"GoZ4lBVKCjgXiPfQZ0GsrW+awxd7nNYgD5y7sXFFM/84BD6oaJVR5+WKAr/CCmKUBZInMGZQecFZwLLyMPWR6g=="}],"memo":"35ad85725ca85876a31636a478cc0d88109dc876@192.168.0.79:26656"}}
