{"type":"cosmos-sdk/StdTx","value":{"msg":[{"type":"cosmos-sdk/MsgCreateValidator","value":{"description":{"moniker":"my_node","identity":"","website":"","security_contact":"","details":""},"commission":{"rate":"0.100000000000000000","max_rate":"0.200000000000000000","max_change_rate":"0.010000000000000000"},"min_self_delegation":"1","delegator_address":"front1zdau8rc0jwwg3gxh7g8v9q0x3g96tmwcpg44fc","validator_address":"frontvaloper1zdau8rc0jwwg3gxh7g8v9q0x3g96tmwc488mqg","pubkey":"frontvalconspub1zcjduepqr7h79dta84u9rg4rsk84g7fx8judl08yht7xzgrjwz7tqrmdne4smg43mr","value":{"denom":"front","amount":"1000000000000"}}}],"fee":{"amount":[],"gas":"200000"},"signatures":[{"pub_key":{"type":"tendermint/PubKeySecp256k1","value":"A6/hdLjX8maItgIXb9j6z48WTjmQHNud/2u1EqKjhsfo"},"signature":"eTSQqDisC8AzkjwHOliClqoQv2AZbRC/AMxbrPDtrecBYNeKqkqFaQJPhVQZjcC2c9kZDVAlOhzgFxpDK3DtJg=="}],"memo":"3c5eca33555b6bb5b3d537637132591689d4804d@192.168.230.128:26656"}}
