{"type":"cosmos-sdk/StdTx","value":{"msg":[{"type":"cosmos-sdk/MsgCreateValidator","value":{"description":{"moniker":"my_node","identity":"","website":"","security_contact":"","details":""},"commission":{"rate":"0.100000000000000000","max_rate":"0.200000000000000000","max_change_rate":"0.010000000000000000"},"min_self_delegation":"1","delegator_address":"front186uxyv2uyklnpx72rd7h6c7wvk9vlznfque0ds","validator_address":"frontvaloper186uxyv2uyklnpx72rd7h6c7wvk9vlznf5ntpyq","pubkey":"frontvalconspub1zcjduepqxsavdhp4wrf3u25p4xzclxqyys6cnrh2tuxlhch369e4w5mhep2qjen3xe","value":{"denom":"front","amount":"1000000000000"}}}],"fee":{"amount":[],"gas":"200000"},"signatures":[{"pub_key":{"type":"tendermint/PubKeySecp256k1","value":"Amcf1r4zM+wymSseVpz0L4O9nhcLbB/xCrq8fuq8ykm4"},"signature":"774tcCCxAq/BqvTG8wxW7GA/ajHYZABxXZC96krL9JQGGQ3qUogC/89SeAjrloJxcEliAAU69M1xvy2ZnbQBfg=="}],"memo":"2b8af887d5a7e5304c7216eaa2c9c259c566f1e4@10.0.2.15:26656"}}
