{"type":"cosmos-sdk/StdTx","value":{"msg":[{"type":"cosmos-sdk/MsgCreateValidator","value":{"description":{"moniker":"Tuzem","identity":"4006E2C214ACAA86","website":"","security_contact":"","details":"In Node We Trust"},"commission":{"rate":"0.100000000000000000","max_rate":"0.500000000000000000","max_change_rate":"0.100000000000000000"},"min_self_delegation":"1","delegator_address":"front1lxn8l58h4u22ufqydvzzuvd9slvpd0qvy0pm75","validator_address":"frontvaloper1lxn8l58h4u22ufqydvzzuvd9slvpd0qvsqn4hy","pubkey":"frontvalconspub1zcjduepq3aydm5z7yvq7xa8avwfa7mylmpvdreuhvtpd2eqhk34wxdhnlz2q9d4rcv","value":{"denom":"front","amount":"1000000000000"}}}],"fee":{"amount":[],"gas":"200000"},"signatures":[{"pub_key":{"type":"tendermint/PubKeySecp256k1","value":"A0Qwk55f5vnLEqIleDMQKDVq3nwZF7UZcOD+AjMhZsDj"},"signature":"FGsoSztr97yZHGLx/1iTpOZyga0NZDpvyAudx1uBhSlRFuv3C03HQegGTt9XrgHv0xnYkkRwoIFyBjRSg4N0Fg=="}],"memo":"d513130264a8f12472c3ec361377ac9d0bae9afb@135.181.178.7:26656"}}
