{
  "genesis_time": "2021-04-14T15:00:00Z",
  "chain_id": "frontier-chain-testnet-0-black-mamba",
  "consensus_params": {
    "block": {
      "max_bytes": "22020096",
      "max_gas": "-1",
      "time_iota_ms": "1000"
    },
    "evidence": {
      "max_age_num_blocks": "100000",
      "max_age_duration": "172800000000000"
    },
    "validator": {
      "pub_key_types": [
        "ed25519"
      ]
    }
  },
  "app_hash": "",
  "app_state": {
    "auth": {
      "params": {
        "max_memo_characters": "256",
        "tx_sig_limit": "7",
        "tx_size_cost_per_byte": "10",
        "sig_verify_cost_ed25519": "590",
        "sig_verify_cost_secp256k1": "1000"
      },
      "accounts": [
        {
          "type": "cosmos-sdk/Account",
          "value": {
            "address": "front1qx3ww2stangh3ny3z9nxzw7q6q70qf83nnrjtx",
            "coins": [
              {
                "denom": "front",
                "amount": "80000000000000"
              }
            ],
            "public_key": null,
            "account_number": "0",
            "sequence": "0"
          }
        },
        {
          "type": "cosmos-sdk/Account",
          "value": {
            "address": "front1lqvnueehpagkt0eyvd54t4nq0a8n05wlcglvw2",
            "coins": [
              {
                "denom": "front",
                "amount": "5000000"
              }
            ],
            "public_key": null,
            "account_number": "0",
            "sequence": "0"
          }
        },
        {
          "type": "cosmos-sdk/Account",
          "value": {
            "address": "front1x5wgh6vwye60wv3dtshs9dmqggwfx2ldqln0k9",
            "coins": [
              {
                "denom": "front",
                "amount": "5000000000000"
              }
            ],
            "public_key": null,
            "account_number": "0",
            "sequence": "0"
          }
        },
        {
          "type": "cosmos-sdk/Account",
          "value": {
            "address": "front12rh0c3rsy2quykzfa8hwandjgvr65r75hsst0w",
            "coins": [
              {
                "denom": "front",
                "amount": "10000000000000"
              }
            ],
            "public_key": null,
            "account_number": "0",
            "sequence": "0"
          }
        }
      ]
    },
    "bank": {
      "send_enabled": true
    },
    "evidence": {
      "params": {
        "max_evidence_age": "120000000000"
      },
      "evidence": []
    },
    "staking": {
      "params": {
        "unbonding_time": "1814400000000000",
        "max_validators": 100,
        "max_entries": 7,
        "historical_entries": 0,
        "bond_denom": "front"
      },
      "last_total_power": "0",
      "last_validator_powers": null,
      "validators": null,
      "delegations": null,
      "unbonding_delegations": null,
      "redelegations": null,
      "exported": false
    },
    "distribution": {
      "params": {
        "community_tax": "0.020000000000000000",
        "base_proposer_reward": "0.010000000000000000",
        "bonus_proposer_reward": "0.040000000000000000",
        "withdraw_addr_enabled": true
      },
      "fee_pool": {
        "community_pool": []
      },
      "delegator_withdraw_infos": [],
      "previous_proposer": "",
      "outstanding_rewards": [],
      "validator_accumulated_commissions": [],
      "validator_historical_rewards": [],
      "validator_current_rewards": [],
      "delegator_starting_infos": [],
      "validator_slash_events": []
    },
    "mint": {
      "minter": {
        "inflation": "0.130000000000000000",
        "annual_provisions": "0.000000000000000000"
      },
      "params": {
        "mint_denom": "front",
        "inflation_rate_change": "0.130000000000000000",
        "inflation_max": "0.200000000000000000",
        "inflation_min": "0.070000000000000000",
        "goal_bonded": "0.670000000000000000",
        "blocks_per_year": "6311520"
      }
    },
    "params": null,
    "crisis": {
      "constant_fee": {
        "denom": "front",
        "amount": "1000"
      }
    },
    "supply": {
      "supply": []
    },
    "gov": {
      "starting_proposal_id": "1",
      "deposits": null,
      "votes": null,
      "proposals": null,
      "deposit_params": {
        "min_deposit": [
          {
            "denom": "front",
            "amount": "10000000"
          }
        ],
        "max_deposit_period": "172800000000000"
      },
      "voting_params": {
        "voting_period": "172800000000000"
      },
      "tally_params": {
        "quorum": "0.334000000000000000",
        "threshold": "0.500000000000000000",
        "veto": "0.334000000000000000"
      }
    },
    "genutil": {
      "gentxs": [
        {
          "type": "cosmos-sdk/StdTx",
          "value": {
            "msg": [
              {
                "type": "cosmos-sdk/MsgCreateValidator",
                "value": {
                  "description": {
                    "moniker": "cosmostation",
                    "identity": "",
                    "website": "",
                    "security_contact": "",
                    "details": ""
                  },
                  "commission": {
                    "rate": "0.100000000000000000",
                    "max_rate": "0.200000000000000000",
                    "max_change_rate": "0.010000000000000000"
                  },
                  "min_self_delegation": "1",
                  "delegator_address": "front1x5wgh6vwye60wv3dtshs9dmqggwfx2ldqln0k9",
                  "validator_address": "frontvaloper1x5wgh6vwye60wv3dtshs9dmqggwfx2ld5sppl4",
                  "pubkey": "frontvalconspub1zcjduepqyp7p77k4wvnrdmxsaryzvafwtq05m8sgaxkzyhy3favlwg8c84csenjqqq",
                  "value": {
                    "denom": "front",
                    "amount": "1000000000000"
                  }
                }
              }
            ],
            "fee": {
              "amount": [],
              "gas": "200000"
            },
            "signatures": [
              {
                "pub_key": {
                  "type": "tendermint/PubKeySecp256k1",
                  "value": "AnDGSF7VFQs9VKEceS6cWhfajxh/mmv+Mbu9bCM9BDzK"
                },
                "signature": "tIwHbZVd3qyOMTX4SGWgv6IIHGpAqZv0giyMm74e4C8RX2P+htrlNZLQyf3MZm3FJcOl81QNTTOd1CETMvU+3Q=="
              }
            ],
            "memo": "ebbddd70ba24b278c73f0b664ac04545f4e228f7@192.168.0.91:26656"
          }
        },
        {
          "type": "cosmos-sdk/StdTx",
          "value": {
            "msg": [
              {
                "type": "cosmos-sdk/MsgCreateValidator",
                "value": {
                  "description": {
                    "moniker": "kava-node",
                    "identity": "",
                    "website": "",
                    "security_contact": "",
                    "details": ""
                  },
                  "commission": {
                    "rate": "0.100000000000000000",
                    "max_rate": "0.200000000000000000",
                    "max_change_rate": "0.010000000000000000"
                  },
                  "min_self_delegation": "1",
                  "delegator_address": "front12rh0c3rsy2quykzfa8hwandjgvr65r75hsst0w",
                  "validator_address": "frontvaloper12rh0c3rsy2quykzfa8hwandjgvr65r75rlz9x7",
                  "pubkey": "frontvalconspub1zcjduepqm74dnvnpm8wwwvft7chuyr9juqdkjeqvzx7qa90swqvzss66ktfsjeqqeh",
                  "value": {
                    "denom": "front",
                    "amount": "1000000000000"
                  }
                }
              }
            ],
            "fee": {
              "amount": [],
              "gas": "200000"
            },
            "signatures": [
              {
                "pub_key": {
                  "type": "tendermint/PubKeySecp256k1",
                  "value": "AmUjVc+YsadXs5/4nNmd/ZuWIx0A7QJNLIvgw+b0Xqh2"
                },
                "signature": "tMF9vwKm4sm5lXEBpCbOTrcAgGcUWlnGKg8eZcQcOdA2gTONHiMooZxvjWgpjwgg3WdJ4BpB73ZW5c8lkB7Iew=="
              }
            ],
            "memo": "a6b554f55b619ec07e8ecbb0abc36cce39dcea39@172.31.66.181:26656"
          }
        },
        {
          "type": "cosmos-sdk/StdTx",
          "value": {
            "msg": [
              {
                "type": "cosmos-sdk/MsgCreateValidator",
                "value": {
                  "description": {
                    "moniker": "mynode",
                    "identity": "",
                    "website": "",
                    "security_contact": "",
                    "details": ""
                  },
                  "commission": {
                    "rate": "0.100000000000000000",
                    "max_rate": "0.200000000000000000",
                    "max_change_rate": "0.010000000000000000"
                  },
                  "min_self_delegation": "1",
                  "delegator_address": "front1qx3ww2stangh3ny3z9nxzw7q6q70qf83nnrjtx",
                  "validator_address": "frontvaloper1qx3ww2stangh3ny3z9nxzw7q6q70qf838u3uzk",
                  "pubkey": "frontvalconspub1zcjduepq6jwg3mckfx04wqrn9jevatthh9arvd48q68crzx8tpcx9zc5eqeqc26583",
                  "value": {
                    "denom": "front",
                    "amount": "10000000"
                  }
                }
              }
            ],
            "fee": {
              "amount": [],
              "gas": "200000"
            },
            "signatures": [
              {
                "pub_key": {
                  "type": "tendermint/PubKeySecp256k1",
                  "value": "A9hkk4XOydoFBRgIvUYZVWNN6N5qOLWvpDMQXrKW26iq"
                },
                "signature": "E+DrRoDAFNEKaCX8pvpVUv9p+/XA5KC06Hczj0tqj8lF6O/ooqtIyWjQmfO4wExUn9FxtjdXw3v5ZEuNePlq6Q=="
              }
            ],
            "memo": "695a290405b466d0f7d506e0f65d3266091a1458@192.168.1.12:26656"
          }
        }
      ]
    },
    "slashing": {
      "params": {
        "signed_blocks_window": "100",
        "min_signed_per_window": "0.500000000000000000",
        "downtime_jail_duration": "600000000000",
        "slash_fraction_double_sign": "0.050000000000000000",
        "slash_fraction_downtime": "0.010000000000000000"
      },
      "signing_infos": {},
      "missed_blocks": {}
    }
  }
}