
{"type":"cosmos-sdk/StdTx","value":{"msg":[{"type":"cosmos-sdk/MsgCreateValidator","value":{"description":{"moniker":"oleksa2305","identity":"","website":"","security_contact":"","details":""},"commission":{"rate":"0.100000000000000000","max_rate":"0.200000000000000000","max_change_rate":"0.010000000000000000"},"min_self_delegation":"1","delegator_address":"front1m33uef3pze96lez0625u3zsgqemgyx84upn5lt","validator_address":"frontvaloper1m33uef3pze96lez0625u3zsgqemgyx84gwp6km","pubkey":"frontvalconspub1zcjduepqyrp9muhdsu67afzh4kq0kx4tnkct82m5jg8vlve90rkmhvup0xxs9urfhe","value":{"denom":"front","amount":"1000000000000"}}}],"fee":{"amount":[],"gas":"200000"},"signatures":[{"pub_key":{"type":"tendermint/PubKeySecp256k1","value":"A4aOoJQW6Z+sWH5HlLPmU6dJepKLSWB+rpIwRANUmohF"},"signature":"NApLARCrGgjczJDs1X0bwpzT7JFymGOx9K6O3A/PdVtnA2y6CAOUhFiJbv9KKXuYYPOTi/OHzz1HsxqpxPwhUA=="}],"memo":"c5fffa60ee2574e9d2cf643ace4528d230487afe@94.130.180.104:26656"}}
